episode,sequence,station_id,variable,true_fault,true_type,decision,assessment_status,predicted_type,trust_score,physical_only,isolation_forest_only,full
clean,623,CHD-01,temperature_c,0,clean,likely_genuine,complete,clean,96,0,0,0
clean,623,CHD-01,pressure_hpa,0,clean,likely_genuine,complete,clean,96,0,0,0
clean,623,CHD-01,humidity_pct,0,clean,likely_genuine,complete,clean,86,0,0,0
clean,623,MOH-01,temperature_c,0,clean,likely_genuine,complete,clean,94,0,0,0
clean,623,MOH-01,pressure_hpa,0,clean,likely_genuine,complete,clean,96,0,0,0
clean,623,MOH-01,humidity_pct,0,clean,likely_genuine,complete,clean,95,0,0,0
clean,623,PKL-01,temperature_c,0,clean,likely_genuine,complete,clean,94,0,0,0
clean,623,PKL-01,pressure_hpa,0,clean,likely_genuine,complete,clean,96,0,0,0
clean,623,PKL-01,humidity_pct,0,clean,likely_genuine,complete,clean,90,0,0,0
clean,623,AMB-01,temperature_c,0,clean,likely_genuine,complete,clean,93,0,0,0
clean,623,AMB-01,pressure_hpa,0,clean,likely_genuine,complete,clean,96,0,0,0
clean,623,AMB-01,humidity_pct,0,clean,likely_genuine,complete,clean,69,0,0,0
clean,623,PTA-01,temperature_c,0,clean,likely_genuine,complete,clean,93,0,0,0
clean,623,PTA-01,pressure_hpa,0,clean,likely_genuine,complete,clean,79,0,0,0
clean,623,PTA-01,humidity_pct,0,clean,likely_genuine,complete,clean,95,0,0,0
clean,624,CHD-01,temperature_c,0,clean,likely_genuine,complete,clean,96,0,0,0
clean,624,CHD-01,pressure_hpa,0,clean,likely_genuine,complete,clean,95,0,0,0
clean,624,CHD-01,humidity_pct,0,clean,likely_genuine,complete,clean,88,0,0,0
clean,624,MOH-01,temperature_c,0,clean,likely_genuine,complete,clean,94,0,0,0
clean,624,MOH-01,pressure_hpa,0,clean,likely_genuine,complete,clean,94,0,0,0
clean,624,MOH-01,humidity_pct,0,clean,likely_genuine,complete,clean,75,0,0,0
clean,624,PKL-01,temperature_c,0,clean,likely_genuine,complete,clean,95,0,0,0
clean,624,PKL-01,pressure_hpa,0,clean,likely_genuine,complete,clean,95,0,0,0
clean,624,PKL-01,humidity_pct,0,clean,likely_genuine,complete,clean,93,0,0,0
clean,624,AMB-01,temperature_c,0,clean,likely_genuine,complete,clean,91,0,0,0
clean,624,AMB-01,pressure_hpa,0,clean,likely_genuine,complete,clean,94,0,0,0
clean,624,AMB-01,humidity_pct,0,clean,likely_genuine,complete,clean,65,0,0,0
clean,624,PTA-01,temperature_c,0,clean,likely_genuine,complete,clean,92,0,0,0
clean,624,PTA-01,pressure_hpa,0,clean,likely_genuine,complete,clean,94,0,0,0
clean,624,PTA-01,humidity_pct,0,clean,likely_genuine,complete,clean,77,0,0,0
clean,625,CHD-01,temperature_c,0,clean,likely_genuine,complete,clean,96,0,0,0
clean,625,CHD-01,pressure_hpa,0,clean,likely_genuine,complete,clean,96,0,0,0
clean,625,CHD-01,humidity_pct,0,clean,likely_genuine,complete,clean,93,0,0,0
clean,625,MOH-01,temperature_c,0,clean,likely_genuine,complete,clean,95,0,0,0
clean,625,MOH-01,pressure_hpa,0,clean,likely_genuine,complete,clean,97,0,0,0
clean,625,MOH-01,humidity_pct,0,clean,likely_genuine,complete,clean,83,0,0,0
clean,625,PKL-01,temperature_c,0,clean,likely_genuine,complete,clean,95,0,0,0
clean,625,PKL-01,pressure_hpa,0,clean,likely_genuine,complete,clean,96,0,0,0
clean,625,PKL-01,humidity_pct,0,clean,likely_genuine,complete,clean,87,0,0,0
clean,625,AMB-01,temperature_c,0,clean,likely_genuine,complete,clean,92,0,0,0
clean,625,AMB-01,pressure_hpa,0,clean,likely_genuine,complete,clean,95,0,0,0
clean,625,AMB-01,humidity_pct,0,clean,likely_genuine,complete,clean,71,0,0,0
clean,625,PTA-01,temperature_c,0,clean,likely_genuine,complete,clean,93,0,0,0
clean,625,PTA-01,pressure_hpa,0,clean,likely_genuine,complete,clean,97,0,0,0
clean,625,PTA-01,humidity_pct,0,clean,likely_genuine,complete,clean,88,0,0,0
clean,626,CHD-01,temperature_c,0,clean,likely_genuine,complete,clean,94,0,0,0
clean,626,CHD-01,pressure_hpa,0,clean,likely_genuine,complete,clean,95,0,0,0
clean,626,CHD-01,humidity_pct,0,clean,likely_genuine,complete,clean,90,0,0,0
clean,626,MOH-01,temperature_c,0,clean,likely_genuine,complete,clean,94,0,0,0
clean,626,MOH-01,pressure_hpa,0,clean,likely_genuine,complete,clean,94,0,0,0
clean,626,MOH-01,humidity_pct,0,clean,likely_genuine,complete,clean,89,0,0,0
clean,626,PKL-01,temperature_c,0,clean,likely_genuine,complete,clean,96,0,0,0
clean,626,PKL-01,pressure_hpa,0,clean,likely_genuine,complete,clean,94,0,0,0
clean,626,PKL-01,humidity_pct,0,clean,likely_genuine,complete,clean,89,0,0,0
clean,626,AMB-01,temperature_c,0,clean,likely_genuine,complete,clean,93,0,0,0
clean,626,AMB-01,pressure_hpa,0,clean,likely_genuine,complete,clean,94,0,0,0
clean,626,AMB-01,humidity_pct,0,clean,likely_genuine,complete,clean,81,0,0,0
clean,626,PTA-01,temperature_c,0,clean,likely_genuine,complete,clean,93,0,0,0
clean,626,PTA-01,pressure_hpa,0,clean,likely_genuine,complete,clean,95,0,0,0
clean,626,PTA-01,humidity_pct,0,clean,likely_genuine,complete,clean,92,0,0,0
clean,627,CHD-01,temperature_c,0,clean,likely_genuine,complete,clean,91,0,0,0
clean,627,CHD-01,pressure_hpa,0,clean,likely_genuine,complete,clean,94,0,0,0
clean,627,CHD-01,humidity_pct,0,clean,likely_genuine,complete,clean,93,0,0,0
clean,627,MOH-01,temperature_c,0,clean,likely_genuine,complete,clean,95,0,0,0
clean,627,MOH-01,pressure_hpa,0,clean,likely_genuine,complete,clean,96,0,0,0
clean,627,MOH-01,humidity_pct,0,clean,likely_genuine,complete,clean,91,0,0,0
clean,627,PKL-01,temperature_c,0,clean,likely_genuine,complete,clean,92,0,0,0
clean,627,PKL-01,pressure_hpa,0,clean,likely_genuine,complete,clean,95,0,0,0
clean,627,PKL-01,humidity_pct,0,clean,likely_genuine,complete,clean,93,0,0,0
clean,627,AMB-01,temperature_c,0,clean,likely_genuine,complete,clean,94,0,0,0
clean,627,AMB-01,pressure_hpa,0,clean,likely_genuine,complete,clean,95,0,0,0
clean,627,AMB-01,humidity_pct,0,clean,likely_genuine,complete,clean,90,0,0,0
clean,627,PTA-01,temperature_c,0,clean,likely_genuine,complete,clean,93,0,0,0
clean,627,PTA-01,pressure_hpa,0,clean,likely_genuine,complete,clean,86,0,0,0
clean,627,PTA-01,humidity_pct,0,clean,likely_genuine,complete,clean,92,0,0,0
clean,628,CHD-01,temperature_c,0,clean,likely_genuine,complete,clean,93,0,0,0
clean,628,CHD-01,pressure_hpa,0,clean,likely_genuine,complete,clean,94,0,0,0
clean,628,CHD-01,humidity_pct,0,clean,likely_genuine,complete,clean,90,0,0,0
clean,628,MOH-01,temperature_c,0,clean,likely_genuine,complete,clean,96,0,0,0
clean,628,MOH-01,pressure_hpa,0,clean,likely_genuine,complete,clean,95,0,0,0
clean,628,MOH-01,humidity_pct,0,clean,likely_genuine,complete,clean,93,0,0,0
clean,628,PKL-01,temperature_c,0,clean,likely_genuine,complete,clean,91,0,0,0
clean,628,PKL-01,pressure_hpa,0,clean,likely_genuine,complete,clean,94,0,0,0
clean,628,PKL-01,humidity_pct,0,clean,likely_genuine,complete,clean,86,0,0,0
clean,628,AMB-01,temperature_c,0,clean,likely_genuine,complete,clean,95,0,0,0
clean,628,AMB-01,pressure_hpa,0,clean,likely_genuine,complete,clean,93,0,0,0
clean,628,AMB-01,humidity_pct,0,clean,likely_genuine,complete,clean,90,0,0,0
clean,628,PTA-01,temperature_c,0,clean,likely_genuine,complete,clean,82,0,0,0
clean,628,PTA-01,pressure_hpa,0,clean,likely_genuine,complete,clean,89,0,0,0
clean,628,PTA-01,humidity_pct,0,clean,needs_review,complete,drift,39,0,0,0
clean,629,CHD-01,temperature_c,0,clean,likely_genuine,complete,clean,94,0,0,0
clean,629,CHD-01,pressure_hpa,0,clean,likely_genuine,complete,clean,95,0,0,0
clean,629,CHD-01,humidity_pct,0,clean,likely_genuine,complete,clean,92,0,0,0
clean,629,MOH-01,temperature_c,0,clean,likely_genuine,complete,clean,96,0,0,0
clean,629,MOH-01,pressure_hpa,0,clean,likely_genuine,complete,clean,96,0,0,0
clean,629,MOH-01,humidity_pct,0,clean,likely_genuine,complete,clean,94,0,0,0
clean,629,PKL-01,temperature_c,0,clean,likely_genuine,complete,clean,95,0,0,0
clean,629,PKL-01,pressure_hpa,0,clean,likely_genuine,complete,clean,96,0,0,0
clean,629,PKL-01,humidity_pct,0,clean,likely_genuine,complete,clean,93,0,0,0
clean,629,AMB-01,temperature_c,0,clean,likely_genuine,complete,clean,95,0,0,0
clean,629,AMB-01,pressure_hpa,0,clean,likely_genuine,complete,clean,96,0,0,0
clean,629,AMB-01,humidity_pct,0,clean,likely_genuine,complete,clean,95,0,0,0
clean,629,PTA-01,temperature_c,0,clean,likely_genuine,complete,clean,89,0,0,0
clean,629,PTA-01,pressure_hpa,0,clean,likely_genuine,complete,clean,91,0,0,0
clean,629,PTA-01,humidity_pct,0,clean,needs_review,complete,unknown,55,0,0,0
clean,630,CHD-01,temperature_c,0,clean,likely_genuine,complete,clean,90,0,0,0
clean,630,CHD-01,pressure_hpa,0,clean,likely_genuine,complete,clean,95,0,0,0
clean,630,CHD-01,humidity_pct,0,clean,likely_genuine,complete,clean,73,0,0,0
clean,630,MOH-01,temperature_c,0,clean,likely_genuine,complete,clean,95,0,0,0
clean,630,MOH-01,pressure_hpa,0,clean,likely_genuine,complete,clean,95,0,0,0
clean,630,MOH-01,humidity_pct,0,clean,likely_genuine,complete,clean,88,0,0,0
clean,630,PKL-01,temperature_c,0,clean,likely_genuine,complete,clean,93,0,0,0
clean,630,PKL-01,pressure_hpa,0,clean,likely_genuine,complete,clean,95,0,0,0
clean,630,PKL-01,humidity_pct,0,clean,likely_genuine,complete,clean,86,0,0,0
clean,630,AMB-01,temperature_c,0,clean,likely_genuine,complete,clean,86,0,0,0
clean,630,AMB-01,pressure_hpa,0,clean,likely_genuine,complete,clean,91,0,0,0
clean,630,AMB-01,humidity_pct,0,clean,needs_review,complete,unknown,55,0,0,0
clean,630,PTA-01,temperature_c,0,clean,likely_genuine,complete,clean,90,0,0,0
clean,630,PTA-01,pressure_hpa,0,clean,likely_genuine,complete,clean,95,0,0,0
clean,630,PTA-01,humidity_pct,0,clean,needs_review,complete,unknown,40,0,1,0
clean,631,CHD-01,temperature_c,0,clean,likely_genuine,complete,clean,93,0,0,0
clean,631,CHD-01,pressure_hpa,0,clean,likely_genuine,complete,clean,95,0,0,0
clean,631,CHD-01,humidity_pct,0,clean,likely_genuine,complete,clean,78,0,0,0
clean,631,MOH-01,temperature_c,0,clean,likely_genuine,complete,clean,95,0,0,0
clean,631,MOH-01,pressure_hpa,0,clean,likely_genuine,complete,clean,94,0,0,0
clean,631,MOH-01,humidity_pct,0,clean,likely_genuine,complete,clean,88,0,0,0
clean,631,PKL-01,temperature_c,0,clean,likely_genuine,complete,clean,95,0,0,0
clean,631,PKL-01,pressure_hpa,0,clean,likely_genuine,complete,clean,94,0,0,0
clean,631,PKL-01,humidity_pct,0,clean,likely_genuine,complete,clean,83,0,0,0
clean,631,AMB-01,temperature_c,0,clean,likely_genuine,complete,clean,91,0,0,0
clean,631,AMB-01,pressure_hpa,0,clean,likely_genuine,complete,clean,92,0,0,0
clean,631,AMB-01,humidity_pct,0,clean,likely_genuine,complete,clean,80,0,0,0
clean,631,PTA-01,temperature_c,0,clean,likely_genuine,complete,clean,90,0,0,0
clean,631,PTA-01,pressure_hpa,0,clean,likely_genuine,complete,clean,92,0,0,0
clean,631,PTA-01,humidity_pct,0,clean,needs_review,complete,unknown,55,0,0,0
clean,632,CHD-01,temperature_c,0,clean,likely_genuine,complete,clean,80,0,0,0
clean,632,CHD-01,pressure_hpa,0,clean,likely_genuine,complete,clean,96,0,0,0
clean,632,CHD-01,humidity_pct,0,clean,likely_genuine,complete,clean,87,0,0,0
clean,632,MOH-01,temperature_c,0,clean,likely_genuine,complete,clean,92,0,0,0
clean,632,MOH-01,pressure_hpa,0,clean,likely_genuine,complete,clean,95,0,0,0
clean,632,MOH-01,humidity_pct,0,clean,likely_genuine,complete,clean,72,0,0,0
clean,632,PKL-01,temperature_c,0,clean,likely_genuine,complete,clean,95,0,0,0
clean,632,PKL-01,pressure_hpa,0,clean,likely_genuine,complete,clean,96,0,0,0
clean,632,PKL-01,humidity_pct,0,clean,likely_genuine,complete,clean,94,0,0,0
clean,632,AMB-01,temperature_c,0,clean,likely_genuine,complete,clean,92,0,0,0
clean,632,AMB-01,pressure_hpa,0,clean,likely_genuine,complete,clean,94,0,0,0
clean,632,AMB-01,humidity_pct,0,clean,likely_genuine,complete,clean,79,0,0,0
clean,632,PTA-01,temperature_c,0,clean,likely_genuine,complete,clean,95,0,0,0
clean,632,PTA-01,pressure_hpa,0,clean,likely_genuine,complete,clean,95,0,0,0
clean,632,PTA-01,humidity_pct,0,clean,needs_review,complete,unknown,57,0,1,0
clean,633,CHD-01,temperature_c,0,clean,likely_genuine,complete,clean,93,0,0,0
clean,633,CHD-01,pressure_hpa,0,clean,likely_genuine,complete,clean,95,0,0,0
clean,633,CHD-01,humidity_pct,0,clean,likely_genuine,complete,clean,84,0,0,0
clean,633,MOH-01,temperature_c,0,clean,likely_genuine,complete,clean,94,0,0,0
clean,633,MOH-01,pressure_hpa,0,clean,likely_genuine,complete,clean,96,0,0,0
clean,633,MOH-01,humidity_pct,0,clean,likely_genuine,complete,clean,76,0,0,0
clean,633,PKL-01,temperature_c,0,clean,likely_genuine,complete,clean,93,0,0,0
clean,633,PKL-01,pressure_hpa,0,clean,likely_genuine,complete,clean,95,0,0,0
clean,633,PKL-01,humidity_pct,0,clean,likely_genuine,complete,clean,88,0,0,0
clean,633,AMB-01,temperature_c,0,clean,likely_genuine,complete,clean,91,0,0,0
clean,633,AMB-01,pressure_hpa,0,clean,likely_genuine,complete,clean,95,0,0,0
clean,633,AMB-01,humidity_pct,0,clean,likely_genuine,complete,clean,78,0,0,0
clean,633,PTA-01,temperature_c,0,clean,likely_genuine,complete,clean,89,0,0,0
clean,633,PTA-01,pressure_hpa,0,clean,likely_genuine,complete,clean,94,0,0,0
clean,633,PTA-01,humidity_pct,0,clean,likely_genuine,complete,clean,67,0,0,0
clean,634,CHD-01,temperature_c,0,clean,likely_genuine,complete,clean,84,0,0,0
clean,634,CHD-01,pressure_hpa,0,clean,likely_genuine,complete,clean,94,0,0,0
clean,634,CHD-01,humidity_pct,0,clean,needs_review,complete,drift,34,0,1,0
clean,634,MOH-01,temperature_c,0,clean,likely_genuine,complete,clean,88,0,0,0
clean,634,MOH-01,pressure_hpa,0,clean,likely_genuine,complete,clean,95,0,0,0
clean,634,MOH-01,humidity_pct,0,clean,likely_genuine,complete,clean,73,0,0,0
clean,634,PKL-01,temperature_c,0,clean,likely_genuine,complete,clean,93,0,0,0
clean,634,PKL-01,pressure_hpa,0,clean,likely_genuine,complete,clean,95,0,0,0
clean,634,PKL-01,humidity_pct,0,clean,likely_genuine,complete,clean,89,0,0,0
clean,634,AMB-01,temperature_c,0,clean,likely_genuine,complete,clean,90,0,0,0
clean,634,AMB-01,pressure_hpa,0,clean,likely_genuine,complete,clean,94,0,0,0
clean,634,AMB-01,humidity_pct,0,clean,likely_genuine,complete,clean,74,0,0,0
clean,634,PTA-01,temperature_c,0,clean,likely_genuine,complete,clean,82,0,0,0
clean,634,PTA-01,pressure_hpa,0,clean,likely_genuine,complete,clean,94,0,0,0
clean,634,PTA-01,humidity_pct,0,clean,likely_genuine,complete,clean,76,0,0,0
spike,623,CHD-01,temperature_c,0,clean,likely_genuine,complete,clean,96,0,0,0
spike,623,CHD-01,pressure_hpa,0,clean,likely_genuine,complete,clean,96,0,0,0
spike,623,CHD-01,humidity_pct,0,clean,likely_genuine,complete,clean,86,0,0,0
spike,623,MOH-01,temperature_c,0,clean,likely_genuine,complete,clean,94,0,0,0
spike,623,MOH-01,pressure_hpa,0,clean,likely_genuine,complete,clean,96,0,0,0
spike,623,MOH-01,humidity_pct,0,clean,likely_genuine,complete,clean,95,0,0,0
spike,623,PKL-01,temperature_c,0,clean,likely_genuine,complete,clean,94,0,0,0
spike,623,PKL-01,pressure_hpa,0,clean,likely_genuine,complete,clean,96,0,0,0
spike,623,PKL-01,humidity_pct,0,clean,likely_genuine,complete,clean,90,0,0,0
spike,623,AMB-01,temperature_c,0,clean,likely_genuine,complete,clean,93,0,0,0
spike,623,AMB-01,pressure_hpa,0,clean,likely_genuine,complete,clean,96,0,0,0
spike,623,AMB-01,humidity_pct,0,clean,likely_genuine,complete,clean,69,0,0,0
spike,623,PTA-01,temperature_c,0,clean,likely_genuine,complete,clean,93,0,0,0
spike,623,PTA-01,pressure_hpa,0,clean,likely_genuine,complete,clean,79,0,0,0
spike,623,PTA-01,humidity_pct,0,clean,likely_genuine,complete,clean,95,0,0,0
spike,624,CHD-01,temperature_c,0,clean,likely_genuine,complete,clean,96,0,0,0
spike,624,CHD-01,pressure_hpa,0,clean,likely_genuine,complete,clean,95,0,0,0
spike,624,CHD-01,humidity_pct,0,clean,likely_genuine,complete,clean,88,0,0,0
spike,624,MOH-01,temperature_c,0,clean,likely_genuine,complete,clean,94,0,0,0
spike,624,MOH-01,pressure_hpa,0,clean,likely_genuine,complete,clean,94,0,0,0
spike,624,MOH-01,humidity_pct,0,clean,likely_genuine,complete,clean,75,0,0,0
spike,624,PKL-01,temperature_c,0,clean,likely_genuine,complete,clean,95,0,0,0
spike,624,PKL-01,pressure_hpa,0,clean,likely_genuine,complete,clean,95,0,0,0
spike,624,PKL-01,humidity_pct,0,clean,likely_genuine,complete,clean,93,0,0,0
spike,624,AMB-01,temperature_c,0,clean,likely_genuine,complete,clean,91,0,0,0
spike,624,AMB-01,pressure_hpa,0,clean,likely_genuine,complete,clean,94,0,0,0
spike,624,AMB-01,humidity_pct,0,clean,likely_genuine,complete,clean,65,0,0,0
spike,624,PTA-01,temperature_c,0,clean,likely_genuine,complete,clean,92,0,0,0
spike,624,PTA-01,pressure_hpa,0,clean,likely_genuine,complete,clean,94,0,0,0
spike,624,PTA-01,humidity_pct,0,clean,likely_genuine,complete,clean,77,0,0,0
spike,625,CHD-01,temperature_c,1,spike,likely_fault,complete,spike,8,0,1,1
spike,625,CHD-01,pressure_hpa,0,clean,likely_genuine,complete,clean,83,0,0,0
spike,625,CHD-01,humidity_pct,0,clean,likely_genuine,complete,clean,86,0,0,0
spike,625,MOH-01,temperature_c,0,clean,likely_genuine,complete,clean,96,0,0,0
spike,625,MOH-01,pressure_hpa,0,clean,likely_genuine,complete,clean,97,0,0,0
spike,625,MOH-01,humidity_pct,0,clean,likely_genuine,complete,clean,83,0,0,0
spike,625,PKL-01,temperature_c,0,clean,likely_genuine,complete,clean,93,0,0,0
spike,625,PKL-01,pressure_hpa,0,clean,likely_genuine,complete,clean,96,0,0,0
spike,625,PKL-01,humidity_pct,0,clean,likely_genuine,complete,clean,87,0,0,0
spike,625,AMB-01,temperature_c,0,clean,likely_genuine,complete,clean,90,0,0,0
spike,625,AMB-01,pressure_hpa,0,clean,likely_genuine,complete,clean,95,0,0,0
spike,625,AMB-01,humidity_pct,0,clean,likely_genuine,complete,clean,71,0,0,0
spike,625,PTA-01,temperature_c,0,clean,likely_genuine,complete,clean,95,0,0,0
spike,625,PTA-01,pressure_hpa,0,clean,likely_genuine,complete,clean,97,0,0,0
spike,625,PTA-01,humidity_pct,0,clean,likely_genuine,complete,clean,88,0,0,0
spike,626,CHD-01,temperature_c,0,clean,needs_review,complete,noise,29,0,1,0
spike,626,CHD-01,pressure_hpa,0,clean,likely_genuine,complete,clean,85,0,0,0
spike,626,CHD-01,humidity_pct,0,clean,likely_genuine,complete,clean,86,0,0,0
spike,626,MOH-01,temperature_c,0,clean,likely_genuine,complete,clean,95,0,0,0
spike,626,MOH-01,pressure_hpa,0,clean,likely_genuine,complete,clean,94,0,0,0
spike,626,MOH-01,humidity_pct,0,clean,likely_genuine,complete,clean,89,0,0,0
spike,626,PKL-01,temperature_c,0,clean,likely_genuine,complete,clean,95,0,0,0
spike,626,PKL-01,pressure_hpa,0,clean,likely_genuine,complete,clean,94,0,0,0
spike,626,PKL-01,humidity_pct,0,clean,likely_genuine,complete,clean,89,0,0,0
spike,626,AMB-01,temperature_c,0,clean,likely_genuine,complete,clean,93,0,0,0
spike,626,AMB-01,pressure_hpa,0,clean,likely_genuine,complete,clean,94,0,0,0
spike,626,AMB-01,humidity_pct,0,clean,likely_genuine,complete,clean,82,0,0,0
spike,626,PTA-01,temperature_c,0,clean,likely_genuine,complete,clean,93,0,0,0
spike,626,PTA-01,pressure_hpa,0,clean,likely_genuine,complete,clean,95,0,0,0
spike,626,PTA-01,humidity_pct,0,clean,likely_genuine,complete,clean,92,0,0,0
spike,627,CHD-01,temperature_c,0,clean,likely_genuine,complete,clean,87,0,0,0
spike,627,CHD-01,pressure_hpa,0,clean,likely_genuine,complete,clean,94,0,0,0
spike,627,CHD-01,humidity_pct,0,clean,likely_genuine,complete,clean,93,0,0,0
spike,627,MOH-01,temperature_c,0,clean,likely_genuine,complete,clean,95,0,0,0
spike,627,MOH-01,pressure_hpa,0,clean,likely_genuine,complete,clean,96,0,0,0
spike,627,MOH-01,humidity_pct,0,clean,likely_genuine,complete,clean,91,0,0,0
spike,627,PKL-01,temperature_c,0,clean,likely_genuine,complete,clean,92,0,0,0
spike,627,PKL-01,pressure_hpa,0,clean,likely_genuine,complete,clean,95,0,0,0
spike,627,PKL-01,humidity_pct,0,clean,likely_genuine,complete,clean,93,0,0,0
spike,627,AMB-01,temperature_c,0,clean,likely_genuine,complete,clean,94,0,0,0
spike,627,AMB-01,pressure_hpa,0,clean,likely_genuine,complete,clean,95,0,0,0
spike,627,AMB-01,humidity_pct,0,clean,likely_genuine,complete,clean,90,0,0,0
spike,627,PTA-01,temperature_c,0,clean,likely_genuine,complete,clean,93,0,0,0
spike,627,PTA-01,pressure_hpa,0,clean,likely_genuine,complete,clean,86,0,0,0
spike,627,PTA-01,humidity_pct,0,clean,likely_genuine,complete,clean,92,0,0,0
spike,628,CHD-01,temperature_c,0,clean,likely_genuine,complete,clean,90,0,0,0
spike,628,CHD-01,pressure_hpa,0,clean,likely_genuine,complete,clean,94,0,0,0
spike,628,CHD-01,humidity_pct,0,clean,likely_genuine,complete,clean,90,0,0,0
spike,628,MOH-01,temperature_c,0,clean,likely_genuine,complete,clean,96,0,0,0
spike,628,MOH-01,pressure_hpa,0,clean,likely_genuine,complete,clean,95,0,0,0
spike,628,MOH-01,humidity_pct,0,clean,likely_genuine,complete,clean,93,0,0,0
spike,628,PKL-01,temperature_c,0,clean,likely_genuine,complete,clean,91,0,0,0
spike,628,PKL-01,pressure_hpa,0,clean,likely_genuine,complete,clean,94,0,0,0
spike,628,PKL-01,humidity_pct,0,clean,likely_genuine,complete,clean,86,0,0,0
spike,628,AMB-01,temperature_c,0,clean,likely_genuine,complete,clean,95,0,0,0
spike,628,AMB-01,pressure_hpa,0,clean,likely_genuine,complete,clean,93,0,0,0
spike,628,AMB-01,humidity_pct,0,clean,likely_genuine,complete,clean,90,0,0,0
spike,628,PTA-01,temperature_c,0,clean,likely_genuine,complete,clean,82,0,0,0
spike,628,PTA-01,pressure_hpa,0,clean,likely_genuine,complete,clean,89,0,0,0
spike,628,PTA-01,humidity_pct,0,clean,needs_review,complete,drift,39,0,0,0
spike,629,CHD-01,temperature_c,0,clean,likely_genuine,complete,clean,92,0,0,0
spike,629,CHD-01,pressure_hpa,0,clean,likely_genuine,complete,clean,95,0,0,0
spike,629,CHD-01,humidity_pct,0,clean,likely_genuine,complete,clean,92,0,0,0
spike,629,MOH-01,temperature_c,0,clean,likely_genuine,complete,clean,96,0,0,0
spike,629,MOH-01,pressure_hpa,0,clean,likely_genuine,complete,clean,96,0,0,0
spike,629,MOH-01,humidity_pct,0,clean,likely_genuine,complete,clean,94,0,0,0
spike,629,PKL-01,temperature_c,0,clean,likely_genuine,complete,clean,95,0,0,0
spike,629,PKL-01,pressure_hpa,0,clean,likely_genuine,complete,clean,96,0,0,0
spike,629,PKL-01,humidity_pct,0,clean,likely_genuine,complete,clean,93,0,0,0
spike,629,AMB-01,temperature_c,0,clean,likely_genuine,complete,clean,95,0,0,0
spike,629,AMB-01,pressure_hpa,0,clean,likely_genuine,complete,clean,96,0,0,0
spike,629,AMB-01,humidity_pct,0,clean,likely_genuine,complete,clean,95,0,0,0
spike,629,PTA-01,temperature_c,0,clean,likely_genuine,complete,clean,89,0,0,0
spike,629,PTA-01,pressure_hpa,0,clean,likely_genuine,complete,clean,91,0,0,0
spike,629,PTA-01,humidity_pct,0,clean,needs_review,complete,unknown,55,0,0,0
spike,630,CHD-01,temperature_c,0,clean,likely_genuine,complete,clean,86,0,0,0
spike,630,CHD-01,pressure_hpa,0,clean,likely_genuine,complete,clean,95,0,0,0
spike,630,CHD-01,humidity_pct,0,clean,likely_genuine,complete,clean,73,0,0,0
spike,630,MOH-01,temperature_c,0,clean,likely_genuine,complete,clean,95,0,0,0
spike,630,MOH-01,pressure_hpa,0,clean,likely_genuine,complete,clean,95,0,0,0
spike,630,MOH-01,humidity_pct,0,clean,likely_genuine,complete,clean,88,0,0,0
spike,630,PKL-01,temperature_c,0,clean,likely_genuine,complete,clean,93,0,0,0
spike,630,PKL-01,pressure_hpa,0,clean,likely_genuine,complete,clean,95,0,0,0
spike,630,PKL-01,humidity_pct,0,clean,likely_genuine,complete,clean,86,0,0,0
spike,630,AMB-01,temperature_c,0,clean,likely_genuine,complete,clean,86,0,0,0
spike,630,AMB-01,pressure_hpa,0,clean,likely_genuine,complete,clean,91,0,0,0
spike,630,AMB-01,humidity_pct,0,clean,needs_review,complete,unknown,55,0,0,0
spike,630,PTA-01,temperature_c,0,clean,likely_genuine,complete,clean,90,0,0,0
spike,630,PTA-01,pressure_hpa,0,clean,likely_genuine,complete,clean,95,0,0,0
spike,630,PTA-01,humidity_pct,0,clean,needs_review,complete,unknown,40,0,1,0
spike,631,CHD-01,temperature_c,0,clean,likely_genuine,complete,clean,92,0,0,0
spike,631,CHD-01,pressure_hpa,0,clean,likely_genuine,complete,clean,95,0,0,0
spike,631,CHD-01,humidity_pct,0,clean,likely_genuine,complete,clean,78,0,0,0
spike,631,MOH-01,temperature_c,0,clean,likely_genuine,complete,clean,95,0,0,0
spike,631,MOH-01,pressure_hpa,0,clean,likely_genuine,complete,clean,94,0,0,0
spike,631,MOH-01,humidity_pct,0,clean,likely_genuine,complete,clean,88,0,0,0
spike,631,PKL-01,temperature_c,0,clean,likely_genuine,complete,clean,95,0,0,0
spike,631,PKL-01,pressure_hpa,0,clean,likely_genuine,complete,clean,94,0,0,0
spike,631,PKL-01,humidity_pct,0,clean,likely_genuine,complete,clean,83,0,0,0
spike,631,AMB-01,temperature_c,0,clean,likely_genuine,complete,clean,91,0,0,0
spike,631,AMB-01,pressure_hpa,0,clean,likely_genuine,complete,clean,92,0,0,0
spike,631,AMB-01,humidity_pct,0,clean,likely_genuine,complete,clean,80,0,0,0
spike,631,PTA-01,temperature_c,0,clean,likely_genuine,complete,clean,90,0,0,0
spike,631,PTA-01,pressure_hpa,0,clean,likely_genuine,complete,clean,92,0,0,0
spike,631,PTA-01,humidity_pct,0,clean,needs_review,complete,unknown,55,0,0,0
spike,632,CHD-01,temperature_c,0,clean,likely_genuine,complete,clean,80,0,0,0
spike,632,CHD-01,pressure_hpa,0,clean,likely_genuine,complete,clean,96,0,0,0
spike,632,CHD-01,humidity_pct,0,clean,likely_genuine,complete,clean,87,0,0,0
spike,632,MOH-01,temperature_c,0,clean,likely_genuine,complete,clean,92,0,0,0
spike,632,MOH-01,pressure_hpa,0,clean,likely_genuine,complete,clean,95,0,0,0
spike,632,MOH-01,humidity_pct,0,clean,likely_genuine,complete,clean,72,0,0,0
spike,632,PKL-01,temperature_c,0,clean,likely_genuine,complete,clean,95,0,0,0
spike,632,PKL-01,pressure_hpa,0,clean,likely_genuine,complete,clean,96,0,0,0
spike,632,PKL-01,humidity_pct,0,clean,likely_genuine,complete,clean,94,0,0,0
spike,632,AMB-01,temperature_c,0,clean,likely_genuine,complete,clean,92,0,0,0
spike,632,AMB-01,pressure_hpa,0,clean,likely_genuine,complete,clean,94,0,0,0
spike,632,AMB-01,humidity_pct,0,clean,likely_genuine,complete,clean,79,0,0,0
spike,632,PTA-01,temperature_c,0,clean,likely_genuine,complete,clean,95,0,0,0
spike,632,PTA-01,pressure_hpa,0,clean,likely_genuine,complete,clean,95,0,0,0
spike,632,PTA-01,humidity_pct,0,clean,needs_review,complete,unknown,57,0,1,0
spike,633,CHD-01,temperature_c,0,clean,likely_genuine,complete,clean,93,0,0,0
spike,633,CHD-01,pressure_hpa,0,clean,likely_genuine,complete,clean,95,0,0,0
spike,633,CHD-01,humidity_pct,0,clean,likely_genuine,complete,clean,84,0,0,0
spike,633,MOH-01,temperature_c,0,clean,likely_genuine,complete,clean,94,0,0,0
spike,633,MOH-01,pressure_hpa,0,clean,likely_genuine,complete,clean,96,0,0,0
spike,633,MOH-01,humidity_pct,0,clean,likely_genuine,complete,clean,76,0,0,0
spike,633,PKL-01,temperature_c,0,clean,likely_genuine,complete,clean,93,0,0,0
spike,633,PKL-01,pressure_hpa,0,clean,likely_genuine,complete,clean,95,0,0,0
spike,633,PKL-01,humidity_pct,0,clean,likely_genuine,complete,clean,88,0,0,0
spike,633,AMB-01,temperature_c,0,clean,likely_genuine,complete,clean,91,0,0,0
spike,633,AMB-01,pressure_hpa,0,clean,likely_genuine,complete,clean,95,0,0,0
spike,633,AMB-01,humidity_pct,0,clean,likely_genuine,complete,clean,78,0,0,0
spike,633,PTA-01,temperature_c,0,clean,likely_genuine,complete,clean,89,0,0,0
spike,633,PTA-01,pressure_hpa,0,clean,likely_genuine,complete,clean,94,0,0,0
spike,633,PTA-01,humidity_pct,0,clean,likely_genuine,complete,clean,67,0,0,0
spike,634,CHD-01,temperature_c,0,clean,likely_genuine,complete,clean,84,0,0,0
spike,634,CHD-01,pressure_hpa,0,clean,likely_genuine,complete,clean,94,0,0,0
spike,634,CHD-01,humidity_pct,0,clean,needs_review,complete,drift,34,0,1,0
spike,634,MOH-01,temperature_c,0,clean,likely_genuine,complete,clean,88,0,0,0
spike,634,MOH-01,pressure_hpa,0,clean,likely_genuine,complete,clean,95,0,0,0
spike,634,MOH-01,humidity_pct,0,clean,likely_genuine,complete,clean,73,0,0,0
spike,634,PKL-01,temperature_c,0,clean,likely_genuine,complete,clean,93,0,0,0
spike,634,PKL-01,pressure_hpa,0,clean,likely_genuine,complete,clean,95,0,0,0
spike,634,PKL-01,humidity_pct,0,clean,likely_genuine,complete,clean,89,0,0,0
spike,634,AMB-01,temperature_c,0,clean,likely_genuine,complete,clean,90,0,0,0
spike,634,AMB-01,pressure_hpa,0,clean,likely_genuine,complete,clean,94,0,0,0
spike,634,AMB-01,humidity_pct,0,clean,likely_genuine,complete,clean,74,0,0,0
spike,634,PTA-01,temperature_c,0,clean,likely_genuine,complete,clean,82,0,0,0
spike,634,PTA-01,pressure_hpa,0,clean,likely_genuine,complete,clean,94,0,0,0
spike,634,PTA-01,humidity_pct,0,clean,likely_genuine,complete,clean,76,0,0,0
freeze,623,CHD-01,temperature_c,0,clean,likely_genuine,complete,clean,96,0,0,0
freeze,623,CHD-01,pressure_hpa,0,clean,likely_genuine,complete,clean,96,0,0,0
freeze,623,CHD-01,humidity_pct,0,clean,likely_genuine,complete,clean,86,0,0,0
freeze,623,MOH-01,temperature_c,0,clean,likely_genuine,complete,clean,94,0,0,0
freeze,623,MOH-01,pressure_hpa,0,clean,likely_genuine,complete,clean,96,0,0,0
freeze,623,MOH-01,humidity_pct,0,clean,likely_genuine,complete,clean,95,0,0,0
freeze,623,PKL-01,temperature_c,0,clean,likely_genuine,complete,clean,94,0,0,0
freeze,623,PKL-01,pressure_hpa,0,clean,likely_genuine,complete,clean,96,0,0,0
freeze,623,PKL-01,humidity_pct,0,clean,likely_genuine,complete,clean,90,0,0,0
freeze,623,AMB-01,temperature_c,0,clean,likely_genuine,complete,clean,93,0,0,0
freeze,623,AMB-01,pressure_hpa,0,clean,likely_genuine,complete,clean,96,0,0,0
freeze,623,AMB-01,humidity_pct,0,clean,likely_genuine,complete,clean,69,0,0,0
freeze,623,PTA-01,temperature_c,0,clean,likely_genuine,complete,clean,93,0,0,0
freeze,623,PTA-01,pressure_hpa,0,clean,likely_genuine,complete,clean,79,0,0,0
freeze,623,PTA-01,humidity_pct,0,clean,likely_genuine,complete,clean,95,0,0,0
freeze,624,CHD-01,temperature_c,0,clean,likely_genuine,complete,clean,96,0,0,0
freeze,624,CHD-01,pressure_hpa,0,clean,likely_genuine,complete,clean,95,0,0,0
freeze,624,CHD-01,humidity_pct,0,clean,likely_genuine,complete,clean,88,0,0,0
freeze,624,MOH-01,temperature_c,0,clean,likely_genuine,complete,clean,94,0,0,0
freeze,624,MOH-01,pressure_hpa,0,clean,likely_genuine,complete,clean,94,0,0,0
freeze,624,MOH-01,humidity_pct,0,clean,likely_genuine,complete,clean,75,0,0,0
freeze,624,PKL-01,temperature_c,0,clean,likely_genuine,complete,clean,95,0,0,0
freeze,624,PKL-01,pressure_hpa,0,clean,likely_genuine,complete,clean,95,0,0,0
freeze,624,PKL-01,humidity_pct,0,clean,likely_genuine,complete,clean,93,0,0,0
freeze,624,AMB-01,temperature_c,0,clean,likely_genuine,complete,clean,91,0,0,0
freeze,624,AMB-01,pressure_hpa,0,clean,likely_genuine,complete,clean,94,0,0,0
freeze,624,AMB-01,humidity_pct,0,clean,likely_genuine,complete,clean,65,0,0,0
freeze,624,PTA-01,temperature_c,0,clean,likely_genuine,complete,clean,92,0,0,0
freeze,624,PTA-01,pressure_hpa,0,clean,likely_genuine,complete,clean,94,0,0,0
freeze,624,PTA-01,humidity_pct,0,clean,likely_genuine,complete,clean,77,0,0,0
freeze,625,CHD-01,temperature_c,1,freeze,likely_genuine,complete,clean,70,0,0,0
freeze,625,CHD-01,pressure_hpa,0,clean,likely_genuine,complete,clean,96,0,0,0
freeze,625,CHD-01,humidity_pct,0,clean,likely_genuine,complete,clean,93,0,0,0
freeze,625,MOH-01,temperature_c,0,clean,likely_genuine,complete,clean,96,0,0,0
freeze,625,MOH-01,pressure_hpa,0,clean,likely_genuine,complete,clean,97,0,0,0
freeze,625,MOH-01,humidity_pct,0,clean,likely_genuine,complete,clean,83,0,0,0
freeze,625,PKL-01,temperature_c,0,clean,likely_genuine,complete,clean,95,0,0,0
freeze,625,PKL-01,pressure_hpa,0,clean,likely_genuine,complete,clean,96,0,0,0
freeze,625,PKL-01,humidity_pct,0,clean,likely_genuine,complete,clean,87,0,0,0
freeze,625,AMB-01,temperature_c,0,clean,likely_genuine,complete,clean,92,0,0,0
freeze,625,AMB-01,pressure_hpa,0,clean,likely_genuine,complete,clean,95,0,0,0
freeze,625,AMB-01,humidity_pct,0,clean,likely_genuine,complete,clean,71,0,0,0
freeze,625,PTA-01,temperature_c,0,clean,likely_genuine,complete,clean,94,0,0,0
freeze,625,PTA-01,pressure_hpa,0,clean,likely_genuine,complete,clean,97,0,0,0
freeze,625,PTA-01,humidity_pct,0,clean,likely_genuine,complete,clean,88,0,0,0
freeze,626,CHD-01,temperature_c,1,freeze,needs_review,complete,freeze,47,1,0,0
freeze,626,CHD-01,pressure_hpa,0,clean,likely_genuine,complete,clean,95,0,0,0
freeze,626,CHD-01,humidity_pct,0,clean,likely_genuine,complete,clean,91,0,0,0
freeze,626,MOH-01,temperature_c,0,clean,likely_genuine,complete,clean,95,0,0,0
freeze,626,MOH-01,pressure_hpa,0,clean,likely_genuine,complete,clean,94,0,0,0
freeze,626,MOH-01,humidity_pct,0,clean,likely_genuine,complete,clean,89,0,0,0
freeze,626,PKL-01,temperature_c,0,clean,likely_genuine,complete,clean,93,0,0,0
freeze,626,PKL-01,pressure_hpa,0,clean,likely_genuine,complete,clean,94,0,0,0
freeze,626,PKL-01,humidity_pct,0,clean,likely_genuine,complete,clean,89,0,0,0
freeze,626,AMB-01,temperature_c,0,clean,likely_genuine,complete,clean,92,0,0,0
freeze,626,AMB-01,pressure_hpa,0,clean,likely_genuine,complete,clean,94,0,0,0
freeze,626,AMB-01,humidity_pct,0,clean,likely_genuine,complete,clean,82,0,0,0
freeze,626,PTA-01,temperature_c,0,clean,likely_genuine,complete,clean,91,0,0,0
freeze,626,PTA-01,pressure_hpa,0,clean,likely_genuine,complete,clean,95,0,0,0
freeze,626,PTA-01,humidity_pct,0,clean,likely_genuine,complete,clean,92,0,0,0
freeze,627,CHD-01,temperature_c,1,freeze,likely_fault,complete,freeze,14,1,1,1
freeze,627,CHD-01,pressure_hpa,0,clean,likely_genuine,complete,clean,94,0,0,0
freeze,627,CHD-01,humidity_pct,0,clean,likely_genuine,complete,clean,92,0,0,0
freeze,627,MOH-01,temperature_c,0,clean,likely_genuine,complete,clean,94,0,0,0
freeze,627,MOH-01,pressure_hpa,0,clean,likely_genuine,complete,clean,96,0,0,0
freeze,627,MOH-01,humidity_pct,0,clean,likely_genuine,complete,clean,91,0,0,0
freeze,627,PKL-01,temperature_c,0,clean,likely_genuine,complete,clean,91,0,0,0
freeze,627,PKL-01,pressure_hpa,0,clean,likely_genuine,complete,clean,95,0,0,0
freeze,627,PKL-01,humidity_pct,0,clean,likely_genuine,complete,clean,93,0,0,0
freeze,627,AMB-01,temperature_c,0,clean,likely_genuine,complete,clean,95,0,0,0
freeze,627,AMB-01,pressure_hpa,0,clean,likely_genuine,complete,clean,95,0,0,0
freeze,627,AMB-01,humidity_pct,0,clean,likely_genuine,complete,clean,90,0,0,0
freeze,627,PTA-01,temperature_c,0,clean,likely_genuine,complete,clean,95,0,0,0
freeze,627,PTA-01,pressure_hpa,0,clean,likely_genuine,complete,clean,86,0,0,0
freeze,627,PTA-01,humidity_pct,0,clean,likely_genuine,complete,clean,92,0,0,0
freeze,628,CHD-01,temperature_c,1,freeze,likely_fault,complete,freeze,12,1,1,1
freeze,628,CHD-01,pressure_hpa,0,clean,likely_genuine,complete,clean,93,0,0,0
freeze,628,CHD-01,humidity_pct,0,clean,likely_genuine,complete,clean,89,0,0,0
freeze,628,MOH-01,temperature_c,0,clean,likely_genuine,complete,clean,90,0,0,0
freeze,628,MOH-01,pressure_hpa,0,clean,likely_genuine,complete,clean,95,0,0,0
freeze,628,MOH-01,humidity_pct,0,clean,likely_genuine,complete,clean,94,0,0,0
freeze,628,PKL-01,temperature_c,0,clean,likely_genuine,complete,clean,78,0,0,0
freeze,628,PKL-01,pressure_hpa,0,clean,likely_genuine,complete,clean,94,0,0,0
freeze,628,PKL-01,humidity_pct,0,clean,likely_genuine,complete,clean,85,0,0,0
freeze,628,AMB-01,temperature_c,0,clean,likely_genuine,complete,clean,91,0,0,0
freeze,628,AMB-01,pressure_hpa,0,clean,likely_genuine,complete,clean,93,0,0,0
freeze,628,AMB-01,humidity_pct,0,clean,likely_genuine,complete,clean,90,0,0,0
freeze,628,PTA-01,temperature_c,0,clean,likely_genuine,complete,clean,85,0,0,0
freeze,628,PTA-01,pressure_hpa,0,clean,likely_genuine,complete,clean,89,0,0,0
freeze,628,PTA-01,humidity_pct,0,clean,needs_review,complete,drift,39,0,0,0
freeze,629,CHD-01,temperature_c,1,freeze,likely_fault,complete,freeze,10,1,1,1
freeze,629,CHD-01,pressure_hpa,0,clean,likely_genuine,complete,clean,94,0,0,0
freeze,629,CHD-01,humidity_pct,0,clean,likely_genuine,complete,clean,91,0,0,0
freeze,629,MOH-01,temperature_c,0,clean,likely_genuine,complete,clean,94,0,0,0
freeze,629,MOH-01,pressure_hpa,0,clean,likely_genuine,complete,clean,96,0,0,0
freeze,629,MOH-01,humidity_pct,0,clean,likely_genuine,complete,clean,94,0,0,0
freeze,629,PKL-01,temperature_c,0,clean,likely_genuine,complete,clean,93,0,0,0
freeze,629,PKL-01,pressure_hpa,0,clean,likely_genuine,complete,clean,96,0,0,0
freeze,629,PKL-01,humidity_pct,0,clean,likely_genuine,complete,clean,93,0,0,0
freeze,629,AMB-01,temperature_c,0,clean,likely_genuine,complete,clean,94,0,0,0
freeze,629,AMB-01,pressure_hpa,0,clean,likely_genuine,complete,clean,96,0,0,0
freeze,629,AMB-01,humidity_pct,0,clean,likely_genuine,complete,clean,95,0,0,0
freeze,629,PTA-01,temperature_c,0,clean,likely_genuine,complete,clean,90,0,0,0
freeze,629,PTA-01,pressure_hpa,0,clean,likely_genuine,complete,clean,91,0,0,0
freeze,629,PTA-01,humidity_pct,0,clean,needs_review,complete,unknown,55,0,0,0
freeze,630,CHD-01,temperature_c,1,freeze,likely_fault,complete,freeze,10,1,1,1
freeze,630,CHD-01,pressure_hpa,0,clean,likely_genuine,complete,clean,94,0,0,0
freeze,630,CHD-01,humidity_pct,0,clean,likely_genuine,complete,clean,74,0,0,0
freeze,630,MOH-01,temperature_c,0,clean,likely_genuine,complete,clean,89,0,0,0
freeze,630,MOH-01,pressure_hpa,0,clean,likely_genuine,complete,clean,95,0,0,0
freeze,630,MOH-01,humidity_pct,0,clean,likely_genuine,complete,clean,87,0,0,0
freeze,630,PKL-01,temperature_c,0,clean,likely_genuine,complete,clean,88,0,0,0
freeze,630,PKL-01,pressure_hpa,0,clean,likely_genuine,complete,clean,94,0,0,0
freeze,630,PKL-01,humidity_pct,0,clean,likely_genuine,complete,clean,86,0,0,0
freeze,630,AMB-01,temperature_c,0,clean,likely_genuine,complete,clean,88,0,0,0
freeze,630,AMB-01,pressure_hpa,0,clean,likely_genuine,complete,clean,91,0,0,0
freeze,630,AMB-01,humidity_pct,0,clean,needs_review,complete,unknown,55,0,0,0
freeze,630,PTA-01,temperature_c,0,clean,likely_genuine,complete,clean,93,0,0,0
freeze,630,PTA-01,pressure_hpa,0,clean,likely_genuine,complete,clean,95,0,0,0
freeze,630,PTA-01,humidity_pct,0,clean,needs_review,complete,unknown,40,0,1,0
freeze,631,CHD-01,temperature_c,0,clean,needs_review,complete,noise,38,0,1,0
freeze,631,CHD-01,pressure_hpa,0,clean,likely_genuine,complete,clean,89,0,0,0
freeze,631,CHD-01,humidity_pct,0,clean,likely_genuine,complete,clean,74,0,0,0
freeze,631,MOH-01,temperature_c,0,clean,likely_genuine,complete,clean,95,0,0,0
freeze,631,MOH-01,pressure_hpa,0,clean,likely_genuine,complete,clean,94,0,0,0
freeze,631,MOH-01,humidity_pct,0,clean,likely_genuine,complete,clean,88,0,0,0
freeze,631,PKL-01,temperature_c,0,clean,likely_genuine,complete,clean,94,0,0,0
freeze,631,PKL-01,pressure_hpa,0,clean,likely_genuine,complete,clean,93,0,0,0
freeze,631,PKL-01,humidity_pct,0,clean,likely_genuine,complete,clean,83,0,0,0
freeze,631,AMB-01,temperature_c,0,clean,likely_genuine,complete,clean,92,0,0,0
freeze,631,AMB-01,pressure_hpa,0,clean,likely_genuine,complete,clean,92,0,0,0
freeze,631,AMB-01,humidity_pct,0,clean,likely_genuine,complete,clean,80,0,0,0
freeze,631,PTA-01,temperature_c,0,clean,likely_genuine,complete,clean,92,0,0,0
freeze,631,PTA-01,pressure_hpa,0,clean,likely_genuine,complete,clean,92,0,0,0
freeze,631,PTA-01,humidity_pct,0,clean,needs_review,complete,unknown,56,0,0,0
freeze,632,CHD-01,temperature_c,0,clean,likely_genuine,complete,clean,80,0,0,0
freeze,632,CHD-01,pressure_hpa,0,clean,likely_genuine,complete,clean,96,0,0,0
freeze,632,CHD-01,humidity_pct,0,clean,likely_genuine,complete,clean,87,0,0,0
freeze,632,MOH-01,temperature_c,0,clean,likely_genuine,complete,clean,93,0,0,0
freeze,632,MOH-01,pressure_hpa,0,clean,likely_genuine,complete,clean,95,0,0,0
freeze,632,MOH-01,humidity_pct,0,clean,likely_genuine,complete,clean,72,0,0,0
freeze,632,PKL-01,temperature_c,0,clean,likely_genuine,complete,clean,95,0,0,0
freeze,632,PKL-01,pressure_hpa,0,clean,likely_genuine,complete,clean,96,0,0,0
freeze,632,PKL-01,humidity_pct,0,clean,likely_genuine,complete,clean,94,0,0,0
freeze,632,AMB-01,temperature_c,0,clean,likely_genuine,complete,clean,92,0,0,0
freeze,632,AMB-01,pressure_hpa,0,clean,likely_genuine,complete,clean,94,0,0,0
freeze,632,AMB-01,humidity_pct,0,clean,likely_genuine,complete,clean,79,0,0,0
freeze,632,PTA-01,temperature_c,0,clean,likely_genuine,complete,clean,95,0,0,0
freeze,632,PTA-01,pressure_hpa,0,clean,likely_genuine,complete,clean,95,0,0,0
freeze,632,PTA-01,humidity_pct,0,clean,needs_review,complete,unknown,57,0,1,0
freeze,633,CHD-01,temperature_c,0,clean,likely_genuine,complete,clean,91,0,0,0
freeze,633,CHD-01,pressure_hpa,0,clean,likely_genuine,complete,clean,95,0,0,0
freeze,633,CHD-01,humidity_pct,0,clean,likely_genuine,complete,clean,84,0,0,0
freeze,633,MOH-01,temperature_c,0,clean,likely_genuine,complete,clean,94,0,0,0
freeze,633,MOH-01,pressure_hpa,0,clean,likely_genuine,complete,clean,96,0,0,0
freeze,633,MOH-01,humidity_pct,0,clean,likely_genuine,complete,clean,76,0,0,0
freeze,633,PKL-01,temperature_c,0,clean,likely_genuine,complete,clean,93,0,0,0
freeze,633,PKL-01,pressure_hpa,0,clean,likely_genuine,complete,clean,95,0,0,0
freeze,633,PKL-01,humidity_pct,0,clean,likely_genuine,complete,clean,88,0,0,0
freeze,633,AMB-01,temperature_c,0,clean,likely_genuine,complete,clean,91,0,0,0
freeze,633,AMB-01,pressure_hpa,0,clean,likely_genuine,complete,clean,95,0,0,0
freeze,633,AMB-01,humidity_pct,0,clean,likely_genuine,complete,clean,78,0,0,0
freeze,633,PTA-01,temperature_c,0,clean,likely_genuine,complete,clean,89,0,0,0
freeze,633,PTA-01,pressure_hpa,0,clean,likely_genuine,complete,clean,94,0,0,0
freeze,633,PTA-01,humidity_pct,0,clean,likely_genuine,complete,clean,67,0,0,0
freeze,634,CHD-01,temperature_c,0,clean,likely_genuine,complete,clean,80,0,0,0
freeze,634,CHD-01,pressure_hpa,0,clean,likely_genuine,complete,clean,94,0,0,0
freeze,634,CHD-01,humidity_pct,0,clean,needs_review,complete,drift,34,0,1,0
freeze,634,MOH-01,temperature_c,0,clean,likely_genuine,complete,clean,88,0,0,0
freeze,634,MOH-01,pressure_hpa,0,clean,likely_genuine,complete,clean,95,0,0,0
freeze,634,MOH-01,humidity_pct,0,clean,likely_genuine,complete,clean,73,0,0,0
freeze,634,PKL-01,temperature_c,0,clean,likely_genuine,complete,clean,93,0,0,0
freeze,634,PKL-01,pressure_hpa,0,clean,likely_genuine,complete,clean,95,0,0,0
freeze,634,PKL-01,humidity_pct,0,clean,likely_genuine,complete,clean,89,0,0,0
freeze,634,AMB-01,temperature_c,0,clean,likely_genuine,complete,clean,90,0,0,0
freeze,634,AMB-01,pressure_hpa,0,clean,likely_genuine,complete,clean,94,0,0,0
freeze,634,AMB-01,humidity_pct,0,clean,likely_genuine,complete,clean,74,0,0,0
freeze,634,PTA-01,temperature_c,0,clean,likely_genuine,complete,clean,82,0,0,0
freeze,634,PTA-01,pressure_hpa,0,clean,likely_genuine,complete,clean,94,0,0,0
freeze,634,PTA-01,humidity_pct,0,clean,likely_genuine,complete,clean,76,0,0,0
drift,623,CHD-01,temperature_c,0,clean,likely_genuine,complete,clean,96,0,0,0
drift,623,CHD-01,pressure_hpa,0,clean,likely_genuine,complete,clean,96,0,0,0
drift,623,CHD-01,humidity_pct,0,clean,likely_genuine,complete,clean,86,0,0,0
drift,623,MOH-01,temperature_c,0,clean,likely_genuine,complete,clean,94,0,0,0
drift,623,MOH-01,pressure_hpa,0,clean,likely_genuine,complete,clean,96,0,0,0
drift,623,MOH-01,humidity_pct,0,clean,likely_genuine,complete,clean,95,0,0,0
drift,623,PKL-01,temperature_c,0,clean,likely_genuine,complete,clean,94,0,0,0
drift,623,PKL-01,pressure_hpa,0,clean,likely_genuine,complete,clean,96,0,0,0
drift,623,PKL-01,humidity_pct,0,clean,likely_genuine,complete,clean,90,0,0,0
drift,623,AMB-01,temperature_c,0,clean,likely_genuine,complete,clean,93,0,0,0
drift,623,AMB-01,pressure_hpa,0,clean,likely_genuine,complete,clean,96,0,0,0
drift,623,AMB-01,humidity_pct,0,clean,likely_genuine,complete,clean,69,0,0,0
drift,623,PTA-01,temperature_c,0,clean,likely_genuine,complete,clean,93,0,0,0
drift,623,PTA-01,pressure_hpa,0,clean,likely_genuine,complete,clean,79,0,0,0
drift,623,PTA-01,humidity_pct,0,clean,likely_genuine,complete,clean,95,0,0,0
drift,624,CHD-01,temperature_c,0,clean,likely_genuine,complete,clean,96,0,0,0
drift,624,CHD-01,pressure_hpa,0,clean,likely_genuine,complete,clean,95,0,0,0
drift,624,CHD-01,humidity_pct,0,clean,likely_genuine,complete,clean,88,0,0,0
drift,624,MOH-01,temperature_c,0,clean,likely_genuine,complete,clean,94,0,0,0
drift,624,MOH-01,pressure_hpa,0,clean,likely_genuine,complete,clean,94,0,0,0
drift,624,MOH-01,humidity_pct,0,clean,likely_genuine,complete,clean,75,0,0,0
drift,624,PKL-01,temperature_c,0,clean,likely_genuine,complete,clean,95,0,0,0
drift,624,PKL-01,pressure_hpa,0,clean,likely_genuine,complete,clean,95,0,0,0
drift,624,PKL-01,humidity_pct,0,clean,likely_genuine,complete,clean,93,0,0,0
drift,624,AMB-01,temperature_c,0,clean,likely_genuine,complete,clean,91,0,0,0
drift,624,AMB-01,pressure_hpa,0,clean,likely_genuine,complete,clean,94,0,0,0
drift,624,AMB-01,humidity_pct,0,clean,likely_genuine,complete,clean,65,0,0,0
drift,624,PTA-01,temperature_c,0,clean,likely_genuine,complete,clean,92,0,0,0
drift,624,PTA-01,pressure_hpa,0,clean,likely_genuine,complete,clean,94,0,0,0
drift,624,PTA-01,humidity_pct,0,clean,likely_genuine,complete,clean,77,0,0,0
drift,625,CHD-01,temperature_c,1,drift,needs_review,complete,drift,45,0,0,0
drift,625,CHD-01,pressure_hpa,0,clean,likely_genuine,complete,clean,96,0,0,0
drift,625,CHD-01,humidity_pct,0,clean,likely_genuine,complete,clean,91,0,0,0
drift,625,MOH-01,temperature_c,0,clean,likely_genuine,complete,clean,96,0,0,0
drift,625,MOH-01,pressure_hpa,0,clean,likely_genuine,complete,clean,97,0,0,0
drift,625,MOH-01,humidity_pct,0,clean,likely_genuine,complete,clean,83,0,0,0
drift,625,PKL-01,temperature_c,0,clean,likely_genuine,complete,clean,93,0,0,0
drift,625,PKL-01,pressure_hpa,0,clean,likely_genuine,complete,clean,96,0,0,0
drift,625,PKL-01,humidity_pct,0,clean,likely_genuine,complete,clean,87,0,0,0
drift,625,AMB-01,temperature_c,0,clean,likely_genuine,complete,clean,90,0,0,0
drift,625,AMB-01,pressure_hpa,0,clean,likely_genuine,complete,clean,95,0,0,0
drift,625,AMB-01,humidity_pct,0,clean,likely_genuine,complete,clean,71,0,0,0
drift,625,PTA-01,temperature_c,0,clean,likely_genuine,complete,clean,95,0,0,0
drift,625,PTA-01,pressure_hpa,0,clean,likely_genuine,complete,clean,97,0,0,0
drift,625,PTA-01,humidity_pct,0,clean,likely_genuine,complete,clean,88,0,0,0
drift,626,CHD-01,temperature_c,1,drift,likely_fault,complete,drift,26,0,1,1
drift,626,CHD-01,pressure_hpa,0,clean,likely_genuine,complete,clean,95,0,0,0
drift,626,CHD-01,humidity_pct,0,clean,likely_genuine,complete,clean,88,0,0,0
drift,626,MOH-01,temperature_c,0,clean,likely_genuine,complete,clean,94,0,0,0
drift,626,MOH-01,pressure_hpa,0,clean,likely_genuine,complete,clean,94,0,0,0
drift,626,MOH-01,humidity_pct,0,clean,likely_genuine,complete,clean,89,0,0,0
drift,626,PKL-01,temperature_c,0,clean,likely_genuine,complete,clean,95,0,0,0
drift,626,PKL-01,pressure_hpa,0,clean,likely_genuine,complete,clean,94,0,0,0
drift,626,PKL-01,humidity_pct,0,clean,likely_genuine,complete,clean,89,0,0,0
drift,626,AMB-01,temperature_c,0,clean,likely_genuine,complete,clean,92,0,0,0
drift,626,AMB-01,pressure_hpa,0,clean,likely_genuine,complete,clean,94,0,0,0
drift,626,AMB-01,humidity_pct,0,clean,likely_genuine,complete,clean,81,0,0,0
drift,626,PTA-01,temperature_c,0,clean,likely_genuine,complete,clean,94,0,0,0
drift,626,PTA-01,pressure_hpa,0,clean,likely_genuine,complete,clean,95,0,0,0
drift,626,PTA-01,humidity_pct,0,clean,likely_genuine,complete,clean,92,0,0,0
drift,627,CHD-01,temperature_c,1,drift,likely_fault,complete,drift,14,0,1,1
drift,627,CHD-01,pressure_hpa,0,clean,likely_genuine,complete,clean,93,0,0,0
drift,627,CHD-01,humidity_pct,0,clean,likely_genuine,complete,clean,92,0,0,0
drift,627,MOH-01,temperature_c,0,clean,likely_genuine,complete,clean,95,0,0,0
drift,627,MOH-01,pressure_hpa,0,clean,likely_genuine,complete,clean,96,0,0,0
drift,627,MOH-01,humidity_pct,0,clean,likely_genuine,complete,clean,91,0,0,0
drift,627,PKL-01,temperature_c,0,clean,likely_genuine,complete,clean,93,0,0,0
drift,627,PKL-01,pressure_hpa,0,clean,likely_genuine,complete,clean,95,0,0,0
drift,627,PKL-01,humidity_pct,0,clean,likely_genuine,complete,clean,93,0,0,0
drift,627,AMB-01,temperature_c,0,clean,likely_genuine,complete,clean,93,0,0,0
drift,627,AMB-01,pressure_hpa,0,clean,likely_genuine,complete,clean,95,0,0,0
drift,627,AMB-01,humidity_pct,0,clean,likely_genuine,complete,clean,90,0,0,0
drift,627,PTA-01,temperature_c,0,clean,likely_genuine,complete,clean,93,0,0,0
drift,627,PTA-01,pressure_hpa,0,clean,likely_genuine,complete,clean,86,0,0,0
drift,627,PTA-01,humidity_pct,0,clean,likely_genuine,complete,clean,92,0,0,0
drift,628,CHD-01,temperature_c,1,drift,likely_fault,complete,drift,13,0,1,1
drift,628,CHD-01,pressure_hpa,0,clean,likely_genuine,complete,clean,92,0,0,0
drift,628,CHD-01,humidity_pct,0,clean,likely_genuine,complete,clean,88,0,0,0
drift,628,MOH-01,temperature_c,0,clean,likely_genuine,complete,clean,96,0,0,0
drift,628,MOH-01,pressure_hpa,0,clean,likely_genuine,complete,clean,95,0,0,0
drift,628,MOH-01,humidity_pct,0,clean,likely_genuine,complete,clean,93,0,0,0
drift,628,PKL-01,temperature_c,0,clean,likely_genuine,complete,clean,91,0,0,0
drift,628,PKL-01,pressure_hpa,0,clean,likely_genuine,complete,clean,94,0,0,0
drift,628,PKL-01,humidity_pct,0,clean,likely_genuine,complete,clean,86,0,0,0
drift,628,AMB-01,temperature_c,0,clean,likely_genuine,complete,clean,95,0,0,0
drift,628,AMB-01,pressure_hpa,0,clean,likely_genuine,complete,clean,94,0,0,0
drift,628,AMB-01,humidity_pct,0,clean,likely_genuine,complete,clean,89,0,0,0
drift,628,PTA-01,temperature_c,0,clean,likely_genuine,complete,clean,76,0,0,0
drift,628,PTA-01,pressure_hpa,0,clean,likely_genuine,complete,clean,89,0,0,0
drift,628,PTA-01,humidity_pct,0,clean,needs_review,complete,drift,38,0,0,0
drift,629,CHD-01,temperature_c,1,drift,likely_fault,complete,drift,14,0,1,1
drift,629,CHD-01,pressure_hpa,0,clean,likely_genuine,complete,clean,93,0,0,0
drift,629,CHD-01,humidity_pct,0,clean,likely_genuine,complete,clean,89,0,0,0
drift,629,MOH-01,temperature_c,0,clean,likely_genuine,complete,clean,95,0,0,0
drift,629,MOH-01,pressure_hpa,0,clean,likely_genuine,complete,clean,96,0,0,0
drift,629,MOH-01,humidity_pct,0,clean,likely_genuine,complete,clean,94,0,0,0
drift,629,PKL-01,temperature_c,0,clean,likely_genuine,complete,clean,95,0,0,0
drift,629,PKL-01,pressure_hpa,0,clean,likely_genuine,complete,clean,96,0,0,0
drift,629,PKL-01,humidity_pct,0,clean,likely_genuine,complete,clean,93,0,0,0
drift,629,AMB-01,temperature_c,0,clean,likely_genuine,complete,clean,96,0,0,0
drift,629,AMB-01,pressure_hpa,0,clean,likely_genuine,complete,clean,96,0,0,0
drift,629,AMB-01,humidity_pct,0,clean,likely_genuine,complete,clean,95,0,0,0
drift,629,PTA-01,temperature_c,0,clean,likely_genuine,complete,clean,88,0,0,0
drift,629,PTA-01,pressure_hpa,0,clean,likely_genuine,complete,clean,91,0,0,0
drift,629,PTA-01,humidity_pct,0,clean,needs_review,complete,unknown,55,0,0,0
drift,630,CHD-01,temperature_c,1,drift,likely_fault,complete,drift,13,0,1,1
drift,630,CHD-01,pressure_hpa,0,clean,likely_genuine,complete,clean,94,0,0,0
drift,630,CHD-01,humidity_pct,0,clean,likely_genuine,complete,clean,68,0,0,0
drift,630,MOH-01,temperature_c,0,clean,likely_genuine,complete,clean,95,0,0,0
drift,630,MOH-01,pressure_hpa,0,clean,likely_genuine,complete,clean,95,0,0,0
drift,630,MOH-01,humidity_pct,0,clean,likely_genuine,complete,clean,88,0,0,0
drift,630,PKL-01,temperature_c,0,clean,likely_genuine,complete,clean,93,0,0,0
drift,630,PKL-01,pressure_hpa,0,clean,likely_genuine,complete,clean,95,0,0,0
drift,630,PKL-01,humidity_pct,0,clean,likely_genuine,complete,clean,86,0,0,0
drift,630,AMB-01,temperature_c,0,clean,likely_genuine,complete,clean,86,0,0,0
drift,630,AMB-01,pressure_hpa,0,clean,likely_genuine,complete,clean,90,0,0,0
drift,630,AMB-01,humidity_pct,0,clean,needs_review,complete,unknown,55,0,0,0
drift,630,PTA-01,temperature_c,0,clean,likely_genuine,complete,clean,89,0,0,0
drift,630,PTA-01,pressure_hpa,0,clean,likely_genuine,complete,clean,95,0,0,0
drift,630,PTA-01,humidity_pct,0,clean,needs_review,complete,unknown,40,0,1,0
drift,631,CHD-01,temperature_c,0,clean,likely_fault,complete,noise,21,1,1,1
drift,631,CHD-01,pressure_hpa,0,clean,likely_genuine,complete,clean,81,0,0,0
drift,631,CHD-01,humidity_pct,0,clean,likely_genuine,complete,clean,67,0,0,0
drift,631,MOH-01,temperature_c,0,clean,likely_genuine,complete,clean,95,0,0,0
drift,631,MOH-01,pressure_hpa,0,clean,likely_genuine,complete,clean,94,0,0,0
drift,631,MOH-01,humidity_pct,0,clean,likely_genuine,complete,clean,88,0,0,0
drift,631,PKL-01,temperature_c,0,clean,likely_genuine,complete,clean,95,0,0,0
drift,631,PKL-01,pressure_hpa,0,clean,likely_genuine,complete,clean,94,0,0,0
drift,631,PKL-01,humidity_pct,0,clean,likely_genuine,complete,clean,83,0,0,0
drift,631,AMB-01,temperature_c,0,clean,likely_genuine,complete,clean,91,0,0,0
drift,631,AMB-01,pressure_hpa,0,clean,likely_genuine,complete,clean,92,0,0,0
drift,631,AMB-01,humidity_pct,0,clean,likely_genuine,complete,clean,80,0,0,0
drift,631,PTA-01,temperature_c,0,clean,likely_genuine,complete,clean,90,0,0,0
drift,631,PTA-01,pressure_hpa,0,clean,likely_genuine,complete,clean,92,0,0,0
drift,631,PTA-01,humidity_pct,0,clean,needs_review,complete,unknown,55,0,0,0
drift,632,CHD-01,temperature_c,0,clean,likely_genuine,complete,clean,78,0,0,0
drift,632,CHD-01,pressure_hpa,0,clean,likely_genuine,complete,clean,96,0,0,0
drift,632,CHD-01,humidity_pct,0,clean,likely_genuine,complete,clean,87,0,0,0
drift,632,MOH-01,temperature_c,0,clean,likely_genuine,complete,clean,92,0,0,0
drift,632,MOH-01,pressure_hpa,0,clean,likely_genuine,complete,clean,95,0,0,0
drift,632,MOH-01,humidity_pct,0,clean,likely_genuine,complete,clean,72,0,0,0
drift,632,PKL-01,temperature_c,0,clean,likely_genuine,complete,clean,95,0,0,0
drift,632,PKL-01,pressure_hpa,0,clean,likely_genuine,complete,clean,96,0,0,0
drift,632,PKL-01,humidity_pct,0,clean,likely_genuine,complete,clean,94,0,0,0
drift,632,AMB-01,temperature_c,0,clean,likely_genuine,complete,clean,92,0,0,0
drift,632,AMB-01,pressure_hpa,0,clean,likely_genuine,complete,clean,94,0,0,0
drift,632,AMB-01,humidity_pct,0,clean,likely_genuine,complete,clean,79,0,0,0
drift,632,PTA-01,temperature_c,0,clean,likely_genuine,complete,clean,95,0,0,0
drift,632,PTA-01,pressure_hpa,0,clean,likely_genuine,complete,clean,95,0,0,0
drift,632,PTA-01,humidity_pct,0,clean,needs_review,complete,unknown,57,0,1,0
drift,633,CHD-01,temperature_c,0,clean,likely_genuine,complete,clean,81,0,0,0
drift,633,CHD-01,pressure_hpa,0,clean,likely_genuine,complete,clean,95,0,0,0
drift,633,CHD-01,humidity_pct,0,clean,likely_genuine,complete,clean,84,0,0,0
drift,633,MOH-01,temperature_c,0,clean,likely_genuine,complete,clean,94,0,0,0
drift,633,MOH-01,pressure_hpa,0,clean,likely_genuine,complete,clean,96,0,0,0
drift,633,MOH-01,humidity_pct,0,clean,likely_genuine,complete,clean,76,0,0,0
drift,633,PKL-01,temperature_c,0,clean,likely_genuine,complete,clean,93,0,0,0
drift,633,PKL-01,pressure_hpa,0,clean,likely_genuine,complete,clean,95,0,0,0
drift,633,PKL-01,humidity_pct,0,clean,likely_genuine,complete,clean,88,0,0,0
drift,633,AMB-01,temperature_c,0,clean,likely_genuine,complete,clean,91,0,0,0
drift,633,AMB-01,pressure_hpa,0,clean,likely_genuine,complete,clean,95,0,0,0
drift,633,AMB-01,humidity_pct,0,clean,likely_genuine,complete,clean,78,0,0,0
drift,633,PTA-01,temperature_c,0,clean,likely_genuine,complete,clean,89,0,0,0
drift,633,PTA-01,pressure_hpa,0,clean,likely_genuine,complete,clean,94,0,0,0
drift,633,PTA-01,humidity_pct,0,clean,likely_genuine,complete,clean,67,0,0,0
drift,634,CHD-01,temperature_c,0,clean,likely_genuine,complete,clean,67,0,0,0
drift,634,CHD-01,pressure_hpa,0,clean,likely_genuine,complete,clean,94,0,0,0
drift,634,CHD-01,humidity_pct,0,clean,needs_review,complete,drift,34,0,1,0
drift,634,MOH-01,temperature_c,0,clean,likely_genuine,complete,clean,88,0,0,0
drift,634,MOH-01,pressure_hpa,0,clean,likely_genuine,complete,clean,95,0,0,0
drift,634,MOH-01,humidity_pct,0,clean,likely_genuine,complete,clean,73,0,0,0
drift,634,PKL-01,temperature_c,0,clean,likely_genuine,complete,clean,93,0,0,0
drift,634,PKL-01,pressure_hpa,0,clean,likely_genuine,complete,clean,95,0,0,0
drift,634,PKL-01,humidity_pct,0,clean,likely_genuine,complete,clean,89,0,0,0
drift,634,AMB-01,temperature_c,0,clean,likely_genuine,complete,clean,90,0,0,0
drift,634,AMB-01,pressure_hpa,0,clean,likely_genuine,complete,clean,94,0,0,0
drift,634,AMB-01,humidity_pct,0,clean,likely_genuine,complete,clean,74,0,0,0
drift,634,PTA-01,temperature_c,0,clean,likely_genuine,complete,clean,82,0,0,0
drift,634,PTA-01,pressure_hpa,0,clean,likely_genuine,complete,clean,94,0,0,0
drift,634,PTA-01,humidity_pct,0,clean,likely_genuine,complete,clean,76,0,0,0
bias,623,CHD-01,temperature_c,0,clean,likely_genuine,complete,clean,96,0,0,0
bias,623,CHD-01,pressure_hpa,0,clean,likely_genuine,complete,clean,96,0,0,0
bias,623,CHD-01,humidity_pct,0,clean,likely_genuine,complete,clean,86,0,0,0
bias,623,MOH-01,temperature_c,0,clean,likely_genuine,complete,clean,94,0,0,0
bias,623,MOH-01,pressure_hpa,0,clean,likely_genuine,complete,clean,96,0,0,0
bias,623,MOH-01,humidity_pct,0,clean,likely_genuine,complete,clean,95,0,0,0
bias,623,PKL-01,temperature_c,0,clean,likely_genuine,complete,clean,94,0,0,0
bias,623,PKL-01,pressure_hpa,0,clean,likely_genuine,complete,clean,96,0,0,0
bias,623,PKL-01,humidity_pct,0,clean,likely_genuine,complete,clean,90,0,0,0
bias,623,AMB-01,temperature_c,0,clean,likely_genuine,complete,clean,93,0,0,0
bias,623,AMB-01,pressure_hpa,0,clean,likely_genuine,complete,clean,96,0,0,0
bias,623,AMB-01,humidity_pct,0,clean,likely_genuine,complete,clean,69,0,0,0
bias,623,PTA-01,temperature_c,0,clean,likely_genuine,complete,clean,93,0,0,0
bias,623,PTA-01,pressure_hpa,0,clean,likely_genuine,complete,clean,79,0,0,0
bias,623,PTA-01,humidity_pct,0,clean,likely_genuine,complete,clean,95,0,0,0
bias,624,CHD-01,temperature_c,0,clean,likely_genuine,complete,clean,96,0,0,0
bias,624,CHD-01,pressure_hpa,0,clean,likely_genuine,complete,clean,95,0,0,0
bias,624,CHD-01,humidity_pct,0,clean,likely_genuine,complete,clean,88,0,0,0
bias,624,MOH-01,temperature_c,0,clean,likely_genuine,complete,clean,94,0,0,0
bias,624,MOH-01,pressure_hpa,0,clean,likely_genuine,complete,clean,94,0,0,0
bias,624,MOH-01,humidity_pct,0,clean,likely_genuine,complete,clean,75,0,0,0
bias,624,PKL-01,temperature_c,0,clean,likely_genuine,complete,clean,95,0,0,0
bias,624,PKL-01,pressure_hpa,0,clean,likely_genuine,complete,clean,95,0,0,0
bias,624,PKL-01,humidity_pct,0,clean,likely_genuine,complete,clean,93,0,0,0
bias,624,AMB-01,temperature_c,0,clean,likely_genuine,complete,clean,91,0,0,0
bias,624,AMB-01,pressure_hpa,0,clean,likely_genuine,complete,clean,94,0,0,0
bias,624,AMB-01,humidity_pct,0,clean,likely_genuine,complete,clean,65,0,0,0
bias,624,PTA-01,temperature_c,0,clean,likely_genuine,complete,clean,92,0,0,0
bias,624,PTA-01,pressure_hpa,0,clean,likely_genuine,complete,clean,94,0,0,0
bias,624,PTA-01,humidity_pct,0,clean,likely_genuine,complete,clean,77,0,0,0
bias,625,CHD-01,temperature_c,1,bias,likely_fault,complete,spike,8,0,1,1
bias,625,CHD-01,pressure_hpa,0,clean,likely_genuine,complete,clean,83,0,0,0
bias,625,CHD-01,humidity_pct,0,clean,likely_genuine,complete,clean,86,0,0,0
bias,625,MOH-01,temperature_c,0,clean,likely_genuine,complete,clean,96,0,0,0
bias,625,MOH-01,pressure_hpa,0,clean,likely_genuine,complete,clean,97,0,0,0
bias,625,MOH-01,humidity_pct,0,clean,likely_genuine,complete,clean,83,0,0,0
bias,625,PKL-01,temperature_c,0,clean,likely_genuine,complete,clean,93,0,0,0
bias,625,PKL-01,pressure_hpa,0,clean,likely_genuine,complete,clean,96,0,0,0
bias,625,PKL-01,humidity_pct,0,clean,likely_genuine,complete,clean,87,0,0,0
bias,625,AMB-01,temperature_c,0,clean,likely_genuine,complete,clean,90,0,0,0
bias,625,AMB-01,pressure_hpa,0,clean,likely_genuine,complete,clean,95,0,0,0
bias,625,AMB-01,humidity_pct,0,clean,likely_genuine,complete,clean,71,0,0,0
bias,625,PTA-01,temperature_c,0,clean,likely_genuine,complete,clean,95,0,0,0
bias,625,PTA-01,pressure_hpa,0,clean,likely_genuine,complete,clean,97,0,0,0
bias,625,PTA-01,humidity_pct,0,clean,likely_genuine,complete,clean,88,0,0,0
bias,626,CHD-01,temperature_c,1,bias,likely_fault,complete,bias,15,0,1,1
bias,626,CHD-01,pressure_hpa,0,clean,likely_genuine,complete,clean,95,0,0,0
bias,626,CHD-01,humidity_pct,0,clean,likely_genuine,complete,clean,90,0,0,0
bias,626,MOH-01,temperature_c,0,clean,likely_genuine,complete,clean,94,0,0,0
bias,626,MOH-01,pressure_hpa,0,clean,likely_genuine,complete,clean,94,0,0,0
bias,626,MOH-01,humidity_pct,0,clean,likely_genuine,complete,clean,89,0,0,0
bias,626,PKL-01,temperature_c,0,clean,likely_genuine,complete,clean,95,0,0,0
bias,626,PKL-01,pressure_hpa,0,clean,likely_genuine,complete,clean,94,0,0,0
bias,626,PKL-01,humidity_pct,0,clean,likely_genuine,complete,clean,89,0,0,0
bias,626,AMB-01,temperature_c,0,clean,likely_genuine,complete,clean,92,0,0,0
bias,626,AMB-01,pressure_hpa,0,clean,likely_genuine,complete,clean,94,0,0,0
bias,626,AMB-01,humidity_pct,0,clean,likely_genuine,complete,clean,81,0,0,0
bias,626,PTA-01,temperature_c,0,clean,likely_genuine,complete,clean,94,0,0,0
bias,626,PTA-01,pressure_hpa,0,clean,likely_genuine,complete,clean,95,0,0,0
bias,626,PTA-01,humidity_pct,0,clean,likely_genuine,complete,clean,92,0,0,0
bias,627,CHD-01,temperature_c,1,bias,likely_fault,complete,bias,16,0,1,1
bias,627,CHD-01,pressure_hpa,0,clean,likely_genuine,complete,clean,94,0,0,0
bias,627,CHD-01,humidity_pct,0,clean,likely_genuine,complete,clean,93,0,0,0
bias,627,MOH-01,temperature_c,0,clean,likely_genuine,complete,clean,95,0,0,0
bias,627,MOH-01,pressure_hpa,0,clean,likely_genuine,complete,clean,96,0,0,0
bias,627,MOH-01,humidity_pct,0,clean,likely_genuine,complete,clean,91,0,0,0
bias,627,PKL-01,temperature_c,0,clean,likely_genuine,complete,clean,93,0,0,0
bias,627,PKL-01,pressure_hpa,0,clean,likely_genuine,complete,clean,95,0,0,0
bias,627,PKL-01,humidity_pct,0,clean,likely_genuine,complete,clean,93,0,0,0
bias,627,AMB-01,temperature_c,0,clean,likely_genuine,complete,clean,93,0,0,0
bias,627,AMB-01,pressure_hpa,0,clean,likely_genuine,complete,clean,95,0,0,0
bias,627,AMB-01,humidity_pct,0,clean,likely_genuine,complete,clean,90,0,0,0
bias,627,PTA-01,temperature_c,0,clean,likely_genuine,complete,clean,93,0,0,0
bias,627,PTA-01,pressure_hpa,0,clean,likely_genuine,complete,clean,86,0,0,0
bias,627,PTA-01,humidity_pct,0,clean,likely_genuine,complete,clean,92,0,0,0
bias,628,CHD-01,temperature_c,1,bias,likely_fault,complete,bias,16,0,1,1
bias,628,CHD-01,pressure_hpa,0,clean,likely_genuine,complete,clean,94,0,0,0
bias,628,CHD-01,humidity_pct,0,clean,likely_genuine,complete,clean,90,0,0,0
bias,628,MOH-01,temperature_c,0,clean,likely_genuine,complete,clean,96,0,0,0
bias,628,MOH-01,pressure_hpa,0,clean,likely_genuine,complete,clean,95,0,0,0
bias,628,MOH-01,humidity_pct,0,clean,likely_genuine,complete,clean,93,0,0,0
bias,628,PKL-01,temperature_c,0,clean,likely_genuine,complete,clean,91,0,0,0
bias,628,PKL-01,pressure_hpa,0,clean,likely_genuine,complete,clean,94,0,0,0
bias,628,PKL-01,humidity_pct,0,clean,likely_genuine,complete,clean,86,0,0,0
bias,628,AMB-01,temperature_c,0,clean,likely_genuine,complete,clean,94,0,0,0
bias,628,AMB-01,pressure_hpa,0,clean,likely_genuine,complete,clean,93,0,0,0
bias,628,AMB-01,humidity_pct,0,clean,likely_genuine,complete,clean,90,0,0,0
bias,628,PTA-01,temperature_c,0,clean,likely_genuine,complete,clean,76,0,0,0
bias,628,PTA-01,pressure_hpa,0,clean,likely_genuine,complete,clean,89,0,0,0
bias,628,PTA-01,humidity_pct,0,clean,needs_review,complete,drift,39,0,0,0
bias,629,CHD-01,temperature_c,1,bias,likely_fault,complete,bias,15,0,1,1
bias,629,CHD-01,pressure_hpa,0,clean,likely_genuine,complete,clean,95,0,0,0
bias,629,CHD-01,humidity_pct,0,clean,likely_genuine,complete,clean,92,0,0,0
bias,629,MOH-01,temperature_c,0,clean,likely_genuine,complete,clean,96,0,0,0
bias,629,MOH-01,pressure_hpa,0,clean,likely_genuine,complete,clean,96,0,0,0
bias,629,MOH-01,humidity_pct,0,clean,likely_genuine,complete,clean,94,0,0,0
bias,629,PKL-01,temperature_c,0,clean,likely_genuine,complete,clean,95,0,0,0
bias,629,PKL-01,pressure_hpa,0,clean,likely_genuine,complete,clean,96,0,0,0
bias,629,PKL-01,humidity_pct,0,clean,likely_genuine,complete,clean,93,0,0,0
bias,629,AMB-01,temperature_c,0,clean,likely_genuine,complete,clean,95,0,0,0
bias,629,AMB-01,pressure_hpa,0,clean,likely_genuine,complete,clean,96,0,0,0
bias,629,AMB-01,humidity_pct,0,clean,likely_genuine,complete,clean,95,0,0,0
bias,629,PTA-01,temperature_c,0,clean,likely_genuine,complete,clean,88,0,0,0
bias,629,PTA-01,pressure_hpa,0,clean,likely_genuine,complete,clean,91,0,0,0
bias,629,PTA-01,humidity_pct,0,clean,needs_review,complete,unknown,55,0,0,0
bias,630,CHD-01,temperature_c,1,bias,likely_fault,complete,bias,15,0,1,1
bias,630,CHD-01,pressure_hpa,0,clean,likely_genuine,complete,clean,95,0,0,0
bias,630,CHD-01,humidity_pct,0,clean,likely_genuine,complete,clean,73,0,0,0
bias,630,MOH-01,temperature_c,0,clean,likely_genuine,complete,clean,95,0,0,0
bias,630,MOH-01,pressure_hpa,0,clean,likely_genuine,complete,clean,95,0,0,0
bias,630,MOH-01,humidity_pct,0,clean,likely_genuine,complete,clean,88,0,0,0
bias,630,PKL-01,temperature_c,0,clean,likely_genuine,complete,clean,93,0,0,0
bias,630,PKL-01,pressure_hpa,0,clean,likely_genuine,complete,clean,95,0,0,0
bias,630,PKL-01,humidity_pct,0,clean,likely_genuine,complete,clean,86,0,0,0
bias,630,AMB-01,temperature_c,0,clean,likely_genuine,complete,clean,86,0,0,0
bias,630,AMB-01,pressure_hpa,0,clean,likely_genuine,complete,clean,91,0,0,0
bias,630,AMB-01,humidity_pct,0,clean,needs_review,complete,unknown,55,0,0,0
bias,630,PTA-01,temperature_c,0,clean,likely_genuine,complete,clean,89,0,0,0
bias,630,PTA-01,pressure_hpa,0,clean,likely_genuine,complete,clean,95,0,0,0
bias,630,PTA-01,humidity_pct,0,clean,needs_review,complete,unknown,40,0,1,0
bias,631,CHD-01,temperature_c,0,clean,needs_review,complete,noise,32,0,1,0
bias,631,CHD-01,pressure_hpa,0,clean,likely_genuine,complete,clean,84,0,0,0
bias,631,CHD-01,humidity_pct,0,clean,likely_genuine,complete,clean,70,0,0,0
bias,631,MOH-01,temperature_c,0,clean,likely_genuine,complete,clean,95,0,0,0
bias,631,MOH-01,pressure_hpa,0,clean,likely_genuine,complete,clean,94,0,0,0
bias,631,MOH-01,humidity_pct,0,clean,likely_genuine,complete,clean,88,0,0,0
bias,631,PKL-01,temperature_c,0,clean,likely_genuine,complete,clean,95,0,0,0
bias,631,PKL-01,pressure_hpa,0,clean,likely_genuine,complete,clean,94,0,0,0
bias,631,PKL-01,humidity_pct,0,clean,likely_genuine,complete,clean,83,0,0,0
bias,631,AMB-01,temperature_c,0,clean,likely_genuine,complete,clean,91,0,0,0
bias,631,AMB-01,pressure_hpa,0,clean,likely_genuine,complete,clean,92,0,0,0
bias,631,AMB-01,humidity_pct,0,clean,likely_genuine,complete,clean,80,0,0,0
bias,631,PTA-01,temperature_c,0,clean,likely_genuine,complete,clean,90,0,0,0
bias,631,PTA-01,pressure_hpa,0,clean,likely_genuine,complete,clean,92,0,0,0
bias,631,PTA-01,humidity_pct,0,clean,needs_review,complete,unknown,55,0,0,0
bias,632,CHD-01,temperature_c,0,clean,likely_genuine,complete,clean,78,0,0,0
bias,632,CHD-01,pressure_hpa,0,clean,likely_genuine,complete,clean,96,0,0,0
bias,632,CHD-01,humidity_pct,0,clean,likely_genuine,complete,clean,87,0,0,0
bias,632,MOH-01,temperature_c,0,clean,likely_genuine,complete,clean,92,0,0,0
bias,632,MOH-01,pressure_hpa,0,clean,likely_genuine,complete,clean,95,0,0,0
bias,632,MOH-01,humidity_pct,0,clean,likely_genuine,complete,clean,72,0,0,0
bias,632,PKL-01,temperature_c,0,clean,likely_genuine,complete,clean,95,0,0,0
bias,632,PKL-01,pressure_hpa,0,clean,likely_genuine,complete,clean,96,0,0,0
bias,632,PKL-01,humidity_pct,0,clean,likely_genuine,complete,clean,94,0,0,0
bias,632,AMB-01,temperature_c,0,clean,likely_genuine,complete,clean,92,0,0,0
bias,632,AMB-01,pressure_hpa,0,clean,likely_genuine,complete,clean,94,0,0,0
bias,632,AMB-01,humidity_pct,0,clean,likely_genuine,complete,clean,79,0,0,0
bias,632,PTA-01,temperature_c,0,clean,likely_genuine,complete,clean,95,0,0,0
bias,632,PTA-01,pressure_hpa,0,clean,likely_genuine,complete,clean,95,0,0,0
bias,632,PTA-01,humidity_pct,0,clean,needs_review,complete,unknown,57,0,1,0
bias,633,CHD-01,temperature_c,0,clean,likely_genuine,complete,clean,85,0,0,0
bias,633,CHD-01,pressure_hpa,0,clean,likely_genuine,complete,clean,95,0,0,0
bias,633,CHD-01,humidity_pct,0,clean,likely_genuine,complete,clean,84,0,0,0
bias,633,MOH-01,temperature_c,0,clean,likely_genuine,complete,clean,94,0,0,0
bias,633,MOH-01,pressure_hpa,0,clean,likely_genuine,complete,clean,96,0,0,0
bias,633,MOH-01,humidity_pct,0,clean,likely_genuine,complete,clean,76,0,0,0
bias,633,PKL-01,temperature_c,0,clean,likely_genuine,complete,clean,93,0,0,0
bias,633,PKL-01,pressure_hpa,0,clean,likely_genuine,complete,clean,95,0,0,0
bias,633,PKL-01,humidity_pct,0,clean,likely_genuine,complete,clean,88,0,0,0
bias,633,AMB-01,temperature_c,0,clean,likely_genuine,complete,clean,91,0,0,0
bias,633,AMB-01,pressure_hpa,0,clean,likely_genuine,complete,clean,95,0,0,0
bias,633,AMB-01,humidity_pct,0,clean,likely_genuine,complete,clean,78,0,0,0
bias,633,PTA-01,temperature_c,0,clean,likely_genuine,complete,clean,89,0,0,0
bias,633,PTA-01,pressure_hpa,0,clean,likely_genuine,complete,clean,94,0,0,0
bias,633,PTA-01,humidity_pct,0,clean,likely_genuine,complete,clean,67,0,0,0
bias,634,CHD-01,temperature_c,0,clean,likely_genuine,complete,clean,71,0,0,0
bias,634,CHD-01,pressure_hpa,0,clean,likely_genuine,complete,clean,94,0,0,0
bias,634,CHD-01,humidity_pct,0,clean,needs_review,complete,drift,34,0,1,0
bias,634,MOH-01,temperature_c,0,clean,likely_genuine,complete,clean,88,0,0,0
bias,634,MOH-01,pressure_hpa,0,clean,likely_genuine,complete,clean,95,0,0,0
bias,634,MOH-01,humidity_pct,0,clean,likely_genuine,complete,clean,73,0,0,0
bias,634,PKL-01,temperature_c,0,clean,likely_genuine,complete,clean,93,0,0,0
bias,634,PKL-01,pressure_hpa,0,clean,likely_genuine,complete,clean,95,0,0,0
bias,634,PKL-01,humidity_pct,0,clean,likely_genuine,complete,clean,89,0,0,0
bias,634,AMB-01,temperature_c,0,clean,likely_genuine,complete,clean,90,0,0,0
bias,634,AMB-01,pressure_hpa,0,clean,likely_genuine,complete,clean,94,0,0,0
bias,634,AMB-01,humidity_pct,0,clean,likely_genuine,complete,clean,74,0,0,0
bias,634,PTA-01,temperature_c,0,clean,likely_genuine,complete,clean,82,0,0,0
bias,634,PTA-01,pressure_hpa,0,clean,likely_genuine,complete,clean,94,0,0,0
bias,634,PTA-01,humidity_pct,0,clean,likely_genuine,complete,clean,76,0,0,0
noise,623,CHD-01,temperature_c,0,clean,likely_genuine,complete,clean,96,0,0,0
noise,623,CHD-01,pressure_hpa,0,clean,likely_genuine,complete,clean,96,0,0,0
noise,623,CHD-01,humidity_pct,0,clean,likely_genuine,complete,clean,86,0,0,0
noise,623,MOH-01,temperature_c,0,clean,likely_genuine,complete,clean,94,0,0,0
noise,623,MOH-01,pressure_hpa,0,clean,likely_genuine,complete,clean,96,0,0,0
noise,623,MOH-01,humidity_pct,0,clean,likely_genuine,complete,clean,95,0,0,0
noise,623,PKL-01,temperature_c,0,clean,likely_genuine,complete,clean,94,0,0,0
noise,623,PKL-01,pressure_hpa,0,clean,likely_genuine,complete,clean,96,0,0,0
noise,623,PKL-01,humidity_pct,0,clean,likely_genuine,complete,clean,90,0,0,0
noise,623,AMB-01,temperature_c,0,clean,likely_genuine,complete,clean,93,0,0,0
noise,623,AMB-01,pressure_hpa,0,clean,likely_genuine,complete,clean,96,0,0,0
noise,623,AMB-01,humidity_pct,0,clean,likely_genuine,complete,clean,69,0,0,0
noise,623,PTA-01,temperature_c,0,clean,likely_genuine,complete,clean,93,0,0,0
noise,623,PTA-01,pressure_hpa,0,clean,likely_genuine,complete,clean,79,0,0,0
noise,623,PTA-01,humidity_pct,0,clean,likely_genuine,complete,clean,95,0,0,0
noise,624,CHD-01,temperature_c,0,clean,likely_genuine,complete,clean,96,0,0,0
noise,624,CHD-01,pressure_hpa,0,clean,likely_genuine,complete,clean,95,0,0,0
noise,624,CHD-01,humidity_pct,0,clean,likely_genuine,complete,clean,88,0,0,0
noise,624,MOH-01,temperature_c,0,clean,likely_genuine,complete,clean,94,0,0,0
noise,624,MOH-01,pressure_hpa,0,clean,likely_genuine,complete,clean,94,0,0,0
noise,624,MOH-01,humidity_pct,0,clean,likely_genuine,complete,clean,75,0,0,0
noise,624,PKL-01,temperature_c,0,clean,likely_genuine,complete,clean,95,0,0,0
noise,624,PKL-01,pressure_hpa,0,clean,likely_genuine,complete,clean,95,0,0,0
noise,624,PKL-01,humidity_pct,0,clean,likely_genuine,complete,clean,93,0,0,0
noise,624,AMB-01,temperature_c,0,clean,likely_genuine,complete,clean,91,0,0,0
noise,624,AMB-01,pressure_hpa,0,clean,likely_genuine,complete,clean,94,0,0,0
noise,624,AMB-01,humidity_pct,0,clean,likely_genuine,complete,clean,65,0,0,0
noise,624,PTA-01,temperature_c,0,clean,likely_genuine,complete,clean,92,0,0,0
noise,624,PTA-01,pressure_hpa,0,clean,likely_genuine,complete,clean,94,0,0,0
noise,624,PTA-01,humidity_pct,0,clean,likely_genuine,complete,clean,77,0,0,0
noise,625,CHD-01,temperature_c,1,noise,likely_fault,complete,spike,8,0,1,1
noise,625,CHD-01,pressure_hpa,0,clean,likely_genuine,complete,clean,85,0,0,0
noise,625,CHD-01,humidity_pct,0,clean,likely_genuine,complete,clean,88,0,0,0
noise,625,MOH-01,temperature_c,0,clean,likely_genuine,complete,clean,94,0,0,0
noise,625,MOH-01,pressure_hpa,0,clean,likely_genuine,complete,clean,97,0,0,0
noise,625,MOH-01,humidity_pct,0,clean,likely_genuine,complete,clean,83,0,0,0
noise,625,PKL-01,temperature_c,0,clean,likely_genuine,complete,clean,95,0,0,0
noise,625,PKL-01,pressure_hpa,0,clean,likely_genuine,complete,clean,96,0,0,0
noise,625,PKL-01,humidity_pct,0,clean,likely_genuine,complete,clean,87,0,0,0
noise,625,AMB-01,temperature_c,0,clean,likely_genuine,complete,clean,92,0,0,0
noise,625,AMB-01,pressure_hpa,0,clean,likely_genuine,complete,clean,95,0,0,0
noise,625,AMB-01,humidity_pct,0,clean,likely_genuine,complete,clean,71,0,0,0
noise,625,PTA-01,temperature_c,0,clean,likely_genuine,complete,clean,93,0,0,0
noise,625,PTA-01,pressure_hpa,0,clean,likely_genuine,complete,clean,97,0,0,0
noise,625,PTA-01,humidity_pct,0,clean,likely_genuine,complete,clean,88,0,0,0
noise,626,CHD-01,temperature_c,1,noise,likely_fault,complete,noise,0,1,1,1
noise,626,CHD-01,pressure_hpa,0,clean,likely_genuine,complete,clean,81,0,0,0
noise,626,CHD-01,humidity_pct,0,clean,likely_genuine,complete,clean,78,0,0,0
noise,626,MOH-01,temperature_c,0,clean,likely_genuine,complete,clean,94,0,0,0
noise,626,MOH-01,pressure_hpa,0,clean,likely_genuine,complete,clean,94,0,0,0
noise,626,MOH-01,humidity_pct,0,clean,likely_genuine,complete,clean,89,0,0,0
noise,626,PKL-01,temperature_c,0,clean,likely_genuine,complete,clean,95,0,0,0
noise,626,PKL-01,pressure_hpa,0,clean,likely_genuine,complete,clean,94,0,0,0
noise,626,PKL-01,humidity_pct,0,clean,likely_genuine,complete,clean,89,0,0,0
noise,626,AMB-01,temperature_c,0,clean,likely_genuine,complete,clean,92,0,0,0
noise,626,AMB-01,pressure_hpa,0,clean,likely_genuine,complete,clean,94,0,0,0
noise,626,AMB-01,humidity_pct,0,clean,likely_genuine,complete,clean,81,0,0,0
noise,626,PTA-01,temperature_c,0,clean,likely_genuine,complete,clean,94,0,0,0
noise,626,PTA-01,pressure_hpa,0,clean,likely_genuine,complete,clean,95,0,0,0
noise,626,PTA-01,humidity_pct,0,clean,likely_genuine,complete,clean,92,0,0,0
noise,627,CHD-01,temperature_c,1,noise,likely_fault,complete,noise,5,1,1,1
noise,627,CHD-01,pressure_hpa,0,clean,likely_genuine,complete,clean,79,0,0,0
noise,627,CHD-01,humidity_pct,0,clean,likely_genuine,complete,clean,78,0,0,0
noise,627,MOH-01,temperature_c,0,clean,likely_genuine,complete,clean,94,0,0,0
noise,627,MOH-01,pressure_hpa,0,clean,likely_genuine,complete,clean,96,0,0,0
noise,627,MOH-01,humidity_pct,0,clean,likely_genuine,complete,clean,91,0,0,0
noise,627,PKL-01,temperature_c,0,clean,likely_genuine,complete,clean,91,0,0,0
noise,627,PKL-01,pressure_hpa,0,clean,likely_genuine,complete,clean,95,0,0,0
noise,627,PKL-01,humidity_pct,0,clean,likely_genuine,complete,clean,93,0,0,0
noise,627,AMB-01,temperature_c,0,clean,likely_genuine,complete,clean,95,0,0,0
noise,627,AMB-01,pressure_hpa,0,clean,likely_genuine,complete,clean,95,0,0,0
noise,627,AMB-01,humidity_pct,0,clean,likely_genuine,complete,clean,90,0,0,0
noise,627,PTA-01,temperature_c,0,clean,likely_genuine,complete,clean,95,0,0,0
noise,627,PTA-01,pressure_hpa,0,clean,likely_genuine,complete,clean,86,0,0,0
noise,627,PTA-01,humidity_pct,0,clean,likely_genuine,complete,clean,92,0,0,0
noise,628,CHD-01,temperature_c,1,noise,likely_fault,complete,noise,28,0,1,1
noise,628,CHD-01,pressure_hpa,0,clean,likely_genuine,complete,clean,86,0,0,0
noise,628,CHD-01,humidity_pct,0,clean,likely_genuine,complete,clean,85,0,0,0
noise,628,MOH-01,temperature_c,0,clean,likely_genuine,complete,clean,96,0,0,0
noise,628,MOH-01,pressure_hpa,0,clean,likely_genuine,complete,clean,95,0,0,0
noise,628,MOH-01,humidity_pct,0,clean,likely_genuine,complete,clean,93,0,0,0
noise,628,PKL-01,temperature_c,0,clean,likely_genuine,complete,clean,91,0,0,0
noise,628,PKL-01,pressure_hpa,0,clean,likely_genuine,complete,clean,94,0,0,0
noise,628,PKL-01,humidity_pct,0,clean,likely_genuine,complete,clean,86,0,0,0
noise,628,AMB-01,temperature_c,0,clean,likely_genuine,complete,clean,95,0,0,0
noise,628,AMB-01,pressure_hpa,0,clean,likely_genuine,complete,clean,94,0,0,0
noise,628,AMB-01,humidity_pct,0,clean,likely_genuine,complete,clean,89,0,0,0
noise,628,PTA-01,temperature_c,0,clean,likely_genuine,complete,clean,79,0,0,0
noise,628,PTA-01,pressure_hpa,0,clean,likely_genuine,complete,clean,89,0,0,0
noise,628,PTA-01,humidity_pct,0,clean,needs_review,complete,drift,38,0,0,0
noise,629,CHD-01,temperature_c,1,noise,likely_fault,complete,spike,12,0,1,1
noise,629,CHD-01,pressure_hpa,0,clean,likely_genuine,complete,clean,89,0,0,0
noise,629,CHD-01,humidity_pct,0,clean,likely_genuine,complete,clean,85,0,0,0
noise,629,MOH-01,temperature_c,0,clean,likely_genuine,complete,clean,95,0,0,0
noise,629,MOH-01,pressure_hpa,0,clean,likely_genuine,complete,clean,96,0,0,0
noise,629,MOH-01,humidity_pct,0,clean,likely_genuine,complete,clean,94,0,0,0
noise,629,PKL-01,temperature_c,0,clean,likely_genuine,complete,clean,95,0,0,0
noise,629,PKL-01,pressure_hpa,0,clean,likely_genuine,complete,clean,96,0,0,0
noise,629,PKL-01,humidity_pct,0,clean,likely_genuine,complete,clean,93,0,0,0
noise,629,AMB-01,temperature_c,0,clean,likely_genuine,complete,clean,96,0,0,0
noise,629,AMB-01,pressure_hpa,0,clean,likely_genuine,complete,clean,96,0,0,0
noise,629,AMB-01,humidity_pct,0,clean,likely_genuine,complete,clean,95,0,0,0
noise,629,PTA-01,temperature_c,0,clean,likely_genuine,complete,clean,88,0,0,0
noise,629,PTA-01,pressure_hpa,0,clean,likely_genuine,complete,clean,91,0,0,0
noise,629,PTA-01,humidity_pct,0,clean,needs_review,complete,unknown,55,0,0,0
noise,630,CHD-01,temperature_c,1,noise,likely_fault,complete,noise,0,1,1,1
noise,630,CHD-01,pressure_hpa,0,clean,likely_genuine,complete,clean,79,0,0,0
noise,630,CHD-01,humidity_pct,0,clean,needs_review,complete,unknown,59,0,0,0
noise,630,MOH-01,temperature_c,0,clean,likely_genuine,complete,clean,85,0,0,0
noise,630,MOH-01,pressure_hpa,0,clean,likely_genuine,complete,clean,95,0,0,0
noise,630,MOH-01,humidity_pct,0,clean,likely_genuine,complete,clean,87,0,0,0
noise,630,PKL-01,temperature_c,0,clean,likely_genuine,complete,clean,85,0,0,0
noise,630,PKL-01,pressure_hpa,0,clean,likely_genuine,complete,clean,94,0,0,0
noise,630,PKL-01,humidity_pct,0,clean,likely_genuine,complete,clean,86,0,0,0
noise,630,AMB-01,temperature_c,0,clean,likely_genuine,complete,clean,88,0,0,0
noise,630,AMB-01,pressure_hpa,0,clean,likely_genuine,complete,clean,91,0,0,0
noise,630,AMB-01,humidity_pct,0,clean,needs_review,complete,unknown,55,0,0,0
noise,630,PTA-01,temperature_c,0,clean,likely_genuine,complete,clean,91,0,0,0
noise,630,PTA-01,pressure_hpa,0,clean,likely_genuine,complete,clean,94,0,0,0
noise,630,PTA-01,humidity_pct,0,clean,needs_review,complete,unknown,39,0,1,0
noise,631,CHD-01,temperature_c,0,clean,likely_fault,complete,noise,20,1,1,1
noise,631,CHD-01,pressure_hpa,0,clean,likely_genuine,complete,clean,84,0,0,0
noise,631,CHD-01,humidity_pct,0,clean,likely_genuine,complete,clean,73,0,0,0
noise,631,MOH-01,temperature_c,0,clean,likely_genuine,complete,clean,95,0,0,0
noise,631,MOH-01,pressure_hpa,0,clean,likely_genuine,complete,clean,94,0,0,0
noise,631,MOH-01,humidity_pct,0,clean,likely_genuine,complete,clean,88,0,0,0
noise,631,PKL-01,temperature_c,0,clean,likely_genuine,complete,clean,94,0,0,0
noise,631,PKL-01,pressure_hpa,0,clean,likely_genuine,complete,clean,93,0,0,0
noise,631,PKL-01,humidity_pct,0,clean,likely_genuine,complete,clean,83,0,0,0
noise,631,AMB-01,temperature_c,0,clean,likely_genuine,complete,clean,92,0,0,0
noise,631,AMB-01,pressure_hpa,0,clean,likely_genuine,complete,clean,92,0,0,0
noise,631,AMB-01,humidity_pct,0,clean,likely_genuine,complete,clean,80,0,0,0
noise,631,PTA-01,temperature_c,0,clean,likely_genuine,complete,clean,92,0,0,0
noise,631,PTA-01,pressure_hpa,0,clean,likely_genuine,complete,clean,92,0,0,0
noise,631,PTA-01,humidity_pct,0,clean,needs_review,complete,unknown,56,0,0,0
noise,632,CHD-01,temperature_c,0,clean,likely_genuine,complete,clean,76,0,0,0
noise,632,CHD-01,pressure_hpa,0,clean,likely_genuine,complete,clean,96,0,0,0
noise,632,CHD-01,humidity_pct,0,clean,likely_genuine,complete,clean,87,0,0,0
noise,632,MOH-01,temperature_c,0,clean,likely_genuine,complete,clean,93,0,0,0
noise,632,MOH-01,pressure_hpa,0,clean,likely_genuine,complete,clean,95,0,0,0
noise,632,MOH-01,humidity_pct,0,clean,likely_genuine,complete,clean,72,0,0,0
noise,632,PKL-01,temperature_c,0,clean,likely_genuine,complete,clean,95,0,0,0
noise,632,PKL-01,pressure_hpa,0,clean,likely_genuine,complete,clean,96,0,0,0
noise,632,PKL-01,humidity_pct,0,clean,likely_genuine,complete,clean,94,0,0,0
noise,632,AMB-01,temperature_c,0,clean,likely_genuine,complete,clean,92,0,0,0
noise,632,AMB-01,pressure_hpa,0,clean,likely_genuine,complete,clean,94,0,0,0
noise,632,AMB-01,humidity_pct,0,clean,likely_genuine,complete,clean,79,0,0,0
noise,632,PTA-01,temperature_c,0,clean,likely_genuine,complete,clean,95,0,0,0
noise,632,PTA-01,pressure_hpa,0,clean,likely_genuine,complete,clean,95,0,0,0
noise,632,PTA-01,humidity_pct,0,clean,needs_review,complete,unknown,57,0,1,0
noise,633,CHD-01,temperature_c,0,clean,likely_genuine,complete,clean,82,0,0,0
noise,633,CHD-01,pressure_hpa,0,clean,likely_genuine,complete,clean,95,0,0,0
noise,633,CHD-01,humidity_pct,0,clean,likely_genuine,complete,clean,84,0,0,0
noise,633,MOH-01,temperature_c,0,clean,likely_genuine,complete,clean,94,0,0,0
noise,633,MOH-01,pressure_hpa,0,clean,likely_genuine,complete,clean,96,0,0,0
noise,633,MOH-01,humidity_pct,0,clean,likely_genuine,complete,clean,76,0,0,0
noise,633,PKL-01,temperature_c,0,clean,likely_genuine,complete,clean,93,0,0,0
noise,633,PKL-01,pressure_hpa,0,clean,likely_genuine,complete,clean,95,0,0,0
noise,633,PKL-01,humidity_pct,0,clean,likely_genuine,complete,clean,88,0,0,0
noise,633,AMB-01,temperature_c,0,clean,likely_genuine,complete,clean,91,0,0,0
noise,633,AMB-01,pressure_hpa,0,clean,likely_genuine,complete,clean,95,0,0,0
noise,633,AMB-01,humidity_pct,0,clean,likely_genuine,complete,clean,78,0,0,0
noise,633,PTA-01,temperature_c,0,clean,likely_genuine,complete,clean,89,0,0,0
noise,633,PTA-01,pressure_hpa,0,clean,likely_genuine,complete,clean,94,0,0,0
noise,633,PTA-01,humidity_pct,0,clean,likely_genuine,complete,clean,67,0,0,0
noise,634,CHD-01,temperature_c,0,clean,likely_genuine,complete,clean,74,0,0,0
noise,634,CHD-01,pressure_hpa,0,clean,likely_genuine,complete,clean,94,0,0,0
noise,634,CHD-01,humidity_pct,0,clean,needs_review,complete,drift,34,0,1,0
noise,634,MOH-01,temperature_c,0,clean,likely_genuine,complete,clean,88,0,0,0
noise,634,MOH-01,pressure_hpa,0,clean,likely_genuine,complete,clean,95,0,0,0
noise,634,MOH-01,humidity_pct,0,clean,likely_genuine,complete,clean,73,0,0,0
noise,634,PKL-01,temperature_c,0,clean,likely_genuine,complete,clean,93,0,0,0
noise,634,PKL-01,pressure_hpa,0,clean,likely_genuine,complete,clean,95,0,0,0
noise,634,PKL-01,humidity_pct,0,clean,likely_genuine,complete,clean,89,0,0,0
noise,634,AMB-01,temperature_c,0,clean,likely_genuine,complete,clean,90,0,0,0
noise,634,AMB-01,pressure_hpa,0,clean,likely_genuine,complete,clean,94,0,0,0
noise,634,AMB-01,humidity_pct,0,clean,likely_genuine,complete,clean,74,0,0,0
noise,634,PTA-01,temperature_c,0,clean,likely_genuine,complete,clean,82,0,0,0
noise,634,PTA-01,pressure_hpa,0,clean,likely_genuine,complete,clean,94,0,0,0
noise,634,PTA-01,humidity_pct,0,clean,likely_genuine,complete,clean,76,0,0,0
missing,623,CHD-01,temperature_c,0,clean,likely_genuine,complete,clean,96,0,0,0
missing,623,CHD-01,pressure_hpa,0,clean,likely_genuine,complete,clean,96,0,0,0
missing,623,CHD-01,humidity_pct,0,clean,likely_genuine,complete,clean,86,0,0,0
missing,623,MOH-01,temperature_c,0,clean,likely_genuine,complete,clean,94,0,0,0
missing,623,MOH-01,pressure_hpa,0,clean,likely_genuine,complete,clean,96,0,0,0
missing,623,MOH-01,humidity_pct,0,clean,likely_genuine,complete,clean,95,0,0,0
missing,623,PKL-01,temperature_c,0,clean,likely_genuine,complete,clean,94,0,0,0
missing,623,PKL-01,pressure_hpa,0,clean,likely_genuine,complete,clean,96,0,0,0
missing,623,PKL-01,humidity_pct,0,clean,likely_genuine,complete,clean,90,0,0,0
missing,623,AMB-01,temperature_c,0,clean,likely_genuine,complete,clean,93,0,0,0
missing,623,AMB-01,pressure_hpa,0,clean,likely_genuine,complete,clean,96,0,0,0
missing,623,AMB-01,humidity_pct,0,clean,likely_genuine,complete,clean,69,0,0,0
missing,623,PTA-01,temperature_c,0,clean,likely_genuine,complete,clean,93,0,0,0
missing,623,PTA-01,pressure_hpa,0,clean,likely_genuine,complete,clean,79,0,0,0
missing,623,PTA-01,humidity_pct,0,clean,likely_genuine,complete,clean,95,0,0,0
missing,624,CHD-01,temperature_c,0,clean,likely_genuine,complete,clean,96,0,0,0
missing,624,CHD-01,pressure_hpa,0,clean,likely_genuine,complete,clean,95,0,0,0
missing,624,CHD-01,humidity_pct,0,clean,likely_genuine,complete,clean,88,0,0,0
missing,624,MOH-01,temperature_c,0,clean,likely_genuine,complete,clean,94,0,0,0
missing,624,MOH-01,pressure_hpa,0,clean,likely_genuine,complete,clean,94,0,0,0
missing,624,MOH-01,humidity_pct,0,clean,likely_genuine,complete,clean,75,0,0,0
missing,624,PKL-01,temperature_c,0,clean,likely_genuine,complete,clean,95,0,0,0
missing,624,PKL-01,pressure_hpa,0,clean,likely_genuine,complete,clean,95,0,0,0
missing,624,PKL-01,humidity_pct,0,clean,likely_genuine,complete,clean,93,0,0,0
missing,624,AMB-01,temperature_c,0,clean,likely_genuine,complete,clean,91,0,0,0
missing,624,AMB-01,pressure_hpa,0,clean,likely_genuine,complete,clean,94,0,0,0
missing,624,AMB-01,humidity_pct,0,clean,likely_genuine,complete,clean,65,0,0,0
missing,624,PTA-01,temperature_c,0,clean,likely_genuine,complete,clean,92,0,0,0
missing,624,PTA-01,pressure_hpa,0,clean,likely_genuine,complete,clean,94,0,0,0
missing,624,PTA-01,humidity_pct,0,clean,likely_genuine,complete,clean,77,0,0,0
missing,625,CHD-01,temperature_c,1,missing,needs_review,missing,missing,,1,0,1
missing,625,CHD-01,pressure_hpa,0,clean,likely_genuine,complete,clean,97,0,0,0
missing,625,CHD-01,humidity_pct,0,clean,likely_genuine,complete,clean,94,0,0,0
missing,625,MOH-01,temperature_c,0,clean,likely_genuine,complete,clean,95,0,0,0
missing,625,MOH-01,pressure_hpa,0,clean,likely_genuine,complete,clean,97,0,0,0
missing,625,MOH-01,humidity_pct,0,clean,likely_genuine,complete,clean,83,0,0,0
missing,625,PKL-01,temperature_c,0,clean,likely_genuine,complete,clean,95,0,0,0
missing,625,PKL-01,pressure_hpa,0,clean,likely_genuine,complete,clean,96,0,0,0
missing,625,PKL-01,humidity_pct,0,clean,likely_genuine,complete,clean,87,0,0,0
missing,625,AMB-01,temperature_c,0,clean,likely_genuine,complete,clean,91,0,0,0
missing,625,AMB-01,pressure_hpa,0,clean,likely_genuine,complete,clean,95,0,0,0
missing,625,AMB-01,humidity_pct,0,clean,likely_genuine,complete,clean,71,0,0,0
missing,625,PTA-01,temperature_c,0,clean,likely_genuine,complete,clean,93,0,0,0
missing,625,PTA-01,pressure_hpa,0,clean,likely_genuine,complete,clean,97,0,0,0
missing,625,PTA-01,humidity_pct,0,clean,likely_genuine,complete,clean,88,0,0,0
missing,626,CHD-01,temperature_c,1,missing,needs_review,missing,missing,,1,0,1
missing,626,CHD-01,pressure_hpa,0,clean,likely_genuine,complete,clean,96,0,0,0
missing,626,CHD-01,humidity_pct,0,clean,likely_genuine,complete,clean,91,0,0,0
missing,626,MOH-01,temperature_c,0,clean,likely_genuine,complete,clean,95,0,0,0
missing,626,MOH-01,pressure_hpa,0,clean,likely_genuine,complete,clean,94,0,0,0
missing,626,MOH-01,humidity_pct,0,clean,likely_genuine,complete,clean,89,0,0,0
missing,626,PKL-01,temperature_c,0,clean,likely_genuine,complete,clean,95,0,0,0
missing,626,PKL-01,pressure_hpa,0,clean,likely_genuine,complete,clean,94,0,0,0
missing,626,PKL-01,humidity_pct,0,clean,likely_genuine,complete,clean,89,0,0,0
missing,626,AMB-01,temperature_c,0,clean,likely_genuine,complete,clean,92,0,0,0
missing,626,AMB-01,pressure_hpa,0,clean,likely_genuine,complete,clean,94,0,0,0
missing,626,AMB-01,humidity_pct,0,clean,likely_genuine,complete,clean,81,0,0,0
missing,626,PTA-01,temperature_c,0,clean,likely_genuine,complete,clean,93,0,0,0
missing,626,PTA-01,pressure_hpa,0,clean,likely_genuine,complete,clean,95,0,0,0
missing,626,PTA-01,humidity_pct,0,clean,likely_genuine,complete,clean,91,0,0,0
missing,627,CHD-01,temperature_c,1,missing,needs_review,missing,missing,,1,0,1
missing,627,CHD-01,pressure_hpa,0,clean,likely_genuine,complete,clean,95,0,0,0
missing,627,CHD-01,humidity_pct,0,clean,likely_genuine,complete,clean,92,0,0,0
missing,627,MOH-01,temperature_c,0,clean,likely_genuine,complete,clean,94,0,0,0
missing,627,MOH-01,pressure_hpa,0,clean,likely_genuine,complete,clean,96,0,0,0
missing,627,MOH-01,humidity_pct,0,clean,likely_genuine,complete,clean,91,0,0,0
missing,627,PKL-01,temperature_c,0,clean,likely_genuine,complete,clean,92,0,0,0
missing,627,PKL-01,pressure_hpa,0,clean,likely_genuine,complete,clean,95,0,0,0
missing,627,PKL-01,humidity_pct,0,clean,likely_genuine,complete,clean,93,0,0,0
missing,627,AMB-01,temperature_c,0,clean,likely_genuine,complete,clean,94,0,0,0
missing,627,AMB-01,pressure_hpa,0,clean,likely_genuine,complete,clean,95,0,0,0
missing,627,AMB-01,humidity_pct,0,clean,likely_genuine,complete,clean,90,0,0,0
missing,627,PTA-01,temperature_c,0,clean,likely_genuine,complete,clean,94,0,0,0
missing,627,PTA-01,pressure_hpa,0,clean,likely_genuine,complete,clean,86,0,0,0
missing,627,PTA-01,humidity_pct,0,clean,likely_genuine,complete,clean,92,0,0,0
missing,628,CHD-01,temperature_c,1,missing,needs_review,missing,missing,,1,0,1
missing,628,CHD-01,pressure_hpa,0,clean,likely_genuine,complete,clean,94,0,0,0
missing,628,CHD-01,humidity_pct,0,clean,likely_genuine,complete,clean,89,0,0,0
missing,628,MOH-01,temperature_c,0,clean,likely_genuine,complete,clean,95,0,0,0
missing,628,MOH-01,pressure_hpa,0,clean,likely_genuine,complete,clean,95,0,0,0
missing,628,MOH-01,humidity_pct,0,clean,likely_genuine,complete,clean,93,0,0,0
missing,628,PKL-01,temperature_c,0,clean,likely_genuine,complete,clean,88,0,0,0
missing,628,PKL-01,pressure_hpa,0,clean,likely_genuine,complete,clean,94,0,0,0
missing,628,PKL-01,humidity_pct,0,clean,likely_genuine,complete,clean,86,0,0,0
missing,628,AMB-01,temperature_c,0,clean,likely_genuine,complete,clean,96,0,0,0
missing,628,AMB-01,pressure_hpa,0,clean,likely_genuine,complete,clean,93,0,0,0
missing,628,AMB-01,humidity_pct,0,clean,likely_genuine,complete,clean,90,0,0,0
missing,628,PTA-01,temperature_c,0,clean,likely_genuine,complete,clean,84,0,0,0
missing,628,PTA-01,pressure_hpa,0,clean,likely_genuine,complete,clean,89,0,0,0
missing,628,PTA-01,humidity_pct,0,clean,needs_review,complete,drift,39,0,0,0
missing,629,CHD-01,temperature_c,1,missing,needs_review,missing,missing,,1,0,1
missing,629,CHD-01,pressure_hpa,0,clean,likely_genuine,complete,clean,95,0,0,0
missing,629,CHD-01,humidity_pct,0,clean,likely_genuine,complete,clean,92,0,0,0
missing,629,MOH-01,temperature_c,0,clean,likely_genuine,complete,clean,94,0,0,0
missing,629,MOH-01,pressure_hpa,0,clean,likely_genuine,complete,clean,96,0,0,0
missing,629,MOH-01,humidity_pct,0,clean,likely_genuine,complete,clean,94,0,0,0
missing,629,PKL-01,temperature_c,0,clean,likely_genuine,complete,clean,95,0,0,0
missing,629,PKL-01,pressure_hpa,0,clean,likely_genuine,complete,clean,96,0,0,0
missing,629,PKL-01,humidity_pct,0,clean,likely_genuine,complete,clean,93,0,0,0
missing,629,AMB-01,temperature_c,0,clean,likely_genuine,complete,clean,95,0,0,0
missing,629,AMB-01,pressure_hpa,0,clean,likely_genuine,complete,clean,96,0,0,0
missing,629,AMB-01,humidity_pct,0,clean,likely_genuine,complete,clean,95,0,0,0
missing,629,PTA-01,temperature_c,0,clean,likely_genuine,complete,clean,89,0,0,0
missing,629,PTA-01,pressure_hpa,0,clean,likely_genuine,complete,clean,91,0,0,0
missing,629,PTA-01,humidity_pct,0,clean,needs_review,complete,unknown,55,0,0,0
missing,630,CHD-01,temperature_c,1,missing,needs_review,missing,missing,,1,0,1
missing,630,CHD-01,pressure_hpa,0,clean,likely_genuine,complete,clean,95,0,0,0
missing,630,CHD-01,humidity_pct,0,clean,likely_genuine,complete,clean,71,0,0,0
missing,630,MOH-01,temperature_c,0,clean,likely_genuine,complete,clean,92,0,0,0
missing,630,MOH-01,pressure_hpa,0,clean,likely_genuine,complete,clean,95,0,0,0
missing,630,MOH-01,humidity_pct,0,clean,likely_genuine,complete,clean,88,0,0,0
missing,630,PKL-01,temperature_c,0,clean,likely_genuine,complete,clean,91,0,0,0
missing,630,PKL-01,pressure_hpa,0,clean,likely_genuine,complete,clean,95,0,0,0
missing,630,PKL-01,humidity_pct,0,clean,likely_genuine,complete,clean,86,0,0,0
missing,630,AMB-01,temperature_c,0,clean,likely_genuine,complete,clean,87,0,0,0
missing,630,AMB-01,pressure_hpa,0,clean,likely_genuine,complete,clean,91,0,0,0
missing,630,AMB-01,humidity_pct,0,clean,needs_review,complete,unknown,55,0,0,0
missing,630,PTA-01,temperature_c,0,clean,likely_genuine,complete,clean,90,0,0,0
missing,630,PTA-01,pressure_hpa,0,clean,likely_genuine,complete,clean,95,0,0,0
missing,630,PTA-01,humidity_pct,0,clean,needs_review,complete,unknown,40,0,1,0
missing,631,CHD-01,temperature_c,0,clean,likely_fault,complete,spike,14,0,1,1
missing,631,CHD-01,pressure_hpa,0,clean,likely_genuine,complete,clean,89,0,0,0
missing,631,CHD-01,humidity_pct,0,clean,likely_genuine,complete,clean,74,0,0,0
missing,631,MOH-01,temperature_c,0,clean,likely_genuine,complete,clean,95,0,0,0
missing,631,MOH-01,pressure_hpa,0,clean,likely_genuine,complete,clean,94,0,0,0
missing,631,MOH-01,humidity_pct,0,clean,likely_genuine,complete,clean,88,0,0,0
missing,631,PKL-01,temperature_c,0,clean,likely_genuine,complete,clean,94,0,0,0
missing,631,PKL-01,pressure_hpa,0,clean,likely_genuine,complete,clean,93,0,0,0
missing,631,PKL-01,humidity_pct,0,clean,likely_genuine,complete,clean,83,0,0,0
missing,631,AMB-01,temperature_c,0,clean,likely_genuine,complete,clean,92,0,0,0
missing,631,AMB-01,pressure_hpa,0,clean,likely_genuine,complete,clean,92,0,0,0
missing,631,AMB-01,humidity_pct,0,clean,likely_genuine,complete,clean,80,0,0,0
missing,631,PTA-01,temperature_c,0,clean,likely_genuine,complete,clean,92,0,0,0
missing,631,PTA-01,pressure_hpa,0,clean,likely_genuine,complete,clean,92,0,0,0
missing,631,PTA-01,humidity_pct,0,clean,needs_review,complete,unknown,56,0,0,0
missing,632,CHD-01,temperature_c,0,clean,likely_fault,complete,bias,27,0,1,1
missing,632,CHD-01,pressure_hpa,0,clean,likely_genuine,complete,clean,96,0,0,0
missing,632,CHD-01,humidity_pct,0,clean,likely_genuine,complete,clean,87,0,0,0
missing,632,MOH-01,temperature_c,0,clean,likely_genuine,complete,clean,93,0,0,0
missing,632,MOH-01,pressure_hpa,0,clean,likely_genuine,complete,clean,95,0,0,0
missing,632,MOH-01,humidity_pct,0,clean,likely_genuine,complete,clean,72,0,0,0
missing,632,PKL-01,temperature_c,0,clean,likely_genuine,complete,clean,95,0,0,0
missing,632,PKL-01,pressure_hpa,0,clean,likely_genuine,complete,clean,96,0,0,0
missing,632,PKL-01,humidity_pct,0,clean,likely_genuine,complete,clean,94,0,0,0
missing,632,AMB-01,temperature_c,0,clean,likely_genuine,complete,clean,92,0,0,0
missing,632,AMB-01,pressure_hpa,0,clean,likely_genuine,complete,clean,94,0,0,0
missing,632,AMB-01,humidity_pct,0,clean,likely_genuine,complete,clean,79,0,0,0
missing,632,PTA-01,temperature_c,0,clean,likely_genuine,complete,clean,94,0,0,0
missing,632,PTA-01,pressure_hpa,0,clean,likely_genuine,complete,clean,95,0,0,0
missing,632,PTA-01,humidity_pct,0,clean,needs_review,complete,unknown,57,0,1,0
missing,633,CHD-01,temperature_c,0,clean,needs_review,complete,bias,41,0,0,0
missing,633,CHD-01,pressure_hpa,0,clean,likely_genuine,complete,clean,95,0,0,0
missing,633,CHD-01,humidity_pct,0,clean,likely_genuine,complete,clean,84,0,0,0
missing,633,MOH-01,temperature_c,0,clean,likely_genuine,complete,clean,94,0,0,0
missing,633,MOH-01,pressure_hpa,0,clean,likely_genuine,complete,clean,96,0,0,0
missing,633,MOH-01,humidity_pct,0,clean,likely_genuine,complete,clean,76,0,0,0
missing,633,PKL-01,temperature_c,0,clean,likely_genuine,complete,clean,93,0,0,0
missing,633,PKL-01,pressure_hpa,0,clean,likely_genuine,complete,clean,95,0,0,0
missing,633,PKL-01,humidity_pct,0,clean,likely_genuine,complete,clean,88,0,0,0
missing,633,AMB-01,temperature_c,0,clean,likely_genuine,complete,clean,91,0,0,0
missing,633,AMB-01,pressure_hpa,0,clean,likely_genuine,complete,clean,95,0,0,0
missing,633,AMB-01,humidity_pct,0,clean,likely_genuine,complete,clean,78,0,0,0
missing,633,PTA-01,temperature_c,0,clean,likely_genuine,complete,clean,90,0,0,0
missing,633,PTA-01,pressure_hpa,0,clean,likely_genuine,complete,clean,94,0,0,0
missing,633,PTA-01,humidity_pct,0,clean,likely_genuine,complete,clean,67,0,0,0
missing,634,CHD-01,temperature_c,0,clean,likely_genuine,complete,clean,75,0,0,0
missing,634,CHD-01,pressure_hpa,0,clean,likely_genuine,complete,clean,94,0,0,0
missing,634,CHD-01,humidity_pct,0,clean,needs_review,complete,drift,34,0,1,0
missing,634,MOH-01,temperature_c,0,clean,likely_genuine,complete,clean,87,0,0,0
missing,634,MOH-01,pressure_hpa,0,clean,likely_genuine,complete,clean,95,0,0,0
missing,634,MOH-01,humidity_pct,0,clean,likely_genuine,complete,clean,73,0,0,0
missing,634,PKL-01,temperature_c,0,clean,likely_genuine,complete,clean,94,0,0,0
missing,634,PKL-01,pressure_hpa,0,clean,likely_genuine,complete,clean,95,0,0,0
missing,634,PKL-01,humidity_pct,0,clean,likely_genuine,complete,clean,89,0,0,0
missing,634,AMB-01,temperature_c,0,clean,likely_genuine,complete,clean,92,0,0,0
missing,634,AMB-01,pressure_hpa,0,clean,likely_genuine,complete,clean,94,0,0,0
missing,634,AMB-01,humidity_pct,0,clean,likely_genuine,complete,clean,74,0,0,0
missing,634,PTA-01,temperature_c,0,clean,likely_genuine,complete,clean,88,0,0,0
missing,634,PTA-01,pressure_hpa,0,clean,likely_genuine,complete,clean,94,0,0,0
missing,634,PTA-01,humidity_pct,0,clean,likely_genuine,complete,clean,76,0,0,0
regional,623,CHD-01,temperature_c,0,clean,likely_genuine,complete,clean,96,0,0,0
regional,623,CHD-01,pressure_hpa,0,clean,likely_genuine,complete,clean,96,0,0,0
regional,623,CHD-01,humidity_pct,0,clean,likely_genuine,complete,clean,86,0,0,0
regional,623,MOH-01,temperature_c,0,clean,likely_genuine,complete,clean,94,0,0,0
regional,623,MOH-01,pressure_hpa,0,clean,likely_genuine,complete,clean,95,0,0,0
regional,623,MOH-01,humidity_pct,0,clean,likely_genuine,complete,clean,94,0,0,0
regional,623,PKL-01,temperature_c,0,clean,likely_genuine,complete,clean,92,0,0,0
regional,623,PKL-01,pressure_hpa,0,clean,likely_genuine,complete,clean,96,0,0,0
regional,623,PKL-01,humidity_pct,0,clean,likely_genuine,complete,clean,88,0,0,0
regional,623,AMB-01,temperature_c,0,clean,likely_genuine,complete,clean,91,0,0,0
regional,623,AMB-01,pressure_hpa,0,clean,likely_genuine,complete,clean,95,0,0,0
regional,623,AMB-01,humidity_pct,0,clean,likely_genuine,complete,clean,85,0,0,0
regional,623,PTA-01,temperature_c,0,clean,likely_genuine,complete,clean,94,0,0,0
regional,623,PTA-01,pressure_hpa,0,clean,likely_genuine,complete,clean,94,0,0,0
regional,623,PTA-01,humidity_pct,0,clean,likely_genuine,complete,clean,95,0,0,0
regional,624,CHD-01,temperature_c,0,clean,likely_genuine,complete,clean,95,0,0,0
regional,624,CHD-01,pressure_hpa,0,clean,likely_genuine,complete,clean,94,0,0,0
regional,624,CHD-01,humidity_pct,0,clean,likely_genuine,complete,clean,89,0,0,0
regional,624,MOH-01,temperature_c,0,clean,likely_genuine,complete,clean,95,0,0,0
regional,624,MOH-01,pressure_hpa,0,clean,likely_genuine,complete,clean,94,0,0,0
regional,624,MOH-01,humidity_pct,0,clean,likely_genuine,complete,clean,77,0,0,0
regional,624,PKL-01,temperature_c,0,clean,likely_genuine,complete,clean,94,0,0,0
regional,624,PKL-01,pressure_hpa,0,clean,likely_genuine,complete,clean,96,0,0,0
regional,624,PKL-01,humidity_pct,0,clean,likely_genuine,complete,clean,94,0,0,0
regional,624,AMB-01,temperature_c,0,clean,likely_genuine,complete,clean,92,0,0,0
regional,624,AMB-01,pressure_hpa,0,clean,likely_genuine,complete,clean,95,0,0,0
regional,624,AMB-01,humidity_pct,0,clean,likely_genuine,complete,clean,75,0,0,0
regional,624,PTA-01,temperature_c,0,clean,likely_genuine,complete,clean,93,0,0,0
regional,624,PTA-01,pressure_hpa,0,clean,likely_genuine,complete,clean,94,0,0,0
regional,624,PTA-01,humidity_pct,0,clean,likely_genuine,complete,clean,76,0,0,0
regional,625,CHD-01,temperature_c,0,clean,likely_genuine,complete,clean,95,0,0,0
regional,625,CHD-01,pressure_hpa,0,clean,likely_genuine,complete,clean,93,0,0,0
regional,625,CHD-01,humidity_pct,0,clean,likely_genuine,complete,clean,93,0,0,0
regional,625,MOH-01,temperature_c,0,clean,likely_genuine,complete,clean,95,0,0,0
regional,625,MOH-01,pressure_hpa,0,clean,likely_genuine,complete,clean,96,0,0,0
regional,625,MOH-01,humidity_pct,0,clean,likely_genuine,complete,clean,87,0,0,0
regional,625,PKL-01,temperature_c,0,clean,likely_genuine,complete,clean,93,0,0,0
regional,625,PKL-01,pressure_hpa,0,clean,likely_genuine,complete,clean,94,0,0,0
regional,625,PKL-01,humidity_pct,0,clean,likely_genuine,complete,clean,91,0,0,0
regional,625,AMB-01,temperature_c,0,clean,likely_genuine,complete,clean,93,0,0,0
regional,625,AMB-01,pressure_hpa,0,clean,likely_genuine,complete,clean,92,0,0,0
regional,625,AMB-01,humidity_pct,0,clean,likely_genuine,complete,clean,77,0,0,0
regional,625,PTA-01,temperature_c,0,clean,likely_genuine,complete,clean,94,0,0,0
regional,625,PTA-01,pressure_hpa,0,clean,likely_genuine,complete,clean,94,0,0,0
regional,625,PTA-01,humidity_pct,0,clean,likely_genuine,complete,clean,92,0,0,0
regional,626,CHD-01,temperature_c,0,clean,likely_genuine,complete,clean,90,0,0,0
regional,626,CHD-01,pressure_hpa,0,clean,likely_genuine,complete,clean,93,0,0,0
regional,626,CHD-01,humidity_pct,0,clean,likely_genuine,complete,clean,89,0,0,0
regional,626,MOH-01,temperature_c,0,clean,likely_genuine,complete,clean,95,0,0,0
regional,626,MOH-01,pressure_hpa,0,clean,likely_genuine,complete,clean,96,0,0,0
regional,626,MOH-01,humidity_pct,0,clean,likely_genuine,complete,clean,88,0,0,0
regional,626,PKL-01,temperature_c,0,clean,likely_genuine,complete,clean,94,0,0,0
regional,626,PKL-01,pressure_hpa,0,clean,likely_genuine,complete,clean,91,0,0,0
regional,626,PKL-01,humidity_pct,0,clean,likely_genuine,complete,clean,87,0,0,0
regional,626,AMB-01,temperature_c,0,clean,likely_genuine,complete,clean,95,0,0,0
regional,626,AMB-01,pressure_hpa,0,clean,likely_genuine,complete,clean,90,0,0,0
regional,626,AMB-01,humidity_pct,0,clean,likely_genuine,complete,clean,88,0,0,0
regional,626,PTA-01,temperature_c,0,clean,likely_genuine,complete,clean,96,0,0,0
regional,626,PTA-01,pressure_hpa,0,clean,likely_genuine,complete,clean,94,0,0,0
regional,626,PTA-01,humidity_pct,0,clean,likely_genuine,complete,clean,90,0,0,0
regional,627,CHD-01,temperature_c,0,clean,likely_genuine,complete,clean,87,0,0,0
regional,627,CHD-01,pressure_hpa,0,clean,likely_genuine,complete,clean,95,0,0,0
regional,627,CHD-01,humidity_pct,0,clean,likely_genuine,complete,clean,88,0,0,0
regional,627,MOH-01,temperature_c,0,clean,likely_genuine,complete,clean,95,0,0,0
regional,627,MOH-01,pressure_hpa,0,clean,likely_genuine,complete,clean,94,0,0,0
regional,627,MOH-01,humidity_pct,0,clean,likely_genuine,complete,clean,89,0,0,0
regional,627,PKL-01,temperature_c,0,clean,likely_genuine,complete,clean,94,0,0,0
regional,627,PKL-01,pressure_hpa,0,clean,likely_genuine,complete,clean,91,0,0,0
regional,627,PKL-01,humidity_pct,0,clean,likely_genuine,complete,clean,91,0,0,0
regional,627,AMB-01,temperature_c,0,clean,likely_genuine,complete,clean,94,0,0,0
regional,627,AMB-01,pressure_hpa,0,clean,likely_genuine,complete,clean,92,0,0,0
regional,627,AMB-01,humidity_pct,0,clean,likely_genuine,complete,clean,88,0,0,0
regional,627,PTA-01,temperature_c,0,clean,likely_genuine,complete,clean,93,0,0,0
regional,627,PTA-01,pressure_hpa,0,clean,likely_genuine,complete,clean,94,0,0,0
regional,627,PTA-01,humidity_pct,0,clean,likely_genuine,complete,clean,89,0,0,0
regional,628,CHD-01,temperature_c,0,clean,likely_genuine,complete,clean,90,0,0,0
regional,628,CHD-01,pressure_hpa,0,clean,likely_genuine,complete,clean,96,0,0,0
regional,628,CHD-01,humidity_pct,0,clean,likely_genuine,complete,clean,86,0,0,0
regional,628,MOH-01,temperature_c,0,clean,likely_genuine,complete,clean,95,0,0,0
regional,628,MOH-01,pressure_hpa,0,clean,likely_genuine,complete,clean,93,0,0,0
regional,628,MOH-01,humidity_pct,0,clean,likely_genuine,complete,clean,93,0,0,0
regional,628,PKL-01,temperature_c,0,clean,likely_genuine,complete,clean,95,0,0,0
regional,628,PKL-01,pressure_hpa,0,clean,likely_genuine,complete,clean,89,0,0,0
regional,628,PKL-01,humidity_pct,0,clean,likely_genuine,complete,clean,89,0,0,0
regional,628,AMB-01,temperature_c,0,clean,likely_genuine,complete,clean,96,0,0,0
regional,628,AMB-01,pressure_hpa,0,clean,likely_genuine,complete,clean,91,0,0,0
regional,628,AMB-01,humidity_pct,0,clean,likely_genuine,complete,clean,91,0,0,0
regional,628,PTA-01,temperature_c,0,clean,likely_genuine,complete,clean,69,0,0,0
regional,628,PTA-01,pressure_hpa,0,clean,likely_genuine,complete,clean,92,0,0,0
regional,628,PTA-01,humidity_pct,0,clean,needs_review,complete,drift,34,0,0,0
regional,629,CHD-01,temperature_c,0,clean,likely_genuine,complete,clean,93,0,0,0
regional,629,CHD-01,pressure_hpa,0,clean,likely_genuine,complete,clean,96,0,0,0
regional,629,CHD-01,humidity_pct,0,clean,likely_genuine,complete,clean,91,0,0,0
regional,629,MOH-01,temperature_c,0,clean,likely_genuine,complete,clean,96,0,0,0
regional,629,MOH-01,pressure_hpa,0,clean,likely_genuine,complete,clean,94,0,0,0
regional,629,MOH-01,humidity_pct,0,clean,likely_genuine,complete,clean,95,0,0,0
regional,629,PKL-01,temperature_c,0,clean,likely_genuine,complete,clean,95,0,0,0
regional,629,PKL-01,pressure_hpa,0,clean,likely_genuine,complete,clean,92,0,0,0
regional,629,PKL-01,humidity_pct,0,clean,likely_genuine,complete,clean,93,0,0,0
regional,629,AMB-01,temperature_c,0,clean,likely_genuine,complete,clean,94,0,0,0
regional,629,AMB-01,pressure_hpa,0,clean,likely_genuine,complete,clean,94,0,0,0
regional,629,AMB-01,humidity_pct,0,clean,likely_genuine,complete,clean,93,0,0,0
regional,629,PTA-01,temperature_c,0,clean,likely_genuine,complete,clean,86,0,0,0
regional,629,PTA-01,pressure_hpa,0,clean,likely_genuine,complete,clean,94,0,0,0
regional,629,PTA-01,humidity_pct,0,clean,needs_review,complete,unknown,54,0,0,0
regional,630,CHD-01,temperature_c,0,clean,likely_genuine,complete,clean,87,0,0,0
regional,630,CHD-01,pressure_hpa,0,clean,likely_genuine,complete,clean,94,0,0,0
regional,630,CHD-01,humidity_pct,0,clean,likely_genuine,complete,clean,74,0,0,0
regional,630,MOH-01,temperature_c,0,clean,likely_genuine,complete,clean,95,0,0,0
regional,630,MOH-01,pressure_hpa,0,clean,likely_genuine,complete,clean,95,0,0,0
regional,630,MOH-01,humidity_pct,0,clean,likely_genuine,complete,clean,89,0,0,0
regional,630,PKL-01,temperature_c,0,clean,likely_genuine,complete,clean,95,0,0,0
regional,630,PKL-01,pressure_hpa,0,clean,likely_genuine,complete,clean,91,0,0,0
regional,630,PKL-01,humidity_pct,0,clean,likely_genuine,complete,clean,90,0,0,0
regional,630,AMB-01,temperature_c,0,clean,likely_genuine,complete,clean,88,0,0,0
regional,630,AMB-01,pressure_hpa,0,clean,likely_genuine,complete,clean,84,0,0,0
regional,630,AMB-01,humidity_pct,0,clean,needs_review,complete,drift,57,0,0,0
regional,630,PTA-01,temperature_c,0,clean,likely_genuine,complete,clean,89,0,0,0
regional,630,PTA-01,pressure_hpa,0,clean,likely_genuine,complete,clean,95,0,0,0
regional,630,PTA-01,humidity_pct,0,clean,needs_review,complete,bias,33,0,1,0
regional,631,CHD-01,temperature_c,0,clean,likely_genuine,complete,clean,91,0,0,0
regional,631,CHD-01,pressure_hpa,0,clean,likely_genuine,complete,clean,94,0,0,0
regional,631,CHD-01,humidity_pct,0,clean,likely_genuine,complete,clean,80,0,0,0
regional,631,MOH-01,temperature_c,0,clean,likely_genuine,complete,clean,95,0,0,0
regional,631,MOH-01,pressure_hpa,0,clean,likely_genuine,complete,clean,93,0,0,0
regional,631,MOH-01,humidity_pct,0,clean,likely_genuine,complete,clean,92,0,0,0
regional,631,PKL-01,temperature_c,0,clean,likely_genuine,complete,clean,95,0,0,0
regional,631,PKL-01,pressure_hpa,0,clean,likely_genuine,complete,clean,90,0,0,0
regional,631,PKL-01,humidity_pct,0,clean,likely_genuine,complete,clean,90,0,0,0
regional,631,AMB-01,temperature_c,0,clean,likely_genuine,complete,clean,93,0,0,0
regional,631,AMB-01,pressure_hpa,0,clean,likely_genuine,complete,clean,88,0,0,0
regional,631,AMB-01,humidity_pct,0,clean,likely_genuine,complete,clean,85,0,0,0
regional,631,PTA-01,temperature_c,0,clean,likely_genuine,complete,clean,91,0,0,0
regional,631,PTA-01,pressure_hpa,0,clean,likely_genuine,complete,clean,95,0,0,0
regional,631,PTA-01,humidity_pct,0,clean,needs_review,complete,unknown,51,0,0,0
regional,632,CHD-01,temperature_c,0,clean,likely_genuine,complete,clean,94,0,0,0
regional,632,CHD-01,pressure_hpa,0,clean,likely_genuine,complete,clean,94,0,0,0
regional,632,CHD-01,humidity_pct,0,clean,likely_genuine,complete,clean,88,0,0,0
regional,632,MOH-01,temperature_c,0,clean,likely_genuine,complete,clean,94,0,0,0
regional,632,MOH-01,pressure_hpa,0,clean,likely_genuine,complete,clean,95,0,0,0
regional,632,MOH-01,humidity_pct,0,clean,likely_genuine,complete,clean,74,0,0,0
regional,632,PKL-01,temperature_c,0,clean,likely_genuine,complete,clean,94,0,0,0
regional,632,PKL-01,pressure_hpa,0,clean,likely_genuine,complete,clean,93,0,0,0
regional,632,PKL-01,humidity_pct,0,clean,likely_genuine,complete,clean,90,0,0,0
regional,632,AMB-01,temperature_c,0,clean,likely_genuine,complete,clean,91,0,0,0
regional,632,AMB-01,pressure_hpa,0,clean,likely_genuine,complete,clean,90,0,0,0
regional,632,AMB-01,humidity_pct,0,clean,likely_genuine,complete,clean,79,0,0,0
regional,632,PTA-01,temperature_c,0,clean,likely_genuine,complete,clean,93,0,0,0
regional,632,PTA-01,pressure_hpa,0,clean,likely_genuine,complete,clean,95,0,0,0
regional,632,PTA-01,humidity_pct,0,clean,needs_review,complete,unknown,55,0,0,0
regional,633,CHD-01,temperature_c,0,clean,likely_genuine,complete,clean,94,0,0,0
regional,633,CHD-01,pressure_hpa,0,clean,likely_genuine,complete,clean,92,0,0,0
regional,633,CHD-01,humidity_pct,0,clean,likely_genuine,complete,clean,79,0,0,0
regional,633,MOH-01,temperature_c,0,clean,likely_genuine,complete,clean,95,0,0,0
regional,633,MOH-01,pressure_hpa,0,clean,likely_genuine,complete,clean,96,0,0,0
regional,633,MOH-01,humidity_pct,0,clean,likely_genuine,complete,clean,85,0,0,0
regional,633,PKL-01,temperature_c,0,clean,likely_genuine,complete,clean,93,0,0,0
regional,633,PKL-01,pressure_hpa,0,clean,likely_genuine,complete,clean,95,0,0,0
regional,633,PKL-01,humidity_pct,0,clean,likely_genuine,complete,clean,89,0,0,0
regional,633,AMB-01,temperature_c,0,clean,likely_genuine,complete,clean,92,0,0,0
regional,633,AMB-01,pressure_hpa,0,clean,likely_genuine,complete,clean,94,0,0,0
regional,633,AMB-01,humidity_pct,0,clean,likely_genuine,complete,clean,79,0,0,0
regional,633,PTA-01,temperature_c,0,clean,likely_genuine,complete,clean,88,0,0,0
regional,633,PTA-01,pressure_hpa,0,clean,likely_genuine,complete,clean,93,0,0,0
regional,633,PTA-01,humidity_pct,0,clean,likely_genuine,complete,clean,73,0,0,0
regional,634,CHD-01,temperature_c,0,clean,likely_genuine,complete,clean,86,0,0,0
regional,634,CHD-01,pressure_hpa,0,clean,likely_genuine,complete,clean,92,0,0,0
regional,634,CHD-01,humidity_pct,0,clean,needs_review,complete,drift,35,0,1,0
regional,634,MOH-01,temperature_c,0,clean,likely_genuine,complete,clean,87,0,0,0
regional,634,MOH-01,pressure_hpa,0,clean,likely_genuine,complete,clean,94,0,0,0
regional,634,MOH-01,humidity_pct,0,clean,likely_genuine,complete,clean,69,0,0,0
regional,634,PKL-01,temperature_c,0,clean,likely_genuine,complete,clean,94,0,0,0
regional,634,PKL-01,pressure_hpa,0,clean,likely_genuine,complete,clean,95,0,0,0
regional,634,PKL-01,humidity_pct,0,clean,likely_genuine,complete,clean,88,0,0,0
regional,634,AMB-01,temperature_c,0,clean,likely_genuine,complete,clean,89,0,0,0
regional,634,AMB-01,pressure_hpa,0,clean,likely_genuine,complete,clean,94,0,0,0
regional,634,AMB-01,humidity_pct,0,clean,likely_genuine,complete,clean,73,0,0,0
regional,634,PTA-01,temperature_c,0,clean,likely_genuine,complete,clean,83,0,0,0
regional,634,PTA-01,pressure_hpa,0,clean,likely_genuine,complete,clean,93,0,0,0
regional,634,PTA-01,humidity_pct,0,clean,likely_genuine,complete,clean,74,0,0,0
regional_compound,623,CHD-01,temperature_c,0,clean,likely_genuine,complete,clean,96,0,0,0
regional_compound,623,CHD-01,pressure_hpa,0,clean,likely_genuine,complete,clean,96,0,0,0
regional_compound,623,CHD-01,humidity_pct,0,clean,likely_genuine,complete,clean,86,0,0,0
regional_compound,623,MOH-01,temperature_c,0,clean,likely_genuine,complete,clean,94,0,0,0
regional_compound,623,MOH-01,pressure_hpa,0,clean,likely_genuine,complete,clean,95,0,0,0
regional_compound,623,MOH-01,humidity_pct,0,clean,likely_genuine,complete,clean,94,0,0,0
regional_compound,623,PKL-01,temperature_c,0,clean,likely_genuine,complete,clean,92,0,0,0
regional_compound,623,PKL-01,pressure_hpa,0,clean,likely_genuine,complete,clean,96,0,0,0
regional_compound,623,PKL-01,humidity_pct,0,clean,likely_genuine,complete,clean,88,0,0,0
regional_compound,623,AMB-01,temperature_c,0,clean,likely_genuine,complete,clean,91,0,0,0
regional_compound,623,AMB-01,pressure_hpa,0,clean,likely_genuine,complete,clean,95,0,0,0
regional_compound,623,AMB-01,humidity_pct,0,clean,likely_genuine,complete,clean,85,0,0,0
regional_compound,623,PTA-01,temperature_c,0,clean,likely_genuine,complete,clean,94,0,0,0
regional_compound,623,PTA-01,pressure_hpa,0,clean,likely_genuine,complete,clean,94,0,0,0
regional_compound,623,PTA-01,humidity_pct,0,clean,likely_genuine,complete,clean,95,0,0,0
regional_compound,624,CHD-01,temperature_c,0,clean,likely_genuine,complete,clean,95,0,0,0
regional_compound,624,CHD-01,pressure_hpa,0,clean,likely_genuine,complete,clean,94,0,0,0
regional_compound,624,CHD-01,humidity_pct,0,clean,likely_genuine,complete,clean,89,0,0,0
regional_compound,624,MOH-01,temperature_c,0,clean,likely_genuine,complete,clean,95,0,0,0
regional_compound,624,MOH-01,pressure_hpa,0,clean,likely_genuine,complete,clean,94,0,0,0
regional_compound,624,MOH-01,humidity_pct,0,clean,likely_genuine,complete,clean,77,0,0,0
regional_compound,624,PKL-01,temperature_c,0,clean,likely_genuine,complete,clean,94,0,0,0
regional_compound,624,PKL-01,pressure_hpa,0,clean,likely_genuine,complete,clean,96,0,0,0
regional_compound,624,PKL-01,humidity_pct,0,clean,likely_genuine,complete,clean,94,0,0,0
regional_compound,624,AMB-01,temperature_c,0,clean,likely_genuine,complete,clean,92,0,0,0
regional_compound,624,AMB-01,pressure_hpa,0,clean,likely_genuine,complete,clean,95,0,0,0
regional_compound,624,AMB-01,humidity_pct,0,clean,likely_genuine,complete,clean,75,0,0,0
regional_compound,624,PTA-01,temperature_c,0,clean,likely_genuine,complete,clean,93,0,0,0
regional_compound,624,PTA-01,pressure_hpa,0,clean,likely_genuine,complete,clean,94,0,0,0
regional_compound,624,PTA-01,humidity_pct,0,clean,likely_genuine,complete,clean,76,0,0,0
regional_compound,625,CHD-01,temperature_c,1,spike,likely_fault,complete,spike,8,0,1,1
regional_compound,625,CHD-01,pressure_hpa,0,clean,likely_genuine,complete,clean,82,0,0,0
regional_compound,625,CHD-01,humidity_pct,0,clean,likely_genuine,complete,clean,83,0,0,0
regional_compound,625,MOH-01,temperature_c,0,clean,likely_genuine,complete,clean,95,0,0,0
regional_compound,625,MOH-01,pressure_hpa,0,clean,likely_genuine,complete,clean,96,0,0,0
regional_compound,625,MOH-01,humidity_pct,0,clean,likely_genuine,complete,clean,87,0,0,0
regional_compound,625,PKL-01,temperature_c,0,clean,likely_genuine,complete,clean,93,0,0,0
regional_compound,625,PKL-01,pressure_hpa,0,clean,likely_genuine,complete,clean,94,0,0,0
regional_compound,625,PKL-01,humidity_pct,0,clean,likely_genuine,complete,clean,91,0,0,0
regional_compound,625,AMB-01,temperature_c,0,clean,likely_genuine,complete,clean,93,0,0,0
regional_compound,625,AMB-01,pressure_hpa,0,clean,likely_genuine,complete,clean,92,0,0,0
regional_compound,625,AMB-01,humidity_pct,0,clean,likely_genuine,complete,clean,77,0,0,0
regional_compound,625,PTA-01,temperature_c,0,clean,likely_genuine,complete,clean,94,0,0,0
regional_compound,625,PTA-01,pressure_hpa,0,clean,likely_genuine,complete,clean,94,0,0,0
regional_compound,625,PTA-01,humidity_pct,0,clean,likely_genuine,complete,clean,92,0,0,0
regional_compound,626,CHD-01,temperature_c,0,clean,needs_review,complete,noise,29,0,1,0
regional_compound,626,CHD-01,pressure_hpa,0,clean,likely_genuine,complete,clean,81,0,0,0
regional_compound,626,CHD-01,humidity_pct,0,clean,likely_genuine,complete,clean,86,0,0,0
regional_compound,626,MOH-01,temperature_c,0,clean,likely_genuine,complete,clean,95,0,0,0
regional_compound,626,MOH-01,pressure_hpa,0,clean,likely_genuine,complete,clean,96,0,0,0
regional_compound,626,MOH-01,humidity_pct,0,clean,likely_genuine,complete,clean,88,0,0,0
regional_compound,626,PKL-01,temperature_c,0,clean,likely_genuine,complete,clean,94,0,0,0
regional_compound,626,PKL-01,pressure_hpa,0,clean,likely_genuine,complete,clean,90,0,0,0
regional_compound,626,PKL-01,humidity_pct,0,clean,likely_genuine,complete,clean,86,0,0,0
regional_compound,626,AMB-01,temperature_c,0,clean,likely_genuine,complete,clean,96,0,0,0
regional_compound,626,AMB-01,pressure_hpa,0,clean,likely_genuine,complete,clean,91,0,0,0
regional_compound,626,AMB-01,humidity_pct,0,clean,likely_genuine,complete,clean,88,0,0,0
regional_compound,626,PTA-01,temperature_c,0,clean,likely_genuine,complete,clean,95,0,0,0
regional_compound,626,PTA-01,pressure_hpa,0,clean,likely_genuine,complete,clean,94,0,0,0
regional_compound,626,PTA-01,humidity_pct,0,clean,likely_genuine,complete,clean,90,0,0,0
regional_compound,627,CHD-01,temperature_c,0,clean,likely_genuine,complete,clean,86,0,0,0
regional_compound,627,CHD-01,pressure_hpa,0,clean,likely_genuine,complete,clean,95,0,0,0
regional_compound,627,CHD-01,humidity_pct,0,clean,likely_genuine,complete,clean,88,0,0,0
regional_compound,627,MOH-01,temperature_c,0,clean,likely_genuine,complete,clean,95,0,0,0
regional_compound,627,MOH-01,pressure_hpa,0,clean,likely_genuine,complete,clean,94,0,0,0
regional_compound,627,MOH-01,humidity_pct,0,clean,likely_genuine,complete,clean,89,0,0,0
regional_compound,627,PKL-01,temperature_c,0,clean,likely_genuine,complete,clean,94,0,0,0
regional_compound,627,PKL-01,pressure_hpa,0,clean,likely_genuine,complete,clean,91,0,0,0
regional_compound,627,PKL-01,humidity_pct,0,clean,likely_genuine,complete,clean,91,0,0,0
regional_compound,627,AMB-01,temperature_c,0,clean,likely_genuine,complete,clean,94,0,0,0
regional_compound,627,AMB-01,pressure_hpa,0,clean,likely_genuine,complete,clean,92,0,0,0
regional_compound,627,AMB-01,humidity_pct,0,clean,likely_genuine,complete,clean,88,0,0,0
regional_compound,627,PTA-01,temperature_c,0,clean,likely_genuine,complete,clean,93,0,0,0
regional_compound,627,PTA-01,pressure_hpa,0,clean,likely_genuine,complete,clean,94,0,0,0
regional_compound,627,PTA-01,humidity_pct,0,clean,likely_genuine,complete,clean,89,0,0,0
regional_compound,628,CHD-01,temperature_c,0,clean,likely_genuine,complete,clean,90,0,0,0
regional_compound,628,CHD-01,pressure_hpa,0,clean,likely_genuine,complete,clean,96,0,0,0
regional_compound,628,CHD-01,humidity_pct,0,clean,likely_genuine,complete,clean,86,0,0,0
regional_compound,628,MOH-01,temperature_c,0,clean,likely_genuine,complete,clean,95,0,0,0
regional_compound,628,MOH-01,pressure_hpa,0,clean,likely_genuine,complete,clean,93,0,0,0
regional_compound,628,MOH-01,humidity_pct,0,clean,likely_genuine,complete,clean,93,0,0,0
regional_compound,628,PKL-01,temperature_c,0,clean,likely_genuine,complete,clean,95,0,0,0
regional_compound,628,PKL-01,pressure_hpa,0,clean,likely_genuine,complete,clean,89,0,0,0
regional_compound,628,PKL-01,humidity_pct,0,clean,likely_genuine,complete,clean,89,0,0,0
regional_compound,628,AMB-01,temperature_c,0,clean,likely_genuine,complete,clean,96,0,0,0
regional_compound,628,AMB-01,pressure_hpa,0,clean,likely_genuine,complete,clean,91,0,0,0
regional_compound,628,AMB-01,humidity_pct,0,clean,likely_genuine,complete,clean,91,0,0,0
regional_compound,628,PTA-01,temperature_c,0,clean,likely_genuine,complete,clean,69,0,0,0
regional_compound,628,PTA-01,pressure_hpa,0,clean,likely_genuine,complete,clean,92,0,0,0
regional_compound,628,PTA-01,humidity_pct,0,clean,needs_review,complete,drift,34,0,0,0
regional_compound,629,CHD-01,temperature_c,0,clean,likely_genuine,complete,clean,91,0,0,0
regional_compound,629,CHD-01,pressure_hpa,0,clean,likely_genuine,complete,clean,96,0,0,0
regional_compound,629,CHD-01,humidity_pct,0,clean,likely_genuine,complete,clean,91,0,0,0
regional_compound,629,MOH-01,temperature_c,0,clean,likely_genuine,complete,clean,96,0,0,0
regional_compound,629,MOH-01,pressure_hpa,0,clean,likely_genuine,complete,clean,94,0,0,0
regional_compound,629,MOH-01,humidity_pct,0,clean,likely_genuine,complete,clean,95,0,0,0
regional_compound,629,PKL-01,temperature_c,0,clean,likely_genuine,complete,clean,95,0,0,0
regional_compound,629,PKL-01,pressure_hpa,0,clean,likely_genuine,complete,clean,92,0,0,0
regional_compound,629,PKL-01,humidity_pct,0,clean,likely_genuine,complete,clean,93,0,0,0
regional_compound,629,AMB-01,temperature_c,0,clean,likely_genuine,complete,clean,94,0,0,0
regional_compound,629,AMB-01,pressure_hpa,0,clean,likely_genuine,complete,clean,94,0,0,0
regional_compound,629,AMB-01,humidity_pct,0,clean,likely_genuine,complete,clean,93,0,0,0
regional_compound,629,PTA-01,temperature_c,0,clean,likely_genuine,complete,clean,86,0,0,0
regional_compound,629,PTA-01,pressure_hpa,0,clean,likely_genuine,complete,clean,94,0,0,0
regional_compound,629,PTA-01,humidity_pct,0,clean,needs_review,complete,unknown,54,0,0,0
regional_compound,630,CHD-01,temperature_c,0,clean,likely_genuine,complete,clean,85,0,0,0
regional_compound,630,CHD-01,pressure_hpa,0,clean,likely_genuine,complete,clean,94,0,0,0
regional_compound,630,CHD-01,humidity_pct,0,clean,likely_genuine,complete,clean,74,0,0,0
regional_compound,630,MOH-01,temperature_c,0,clean,likely_genuine,complete,clean,95,0,0,0
regional_compound,630,MOH-01,pressure_hpa,0,clean,likely_genuine,complete,clean,95,0,0,0
regional_compound,630,MOH-01,humidity_pct,0,clean,likely_genuine,complete,clean,89,0,0,0
regional_compound,630,PKL-01,temperature_c,0,clean,likely_genuine,complete,clean,95,0,0,0
regional_compound,630,PKL-01,pressure_hpa,0,clean,likely_genuine,complete,clean,91,0,0,0
regional_compound,630,PKL-01,humidity_pct,0,clean,likely_genuine,complete,clean,90,0,0,0
regional_compound,630,AMB-01,temperature_c,0,clean,likely_genuine,complete,clean,88,0,0,0
regional_compound,630,AMB-01,pressure_hpa,0,clean,likely_genuine,complete,clean,84,0,0,0
regional_compound,630,AMB-01,humidity_pct,0,clean,needs_review,complete,drift,57,0,0,0
regional_compound,630,PTA-01,temperature_c,0,clean,likely_genuine,complete,clean,89,0,0,0
regional_compound,630,PTA-01,pressure_hpa,0,clean,likely_genuine,complete,clean,95,0,0,0
regional_compound,630,PTA-01,humidity_pct,0,clean,needs_review,complete,bias,33,0,1,0
regional_compound,631,CHD-01,temperature_c,0,clean,likely_genuine,complete,clean,88,0,0,0
regional_compound,631,CHD-01,pressure_hpa,0,clean,likely_genuine,complete,clean,94,0,0,0
regional_compound,631,CHD-01,humidity_pct,0,clean,likely_genuine,complete,clean,80,0,0,0
regional_compound,631,MOH-01,temperature_c,0,clean,likely_genuine,complete,clean,95,0,0,0
regional_compound,631,MOH-01,pressure_hpa,0,clean,likely_genuine,complete,clean,93,0,0,0
regional_compound,631,MOH-01,humidity_pct,0,clean,likely_genuine,complete,clean,92,0,0,0
regional_compound,631,PKL-01,temperature_c,0,clean,likely_genuine,complete,clean,95,0,0,0
regional_compound,631,PKL-01,pressure_hpa,0,clean,likely_genuine,complete,clean,90,0,0,0
regional_compound,631,PKL-01,humidity_pct,0,clean,likely_genuine,complete,clean,90,0,0,0
regional_compound,631,AMB-01,temperature_c,0,clean,likely_genuine,complete,clean,93,0,0,0
regional_compound,631,AMB-01,pressure_hpa,0,clean,likely_genuine,complete,clean,88,0,0,0
regional_compound,631,AMB-01,humidity_pct,0,clean,likely_genuine,complete,clean,85,0,0,0
regional_compound,631,PTA-01,temperature_c,0,clean,likely_genuine,complete,clean,91,0,0,0
regional_compound,631,PTA-01,pressure_hpa,0,clean,likely_genuine,complete,clean,95,0,0,0
regional_compound,631,PTA-01,humidity_pct,0,clean,needs_review,complete,unknown,51,0,0,0
regional_compound,632,CHD-01,temperature_c,0,clean,likely_genuine,complete,clean,94,0,0,0
regional_compound,632,CHD-01,pressure_hpa,0,clean,likely_genuine,complete,clean,94,0,0,0
regional_compound,632,CHD-01,humidity_pct,0,clean,likely_genuine,complete,clean,88,0,0,0
regional_compound,632,MOH-01,temperature_c,0,clean,likely_genuine,complete,clean,94,0,0,0
regional_compound,632,MOH-01,pressure_hpa,0,clean,likely_genuine,complete,clean,95,0,0,0
regional_compound,632,MOH-01,humidity_pct,0,clean,likely_genuine,complete,clean,74,0,0,0
regional_compound,632,PKL-01,temperature_c,0,clean,likely_genuine,complete,clean,94,0,0,0
regional_compound,632,PKL-01,pressure_hpa,0,clean,likely_genuine,complete,clean,93,0,0,0
regional_compound,632,PKL-01,humidity_pct,0,clean,likely_genuine,complete,clean,90,0,0,0
regional_compound,632,AMB-01,temperature_c,0,clean,likely_genuine,complete,clean,91,0,0,0
regional_compound,632,AMB-01,pressure_hpa,0,clean,likely_genuine,complete,clean,90,0,0,0
regional_compound,632,AMB-01,humidity_pct,0,clean,likely_genuine,complete,clean,79,0,0,0
regional_compound,632,PTA-01,temperature_c,0,clean,likely_genuine,complete,clean,93,0,0,0
regional_compound,632,PTA-01,pressure_hpa,0,clean,likely_genuine,complete,clean,95,0,0,0
regional_compound,632,PTA-01,humidity_pct,0,clean,needs_review,complete,unknown,55,0,0,0
regional_compound,633,CHD-01,temperature_c,0,clean,likely_genuine,complete,clean,94,0,0,0
regional_compound,633,CHD-01,pressure_hpa,0,clean,likely_genuine,complete,clean,92,0,0,0
regional_compound,633,CHD-01,humidity_pct,0,clean,likely_genuine,complete,clean,79,0,0,0
regional_compound,633,MOH-01,temperature_c,0,clean,likely_genuine,complete,clean,95,0,0,0
regional_compound,633,MOH-01,pressure_hpa,0,clean,likely_genuine,complete,clean,96,0,0,0
regional_compound,633,MOH-01,humidity_pct,0,clean,likely_genuine,complete,clean,85,0,0,0
regional_compound,633,PKL-01,temperature_c,0,clean,likely_genuine,complete,clean,93,0,0,0
regional_compound,633,PKL-01,pressure_hpa,0,clean,likely_genuine,complete,clean,95,0,0,0
regional_compound,633,PKL-01,humidity_pct,0,clean,likely_genuine,complete,clean,89,0,0,0
regional_compound,633,AMB-01,temperature_c,0,clean,likely_genuine,complete,clean,92,0,0,0
regional_compound,633,AMB-01,pressure_hpa,0,clean,likely_genuine,complete,clean,94,0,0,0
regional_compound,633,AMB-01,humidity_pct,0,clean,likely_genuine,complete,clean,79,0,0,0
regional_compound,633,PTA-01,temperature_c,0,clean,likely_genuine,complete,clean,88,0,0,0
regional_compound,633,PTA-01,pressure_hpa,0,clean,likely_genuine,complete,clean,93,0,0,0
regional_compound,633,PTA-01,humidity_pct,0,clean,likely_genuine,complete,clean,73,0,0,0
regional_compound,634,CHD-01,temperature_c,0,clean,likely_genuine,complete,clean,86,0,0,0
regional_compound,634,CHD-01,pressure_hpa,0,clean,likely_genuine,complete,clean,92,0,0,0
regional_compound,634,CHD-01,humidity_pct,0,clean,needs_review,complete,drift,35,0,1,0
regional_compound,634,MOH-01,temperature_c,0,clean,likely_genuine,complete,clean,87,0,0,0
regional_compound,634,MOH-01,pressure_hpa,0,clean,likely_genuine,complete,clean,94,0,0,0
regional_compound,634,MOH-01,humidity_pct,0,clean,likely_genuine,complete,clean,69,0,0,0
regional_compound,634,PKL-01,temperature_c,0,clean,likely_genuine,complete,clean,94,0,0,0
regional_compound,634,PKL-01,pressure_hpa,0,clean,likely_genuine,complete,clean,95,0,0,0
regional_compound,634,PKL-01,humidity_pct,0,clean,likely_genuine,complete,clean,88,0,0,0
regional_compound,634,AMB-01,temperature_c,0,clean,likely_genuine,complete,clean,89,0,0,0
regional_compound,634,AMB-01,pressure_hpa,0,clean,likely_genuine,complete,clean,94,0,0,0
regional_compound,634,AMB-01,humidity_pct,0,clean,likely_genuine,complete,clean,73,0,0,0
regional_compound,634,PTA-01,temperature_c,0,clean,likely_genuine,complete,clean,83,0,0,0
regional_compound,634,PTA-01,pressure_hpa,0,clean,likely_genuine,complete,clean,93,0,0,0
regional_compound,634,PTA-01,humidity_pct,0,clean,likely_genuine,complete,clean,74,0,0,0
