sequence,timestamp,station_id,variable,value
0,2026-08-01T00:00:00Z,CHD-01,temperature_c,26.4
0,2026-08-01T00:00:00Z,CHD-01,pressure_hpa,1000.8
0,2026-08-01T00:00:00Z,CHD-01,humidity_pct,87
1,2026-08-01T01:00:00Z,CHD-01,temperature_c,26.7
1,2026-08-01T01:00:00Z,CHD-01,pressure_hpa,1001.1
1,2026-08-01T01:00:00Z,CHD-01,humidity_pct,89
2,2026-08-01T02:00:00Z,CHD-01,temperature_c,27.9
2,2026-08-01T02:00:00Z,CHD-01,pressure_hpa,1001.8
2,2026-08-01T02:00:00Z,CHD-01,humidity_pct,88
3,2026-08-01T03:00:00Z,CHD-01,temperature_c,27.4
3,2026-08-01T03:00:00Z,CHD-01,pressure_hpa,1002.4
3,2026-08-01T03:00:00Z,CHD-01,humidity_pct,83
4,2026-08-01T04:00:00Z,CHD-01,temperature_c,28.4
4,2026-08-01T04:00:00Z,CHD-01,pressure_hpa,1001.9
4,2026-08-01T04:00:00Z,CHD-01,humidity_pct,79
5,2026-08-01T05:00:00Z,CHD-01,temperature_c,31.1
5,2026-08-01T05:00:00Z,CHD-01,pressure_hpa,1001.4
5,2026-08-01T05:00:00Z,CHD-01,humidity_pct,65
6,2026-08-01T06:00:00Z,CHD-01,temperature_c,31.3
6,2026-08-01T06:00:00Z,CHD-01,pressure_hpa,1001.4
6,2026-08-01T06:00:00Z,CHD-01,humidity_pct,66
7,2026-08-01T07:00:00Z,CHD-01,temperature_c,31.7
7,2026-08-01T07:00:00Z,CHD-01,pressure_hpa,1000.6
7,2026-08-01T07:00:00Z,CHD-01,humidity_pct,65
8,2026-08-01T08:00:00Z,CHD-01,temperature_c,32.4
8,2026-08-01T08:00:00Z,CHD-01,pressure_hpa,999.9
8,2026-08-01T08:00:00Z,CHD-01,humidity_pct,63
9,2026-08-01T09:00:00Z,CHD-01,temperature_c,32.0
9,2026-08-01T09:00:00Z,CHD-01,pressure_hpa,999.0
9,2026-08-01T09:00:00Z,CHD-01,humidity_pct,65
10,2026-08-01T10:00:00Z,CHD-01,temperature_c,31.2
10,2026-08-01T10:00:00Z,CHD-01,pressure_hpa,998.8
10,2026-08-01T10:00:00Z,CHD-01,humidity_pct,70
11,2026-08-01T11:00:00Z,CHD-01,temperature_c,31.3
11,2026-08-01T11:00:00Z,CHD-01,pressure_hpa,998.2
11,2026-08-01T11:00:00Z,CHD-01,humidity_pct,69
12,2026-08-01T12:00:00Z,CHD-01,temperature_c,31.2
12,2026-08-01T12:00:00Z,CHD-01,pressure_hpa,998.4
12,2026-08-01T12:00:00Z,CHD-01,humidity_pct,73
13,2026-08-01T13:00:00Z,CHD-01,temperature_c,30.1
13,2026-08-01T13:00:00Z,CHD-01,pressure_hpa,998.9
13,2026-08-01T13:00:00Z,CHD-01,humidity_pct,79
14,2026-08-01T14:00:00Z,CHD-01,temperature_c,29.2
14,2026-08-01T14:00:00Z,CHD-01,pressure_hpa,999.5
14,2026-08-01T14:00:00Z,CHD-01,humidity_pct,80
15,2026-08-01T15:00:00Z,CHD-01,temperature_c,28.5
15,2026-08-01T15:00:00Z,CHD-01,pressure_hpa,999.6
15,2026-08-01T15:00:00Z,CHD-01,humidity_pct,83
16,2026-08-01T16:00:00Z,CHD-01,temperature_c,27.9
16,2026-08-01T16:00:00Z,CHD-01,pressure_hpa,1000.4
16,2026-08-01T16:00:00Z,CHD-01,humidity_pct,87
17,2026-08-01T17:00:00Z,CHD-01,temperature_c,28.0
17,2026-08-01T17:00:00Z,CHD-01,pressure_hpa,1001.1
17,2026-08-01T17:00:00Z,CHD-01,humidity_pct,86
18,2026-08-01T18:00:00Z,CHD-01,temperature_c,28.7
18,2026-08-01T18:00:00Z,CHD-01,pressure_hpa,1000.7
18,2026-08-01T18:00:00Z,CHD-01,humidity_pct,83
19,2026-08-01T19:00:00Z,CHD-01,temperature_c,28.2
19,2026-08-01T19:00:00Z,CHD-01,pressure_hpa,1000.7
19,2026-08-01T19:00:00Z,CHD-01,humidity_pct,84
20,2026-08-01T20:00:00Z,CHD-01,temperature_c,27.7
20,2026-08-01T20:00:00Z,CHD-01,pressure_hpa,1000.9
20,2026-08-01T20:00:00Z,CHD-01,humidity_pct,86
21,2026-08-01T21:00:00Z,CHD-01,temperature_c,27.7
21,2026-08-01T21:00:00Z,CHD-01,pressure_hpa,1001.2
21,2026-08-01T21:00:00Z,CHD-01,humidity_pct,85
22,2026-08-01T22:00:00Z,CHD-01,temperature_c,26.9
22,2026-08-01T22:00:00Z,CHD-01,pressure_hpa,1000.6
22,2026-08-01T22:00:00Z,CHD-01,humidity_pct,89
23,2026-08-01T23:00:00Z,CHD-01,temperature_c,27.0
23,2026-08-01T23:00:00Z,CHD-01,pressure_hpa,1001.2
23,2026-08-01T23:00:00Z,CHD-01,humidity_pct,86
24,2026-08-02T00:00:00Z,CHD-01,temperature_c,27.0
24,2026-08-02T00:00:00Z,CHD-01,pressure_hpa,1001.5
24,2026-08-02T00:00:00Z,CHD-01,humidity_pct,90
25,2026-08-02T01:00:00Z,CHD-01,temperature_c,27.4
25,2026-08-02T01:00:00Z,CHD-01,pressure_hpa,1001.8
25,2026-08-02T01:00:00Z,CHD-01,humidity_pct,89
26,2026-08-02T02:00:00Z,CHD-01,temperature_c,28.5
26,2026-08-02T02:00:00Z,CHD-01,pressure_hpa,1001.5
26,2026-08-02T02:00:00Z,CHD-01,humidity_pct,84
27,2026-08-02T03:00:00Z,CHD-01,temperature_c,29.7
27,2026-08-02T03:00:00Z,CHD-01,pressure_hpa,1002.1
27,2026-08-02T03:00:00Z,CHD-01,humidity_pct,77
28,2026-08-02T04:00:00Z,CHD-01,temperature_c,30.6
28,2026-08-02T04:00:00Z,CHD-01,pressure_hpa,1002.3
28,2026-08-02T04:00:00Z,CHD-01,humidity_pct,72
29,2026-08-02T05:00:00Z,CHD-01,temperature_c,31.3
29,2026-08-02T05:00:00Z,CHD-01,pressure_hpa,1001.9
29,2026-08-02T05:00:00Z,CHD-01,humidity_pct,70
30,2026-08-02T06:00:00Z,CHD-01,temperature_c,31.1
30,2026-08-02T06:00:00Z,CHD-01,pressure_hpa,1001.7
30,2026-08-02T06:00:00Z,CHD-01,humidity_pct,70
31,2026-08-02T07:00:00Z,CHD-01,temperature_c,31.0
31,2026-08-02T07:00:00Z,CHD-01,pressure_hpa,1001.4
31,2026-08-02T07:00:00Z,CHD-01,humidity_pct,72
32,2026-08-02T08:00:00Z,CHD-01,temperature_c,31.8
32,2026-08-02T08:00:00Z,CHD-01,pressure_hpa,1001.0
32,2026-08-02T08:00:00Z,CHD-01,humidity_pct,67
33,2026-08-02T09:00:00Z,CHD-01,temperature_c,32.1
33,2026-08-02T09:00:00Z,CHD-01,pressure_hpa,1000.0
33,2026-08-02T09:00:00Z,CHD-01,humidity_pct,67
34,2026-08-02T10:00:00Z,CHD-01,temperature_c,32.5
34,2026-08-02T10:00:00Z,CHD-01,pressure_hpa,999.3
34,2026-08-02T10:00:00Z,CHD-01,humidity_pct,64
35,2026-08-02T11:00:00Z,CHD-01,temperature_c,32.6
35,2026-08-02T11:00:00Z,CHD-01,pressure_hpa,998.7
35,2026-08-02T11:00:00Z,CHD-01,humidity_pct,63
36,2026-08-02T12:00:00Z,CHD-01,temperature_c,31.6
36,2026-08-02T12:00:00Z,CHD-01,pressure_hpa,998.7
36,2026-08-02T12:00:00Z,CHD-01,humidity_pct,72
37,2026-08-02T13:00:00Z,CHD-01,temperature_c,31.1
37,2026-08-02T13:00:00Z,CHD-01,pressure_hpa,999.4
37,2026-08-02T13:00:00Z,CHD-01,humidity_pct,76
38,2026-08-02T14:00:00Z,CHD-01,temperature_c,30.0
38,2026-08-02T14:00:00Z,CHD-01,pressure_hpa,1000.3
38,2026-08-02T14:00:00Z,CHD-01,humidity_pct,84
39,2026-08-02T15:00:00Z,CHD-01,temperature_c,29.2
39,2026-08-02T15:00:00Z,CHD-01,pressure_hpa,1001.1
39,2026-08-02T15:00:00Z,CHD-01,humidity_pct,85
40,2026-08-02T16:00:00Z,CHD-01,temperature_c,28.2
40,2026-08-02T16:00:00Z,CHD-01,pressure_hpa,1002.2
40,2026-08-02T16:00:00Z,CHD-01,humidity_pct,85
41,2026-08-02T17:00:00Z,CHD-01,temperature_c,27.4
41,2026-08-02T17:00:00Z,CHD-01,pressure_hpa,1002.4
41,2026-08-02T17:00:00Z,CHD-01,humidity_pct,86
42,2026-08-02T18:00:00Z,CHD-01,temperature_c,27.2
42,2026-08-02T18:00:00Z,CHD-01,pressure_hpa,1002.2
42,2026-08-02T18:00:00Z,CHD-01,humidity_pct,89
43,2026-08-02T19:00:00Z,CHD-01,temperature_c,27.2
43,2026-08-02T19:00:00Z,CHD-01,pressure_hpa,1001.6
43,2026-08-02T19:00:00Z,CHD-01,humidity_pct,91
44,2026-08-02T20:00:00Z,CHD-01,temperature_c,27.3
44,2026-08-02T20:00:00Z,CHD-01,pressure_hpa,1001.2
44,2026-08-02T20:00:00Z,CHD-01,humidity_pct,91
45,2026-08-02T21:00:00Z,CHD-01,temperature_c,27.6
45,2026-08-02T21:00:00Z,CHD-01,pressure_hpa,1001.2
45,2026-08-02T21:00:00Z,CHD-01,humidity_pct,85
46,2026-08-02T22:00:00Z,CHD-01,temperature_c,27.2
46,2026-08-02T22:00:00Z,CHD-01,pressure_hpa,1000.7
46,2026-08-02T22:00:00Z,CHD-01,humidity_pct,83
47,2026-08-02T23:00:00Z,CHD-01,temperature_c,26.6
47,2026-08-02T23:00:00Z,CHD-01,pressure_hpa,1000.8
47,2026-08-02T23:00:00Z,CHD-01,humidity_pct,86
48,2026-08-03T00:00:00Z,CHD-01,temperature_c,28.0
48,2026-08-03T00:00:00Z,CHD-01,pressure_hpa,1000.9
48,2026-08-03T00:00:00Z,CHD-01,humidity_pct,83
49,2026-08-03T01:00:00Z,CHD-01,temperature_c,27.9
49,2026-08-03T01:00:00Z,CHD-01,pressure_hpa,1000.8
49,2026-08-03T01:00:00Z,CHD-01,humidity_pct,84
50,2026-08-03T02:00:00Z,CHD-01,temperature_c,28.5
50,2026-08-03T02:00:00Z,CHD-01,pressure_hpa,1001.5
50,2026-08-03T02:00:00Z,CHD-01,humidity_pct,82
51,2026-08-03T03:00:00Z,CHD-01,temperature_c,29.0
51,2026-08-03T03:00:00Z,CHD-01,pressure_hpa,1002.2
51,2026-08-03T03:00:00Z,CHD-01,humidity_pct,79
52,2026-08-03T04:00:00Z,CHD-01,temperature_c,29.6
52,2026-08-03T04:00:00Z,CHD-01,pressure_hpa,1002.1
52,2026-08-03T04:00:00Z,CHD-01,humidity_pct,75
53,2026-08-03T05:00:00Z,CHD-01,temperature_c,30.4
53,2026-08-03T05:00:00Z,CHD-01,pressure_hpa,1002.5
53,2026-08-03T05:00:00Z,CHD-01,humidity_pct,69
54,2026-08-03T06:00:00Z,CHD-01,temperature_c,31.2
54,2026-08-03T06:00:00Z,CHD-01,pressure_hpa,1002.3
54,2026-08-03T06:00:00Z,CHD-01,humidity_pct,69
55,2026-08-03T07:00:00Z,CHD-01,temperature_c,31.6
55,2026-08-03T07:00:00Z,CHD-01,pressure_hpa,1002.2
55,2026-08-03T07:00:00Z,CHD-01,humidity_pct,69
56,2026-08-03T08:00:00Z,CHD-01,temperature_c,32.2
56,2026-08-03T08:00:00Z,CHD-01,pressure_hpa,1001.3
56,2026-08-03T08:00:00Z,CHD-01,humidity_pct,65
57,2026-08-03T09:00:00Z,CHD-01,temperature_c,32.3
57,2026-08-03T09:00:00Z,CHD-01,pressure_hpa,1000.8
57,2026-08-03T09:00:00Z,CHD-01,humidity_pct,65
58,2026-08-03T10:00:00Z,CHD-01,temperature_c,32.7
58,2026-08-03T10:00:00Z,CHD-01,pressure_hpa,1000.2
58,2026-08-03T10:00:00Z,CHD-01,humidity_pct,64
59,2026-08-03T11:00:00Z,CHD-01,temperature_c,31.8
59,2026-08-03T11:00:00Z,CHD-01,pressure_hpa,999.8
59,2026-08-03T11:00:00Z,CHD-01,humidity_pct,68
60,2026-08-03T12:00:00Z,CHD-01,temperature_c,30.5
60,2026-08-03T12:00:00Z,CHD-01,pressure_hpa,999.5
60,2026-08-03T12:00:00Z,CHD-01,humidity_pct,76
61,2026-08-03T13:00:00Z,CHD-01,temperature_c,29.8
61,2026-08-03T13:00:00Z,CHD-01,pressure_hpa,1000.4
61,2026-08-03T13:00:00Z,CHD-01,humidity_pct,83
62,2026-08-03T14:00:00Z,CHD-01,temperature_c,28.1
62,2026-08-03T14:00:00Z,CHD-01,pressure_hpa,1000.9
62,2026-08-03T14:00:00Z,CHD-01,humidity_pct,91
63,2026-08-03T15:00:00Z,CHD-01,temperature_c,27.8
63,2026-08-03T15:00:00Z,CHD-01,pressure_hpa,1001.6
63,2026-08-03T15:00:00Z,CHD-01,humidity_pct,94
64,2026-08-03T16:00:00Z,CHD-01,temperature_c,27.7
64,2026-08-03T16:00:00Z,CHD-01,pressure_hpa,1002.8
64,2026-08-03T16:00:00Z,CHD-01,humidity_pct,93
65,2026-08-03T17:00:00Z,CHD-01,temperature_c,27.4
65,2026-08-03T17:00:00Z,CHD-01,pressure_hpa,1002.4
65,2026-08-03T17:00:00Z,CHD-01,humidity_pct,91
66,2026-08-03T18:00:00Z,CHD-01,temperature_c,27.7
66,2026-08-03T18:00:00Z,CHD-01,pressure_hpa,1002.4
66,2026-08-03T18:00:00Z,CHD-01,humidity_pct,94
67,2026-08-03T19:00:00Z,CHD-01,temperature_c,27.2
67,2026-08-03T19:00:00Z,CHD-01,pressure_hpa,1002.1
67,2026-08-03T19:00:00Z,CHD-01,humidity_pct,92
68,2026-08-03T20:00:00Z,CHD-01,temperature_c,27.2
68,2026-08-03T20:00:00Z,CHD-01,pressure_hpa,1002.0
68,2026-08-03T20:00:00Z,CHD-01,humidity_pct,90
69,2026-08-03T21:00:00Z,CHD-01,temperature_c,27.1
69,2026-08-03T21:00:00Z,CHD-01,pressure_hpa,1001.9
69,2026-08-03T21:00:00Z,CHD-01,humidity_pct,88
70,2026-08-03T22:00:00Z,CHD-01,temperature_c,27.0
70,2026-08-03T22:00:00Z,CHD-01,pressure_hpa,1002.4
70,2026-08-03T22:00:00Z,CHD-01,humidity_pct,87
71,2026-08-03T23:00:00Z,CHD-01,temperature_c,26.5
71,2026-08-03T23:00:00Z,CHD-01,pressure_hpa,1002.3
71,2026-08-03T23:00:00Z,CHD-01,humidity_pct,89
72,2026-08-04T00:00:00Z,CHD-01,temperature_c,25.7
72,2026-08-04T00:00:00Z,CHD-01,pressure_hpa,1001.7
72,2026-08-04T00:00:00Z,CHD-01,humidity_pct,94
73,2026-08-04T01:00:00Z,CHD-01,temperature_c,25.9
73,2026-08-04T01:00:00Z,CHD-01,pressure_hpa,1002.5
73,2026-08-04T01:00:00Z,CHD-01,humidity_pct,94
74,2026-08-04T02:00:00Z,CHD-01,temperature_c,25.6
74,2026-08-04T02:00:00Z,CHD-01,pressure_hpa,1003.4
74,2026-08-04T02:00:00Z,CHD-01,humidity_pct,96
75,2026-08-04T03:00:00Z,CHD-01,temperature_c,25.8
75,2026-08-04T03:00:00Z,CHD-01,pressure_hpa,1003.8
75,2026-08-04T03:00:00Z,CHD-01,humidity_pct,96
76,2026-08-04T04:00:00Z,CHD-01,temperature_c,27.2
76,2026-08-04T04:00:00Z,CHD-01,pressure_hpa,1004.3
76,2026-08-04T04:00:00Z,CHD-01,humidity_pct,89
77,2026-08-04T05:00:00Z,CHD-01,temperature_c,27.8
77,2026-08-04T05:00:00Z,CHD-01,pressure_hpa,1004.2
77,2026-08-04T05:00:00Z,CHD-01,humidity_pct,86
78,2026-08-04T06:00:00Z,CHD-01,temperature_c,25.9
78,2026-08-04T06:00:00Z,CHD-01,pressure_hpa,1004.6
78,2026-08-04T06:00:00Z,CHD-01,humidity_pct,94
79,2026-08-04T07:00:00Z,CHD-01,temperature_c,27.3
79,2026-08-04T07:00:00Z,CHD-01,pressure_hpa,1004.3
79,2026-08-04T07:00:00Z,CHD-01,humidity_pct,87
80,2026-08-04T08:00:00Z,CHD-01,temperature_c,27.5
80,2026-08-04T08:00:00Z,CHD-01,pressure_hpa,1003.9
80,2026-08-04T08:00:00Z,CHD-01,humidity_pct,88
81,2026-08-04T09:00:00Z,CHD-01,temperature_c,27.7
81,2026-08-04T09:00:00Z,CHD-01,pressure_hpa,1002.6
81,2026-08-04T09:00:00Z,CHD-01,humidity_pct,88
82,2026-08-04T10:00:00Z,CHD-01,temperature_c,29.1
82,2026-08-04T10:00:00Z,CHD-01,pressure_hpa,1001.5
82,2026-08-04T10:00:00Z,CHD-01,humidity_pct,81
83,2026-08-04T11:00:00Z,CHD-01,temperature_c,29.7
83,2026-08-04T11:00:00Z,CHD-01,pressure_hpa,1000.6
83,2026-08-04T11:00:00Z,CHD-01,humidity_pct,77
84,2026-08-04T12:00:00Z,CHD-01,temperature_c,29.5
84,2026-08-04T12:00:00Z,CHD-01,pressure_hpa,1000.5
84,2026-08-04T12:00:00Z,CHD-01,humidity_pct,73
85,2026-08-04T13:00:00Z,CHD-01,temperature_c,27.7
85,2026-08-04T13:00:00Z,CHD-01,pressure_hpa,1001.1
85,2026-08-04T13:00:00Z,CHD-01,humidity_pct,89
86,2026-08-04T14:00:00Z,CHD-01,temperature_c,27.1
86,2026-08-04T14:00:00Z,CHD-01,pressure_hpa,1001.5
86,2026-08-04T14:00:00Z,CHD-01,humidity_pct,92
87,2026-08-04T15:00:00Z,CHD-01,temperature_c,26.8
87,2026-08-04T15:00:00Z,CHD-01,pressure_hpa,1002.1
87,2026-08-04T15:00:00Z,CHD-01,humidity_pct,93
88,2026-08-04T16:00:00Z,CHD-01,temperature_c,26.5
88,2026-08-04T16:00:00Z,CHD-01,pressure_hpa,1002.6
88,2026-08-04T16:00:00Z,CHD-01,humidity_pct,91
89,2026-08-04T17:00:00Z,CHD-01,temperature_c,26.2
89,2026-08-04T17:00:00Z,CHD-01,pressure_hpa,1002.7
89,2026-08-04T17:00:00Z,CHD-01,humidity_pct,91
90,2026-08-04T18:00:00Z,CHD-01,temperature_c,26.3
90,2026-08-04T18:00:00Z,CHD-01,pressure_hpa,1002.0
90,2026-08-04T18:00:00Z,CHD-01,humidity_pct,97
91,2026-08-04T19:00:00Z,CHD-01,temperature_c,25.8
91,2026-08-04T19:00:00Z,CHD-01,pressure_hpa,1001.7
91,2026-08-04T19:00:00Z,CHD-01,humidity_pct,96
92,2026-08-04T20:00:00Z,CHD-01,temperature_c,25.7
92,2026-08-04T20:00:00Z,CHD-01,pressure_hpa,1001.3
92,2026-08-04T20:00:00Z,CHD-01,humidity_pct,95
93,2026-08-04T21:00:00Z,CHD-01,temperature_c,25.5
93,2026-08-04T21:00:00Z,CHD-01,pressure_hpa,1001.0
93,2026-08-04T21:00:00Z,CHD-01,humidity_pct,96
94,2026-08-04T22:00:00Z,CHD-01,temperature_c,25.3
94,2026-08-04T22:00:00Z,CHD-01,pressure_hpa,1001.0
94,2026-08-04T22:00:00Z,CHD-01,humidity_pct,97
95,2026-08-04T23:00:00Z,CHD-01,temperature_c,25.0
95,2026-08-04T23:00:00Z,CHD-01,pressure_hpa,1001.2
95,2026-08-04T23:00:00Z,CHD-01,humidity_pct,99
96,2026-08-05T00:00:00Z,CHD-01,temperature_c,26.0
96,2026-08-05T00:00:00Z,CHD-01,pressure_hpa,1000.6
96,2026-08-05T00:00:00Z,CHD-01,humidity_pct,97
97,2026-08-05T01:00:00Z,CHD-01,temperature_c,26.0
97,2026-08-05T01:00:00Z,CHD-01,pressure_hpa,1000.9
97,2026-08-05T01:00:00Z,CHD-01,humidity_pct,94
98,2026-08-05T02:00:00Z,CHD-01,temperature_c,26.5
98,2026-08-05T02:00:00Z,CHD-01,pressure_hpa,1001.1
98,2026-08-05T02:00:00Z,CHD-01,humidity_pct,92
99,2026-08-05T03:00:00Z,CHD-01,temperature_c,27.1
99,2026-08-05T03:00:00Z,CHD-01,pressure_hpa,1000.9
99,2026-08-05T03:00:00Z,CHD-01,humidity_pct,89
100,2026-08-05T04:00:00Z,CHD-01,temperature_c,28.0
100,2026-08-05T04:00:00Z,CHD-01,pressure_hpa,1000.9
100,2026-08-05T04:00:00Z,CHD-01,humidity_pct,82
101,2026-08-05T05:00:00Z,CHD-01,temperature_c,28.6
101,2026-08-05T05:00:00Z,CHD-01,pressure_hpa,1001.0
101,2026-08-05T05:00:00Z,CHD-01,humidity_pct,79
102,2026-08-05T06:00:00Z,CHD-01,temperature_c,29.2
102,2026-08-05T06:00:00Z,CHD-01,pressure_hpa,1001.0
102,2026-08-05T06:00:00Z,CHD-01,humidity_pct,77
103,2026-08-05T07:00:00Z,CHD-01,temperature_c,29.8
103,2026-08-05T07:00:00Z,CHD-01,pressure_hpa,999.9
103,2026-08-05T07:00:00Z,CHD-01,humidity_pct,76
104,2026-08-05T08:00:00Z,CHD-01,temperature_c,31.0
104,2026-08-05T08:00:00Z,CHD-01,pressure_hpa,999.0
104,2026-08-05T08:00:00Z,CHD-01,humidity_pct,67
105,2026-08-05T09:00:00Z,CHD-01,temperature_c,31.7
105,2026-08-05T09:00:00Z,CHD-01,pressure_hpa,998.1
105,2026-08-05T09:00:00Z,CHD-01,humidity_pct,64
106,2026-08-05T10:00:00Z,CHD-01,temperature_c,31.8
106,2026-08-05T10:00:00Z,CHD-01,pressure_hpa,997.2
106,2026-08-05T10:00:00Z,CHD-01,humidity_pct,65
107,2026-08-05T11:00:00Z,CHD-01,temperature_c,31.4
107,2026-08-05T11:00:00Z,CHD-01,pressure_hpa,996.8
107,2026-08-05T11:00:00Z,CHD-01,humidity_pct,67
108,2026-08-05T12:00:00Z,CHD-01,temperature_c,31.4
108,2026-08-05T12:00:00Z,CHD-01,pressure_hpa,996.6
108,2026-08-05T12:00:00Z,CHD-01,humidity_pct,68
109,2026-08-05T13:00:00Z,CHD-01,temperature_c,30.2
109,2026-08-05T13:00:00Z,CHD-01,pressure_hpa,997.3
109,2026-08-05T13:00:00Z,CHD-01,humidity_pct,76
110,2026-08-05T14:00:00Z,CHD-01,temperature_c,29.0
110,2026-08-05T14:00:00Z,CHD-01,pressure_hpa,998.0
110,2026-08-05T14:00:00Z,CHD-01,humidity_pct,82
111,2026-08-05T15:00:00Z,CHD-01,temperature_c,28.3
111,2026-08-05T15:00:00Z,CHD-01,pressure_hpa,998.8
111,2026-08-05T15:00:00Z,CHD-01,humidity_pct,87
112,2026-08-05T16:00:00Z,CHD-01,temperature_c,27.7
112,2026-08-05T16:00:00Z,CHD-01,pressure_hpa,999.8
112,2026-08-05T16:00:00Z,CHD-01,humidity_pct,90
113,2026-08-05T17:00:00Z,CHD-01,temperature_c,27.5
113,2026-08-05T17:00:00Z,CHD-01,pressure_hpa,1000.0
113,2026-08-05T17:00:00Z,CHD-01,humidity_pct,90
114,2026-08-05T18:00:00Z,CHD-01,temperature_c,28.2
114,2026-08-05T18:00:00Z,CHD-01,pressure_hpa,999.4
114,2026-08-05T18:00:00Z,CHD-01,humidity_pct,89
115,2026-08-05T19:00:00Z,CHD-01,temperature_c,27.3
115,2026-08-05T19:00:00Z,CHD-01,pressure_hpa,999.2
115,2026-08-05T19:00:00Z,CHD-01,humidity_pct,92
116,2026-08-05T20:00:00Z,CHD-01,temperature_c,26.9
116,2026-08-05T20:00:00Z,CHD-01,pressure_hpa,999.1
116,2026-08-05T20:00:00Z,CHD-01,humidity_pct,94
117,2026-08-05T21:00:00Z,CHD-01,temperature_c,26.6
117,2026-08-05T21:00:00Z,CHD-01,pressure_hpa,998.8
117,2026-08-05T21:00:00Z,CHD-01,humidity_pct,95
118,2026-08-05T22:00:00Z,CHD-01,temperature_c,26.1
118,2026-08-05T22:00:00Z,CHD-01,pressure_hpa,998.7
118,2026-08-05T22:00:00Z,CHD-01,humidity_pct,96
119,2026-08-05T23:00:00Z,CHD-01,temperature_c,25.7
119,2026-08-05T23:00:00Z,CHD-01,pressure_hpa,999.1
119,2026-08-05T23:00:00Z,CHD-01,humidity_pct,96
120,2026-08-06T00:00:00Z,CHD-01,temperature_c,26.4
120,2026-08-06T00:00:00Z,CHD-01,pressure_hpa,998.5
120,2026-08-06T00:00:00Z,CHD-01,humidity_pct,91
121,2026-08-06T01:00:00Z,CHD-01,temperature_c,26.4
121,2026-08-06T01:00:00Z,CHD-01,pressure_hpa,999.5
121,2026-08-06T01:00:00Z,CHD-01,humidity_pct,90
122,2026-08-06T02:00:00Z,CHD-01,temperature_c,27.2
122,2026-08-06T02:00:00Z,CHD-01,pressure_hpa,1000.1
122,2026-08-06T02:00:00Z,CHD-01,humidity_pct,85
123,2026-08-06T03:00:00Z,CHD-01,temperature_c,27.3
123,2026-08-06T03:00:00Z,CHD-01,pressure_hpa,1001.1
123,2026-08-06T03:00:00Z,CHD-01,humidity_pct,83
124,2026-08-06T04:00:00Z,CHD-01,temperature_c,24.8
124,2026-08-06T04:00:00Z,CHD-01,pressure_hpa,1002.0
124,2026-08-06T04:00:00Z,CHD-01,humidity_pct,95
125,2026-08-06T05:00:00Z,CHD-01,temperature_c,25.6
125,2026-08-06T05:00:00Z,CHD-01,pressure_hpa,1001.7
125,2026-08-06T05:00:00Z,CHD-01,humidity_pct,96
126,2026-08-06T06:00:00Z,CHD-01,temperature_c,28.1
126,2026-08-06T06:00:00Z,CHD-01,pressure_hpa,1001.9
126,2026-08-06T06:00:00Z,CHD-01,humidity_pct,79
127,2026-08-06T07:00:00Z,CHD-01,temperature_c,26.9
127,2026-08-06T07:00:00Z,CHD-01,pressure_hpa,1001.7
127,2026-08-06T07:00:00Z,CHD-01,humidity_pct,84
128,2026-08-06T08:00:00Z,CHD-01,temperature_c,27.4
128,2026-08-06T08:00:00Z,CHD-01,pressure_hpa,1001.4
128,2026-08-06T08:00:00Z,CHD-01,humidity_pct,83
129,2026-08-06T09:00:00Z,CHD-01,temperature_c,27.5
129,2026-08-06T09:00:00Z,CHD-01,pressure_hpa,1000.9
129,2026-08-06T09:00:00Z,CHD-01,humidity_pct,83
130,2026-08-06T10:00:00Z,CHD-01,temperature_c,27.4
130,2026-08-06T10:00:00Z,CHD-01,pressure_hpa,1000.5
130,2026-08-06T10:00:00Z,CHD-01,humidity_pct,84
131,2026-08-06T11:00:00Z,CHD-01,temperature_c,26.6
131,2026-08-06T11:00:00Z,CHD-01,pressure_hpa,1000.4
131,2026-08-06T11:00:00Z,CHD-01,humidity_pct,89
132,2026-08-06T12:00:00Z,CHD-01,temperature_c,26.8
132,2026-08-06T12:00:00Z,CHD-01,pressure_hpa,1000.1
132,2026-08-06T12:00:00Z,CHD-01,humidity_pct,88
133,2026-08-06T13:00:00Z,CHD-01,temperature_c,25.8
133,2026-08-06T13:00:00Z,CHD-01,pressure_hpa,1000.5
133,2026-08-06T13:00:00Z,CHD-01,humidity_pct,89
134,2026-08-06T14:00:00Z,CHD-01,temperature_c,25.6
134,2026-08-06T14:00:00Z,CHD-01,pressure_hpa,1001.1
134,2026-08-06T14:00:00Z,CHD-01,humidity_pct,91
135,2026-08-06T15:00:00Z,CHD-01,temperature_c,25.7
135,2026-08-06T15:00:00Z,CHD-01,pressure_hpa,1001.9
135,2026-08-06T15:00:00Z,CHD-01,humidity_pct,92
136,2026-08-06T16:00:00Z,CHD-01,temperature_c,25.6
136,2026-08-06T16:00:00Z,CHD-01,pressure_hpa,1002.2
136,2026-08-06T16:00:00Z,CHD-01,humidity_pct,95
137,2026-08-06T17:00:00Z,CHD-01,temperature_c,25.4
137,2026-08-06T17:00:00Z,CHD-01,pressure_hpa,1002.5
137,2026-08-06T17:00:00Z,CHD-01,humidity_pct,98
138,2026-08-06T18:00:00Z,CHD-01,temperature_c,26.1
138,2026-08-06T18:00:00Z,CHD-01,pressure_hpa,1002.3
138,2026-08-06T18:00:00Z,CHD-01,humidity_pct,97
139,2026-08-06T19:00:00Z,CHD-01,temperature_c,25.9
139,2026-08-06T19:00:00Z,CHD-01,pressure_hpa,1001.7
139,2026-08-06T19:00:00Z,CHD-01,humidity_pct,96
140,2026-08-06T20:00:00Z,CHD-01,temperature_c,25.9
140,2026-08-06T20:00:00Z,CHD-01,pressure_hpa,1001.3
140,2026-08-06T20:00:00Z,CHD-01,humidity_pct,96
141,2026-08-06T21:00:00Z,CHD-01,temperature_c,25.8
141,2026-08-06T21:00:00Z,CHD-01,pressure_hpa,1000.8
141,2026-08-06T21:00:00Z,CHD-01,humidity_pct,96
142,2026-08-06T22:00:00Z,CHD-01,temperature_c,25.8
142,2026-08-06T22:00:00Z,CHD-01,pressure_hpa,1000.8
142,2026-08-06T22:00:00Z,CHD-01,humidity_pct,97
143,2026-08-06T23:00:00Z,CHD-01,temperature_c,25.8
143,2026-08-06T23:00:00Z,CHD-01,pressure_hpa,1000.8
143,2026-08-06T23:00:00Z,CHD-01,humidity_pct,98
144,2026-08-07T00:00:00Z,CHD-01,temperature_c,26.7
144,2026-08-07T00:00:00Z,CHD-01,pressure_hpa,1000.8
144,2026-08-07T00:00:00Z,CHD-01,humidity_pct,88
145,2026-08-07T01:00:00Z,CHD-01,temperature_c,26.9
145,2026-08-07T01:00:00Z,CHD-01,pressure_hpa,1001.0
145,2026-08-07T01:00:00Z,CHD-01,humidity_pct,85
146,2026-08-07T02:00:00Z,CHD-01,temperature_c,27.4
146,2026-08-07T02:00:00Z,CHD-01,pressure_hpa,1001.1
146,2026-08-07T02:00:00Z,CHD-01,humidity_pct,87
147,2026-08-07T03:00:00Z,CHD-01,temperature_c,28.3
147,2026-08-07T03:00:00Z,CHD-01,pressure_hpa,1001.2
147,2026-08-07T03:00:00Z,CHD-01,humidity_pct,81
148,2026-08-07T04:00:00Z,CHD-01,temperature_c,28.8
148,2026-08-07T04:00:00Z,CHD-01,pressure_hpa,1001.7
148,2026-08-07T04:00:00Z,CHD-01,humidity_pct,78
149,2026-08-07T05:00:00Z,CHD-01,temperature_c,30.4
149,2026-08-07T05:00:00Z,CHD-01,pressure_hpa,1001.6
149,2026-08-07T05:00:00Z,CHD-01,humidity_pct,70
150,2026-08-07T06:00:00Z,CHD-01,temperature_c,30.4
150,2026-08-07T06:00:00Z,CHD-01,pressure_hpa,1002.3
150,2026-08-07T06:00:00Z,CHD-01,humidity_pct,65
151,2026-08-07T07:00:00Z,CHD-01,temperature_c,29.3
151,2026-08-07T07:00:00Z,CHD-01,pressure_hpa,1001.6
151,2026-08-07T07:00:00Z,CHD-01,humidity_pct,74
152,2026-08-07T08:00:00Z,CHD-01,temperature_c,28.9
152,2026-08-07T08:00:00Z,CHD-01,pressure_hpa,1001.0
152,2026-08-07T08:00:00Z,CHD-01,humidity_pct,75
153,2026-08-07T09:00:00Z,CHD-01,temperature_c,29.1
153,2026-08-07T09:00:00Z,CHD-01,pressure_hpa,1000.3
153,2026-08-07T09:00:00Z,CHD-01,humidity_pct,75
154,2026-08-07T10:00:00Z,CHD-01,temperature_c,29.2
154,2026-08-07T10:00:00Z,CHD-01,pressure_hpa,999.6
154,2026-08-07T10:00:00Z,CHD-01,humidity_pct,78
155,2026-08-07T11:00:00Z,CHD-01,temperature_c,28.8
155,2026-08-07T11:00:00Z,CHD-01,pressure_hpa,999.2
155,2026-08-07T11:00:00Z,CHD-01,humidity_pct,82
156,2026-08-07T12:00:00Z,CHD-01,temperature_c,28.0
156,2026-08-07T12:00:00Z,CHD-01,pressure_hpa,999.6
156,2026-08-07T12:00:00Z,CHD-01,humidity_pct,95
157,2026-08-07T13:00:00Z,CHD-01,temperature_c,27.7
157,2026-08-07T13:00:00Z,CHD-01,pressure_hpa,999.8
157,2026-08-07T13:00:00Z,CHD-01,humidity_pct,95
158,2026-08-07T14:00:00Z,CHD-01,temperature_c,27.6
158,2026-08-07T14:00:00Z,CHD-01,pressure_hpa,1000.1
158,2026-08-07T14:00:00Z,CHD-01,humidity_pct,94
159,2026-08-07T15:00:00Z,CHD-01,temperature_c,27.5
159,2026-08-07T15:00:00Z,CHD-01,pressure_hpa,1000.6
159,2026-08-07T15:00:00Z,CHD-01,humidity_pct,93
160,2026-08-07T16:00:00Z,CHD-01,temperature_c,27.3
160,2026-08-07T16:00:00Z,CHD-01,pressure_hpa,1001.2
160,2026-08-07T16:00:00Z,CHD-01,humidity_pct,93
161,2026-08-07T17:00:00Z,CHD-01,temperature_c,27.2
161,2026-08-07T17:00:00Z,CHD-01,pressure_hpa,1002.0
161,2026-08-07T17:00:00Z,CHD-01,humidity_pct,96
162,2026-08-07T18:00:00Z,CHD-01,temperature_c,27.5
162,2026-08-07T18:00:00Z,CHD-01,pressure_hpa,1001.7
162,2026-08-07T18:00:00Z,CHD-01,humidity_pct,96
163,2026-08-07T19:00:00Z,CHD-01,temperature_c,27.1
163,2026-08-07T19:00:00Z,CHD-01,pressure_hpa,1001.7
163,2026-08-07T19:00:00Z,CHD-01,humidity_pct,97
164,2026-08-07T20:00:00Z,CHD-01,temperature_c,27.0
164,2026-08-07T20:00:00Z,CHD-01,pressure_hpa,1001.3
164,2026-08-07T20:00:00Z,CHD-01,humidity_pct,96
165,2026-08-07T21:00:00Z,CHD-01,temperature_c,26.7
165,2026-08-07T21:00:00Z,CHD-01,pressure_hpa,1000.9
165,2026-08-07T21:00:00Z,CHD-01,humidity_pct,95
166,2026-08-07T22:00:00Z,CHD-01,temperature_c,26.5
166,2026-08-07T22:00:00Z,CHD-01,pressure_hpa,1000.9
166,2026-08-07T22:00:00Z,CHD-01,humidity_pct,94
167,2026-08-07T23:00:00Z,CHD-01,temperature_c,26.3
167,2026-08-07T23:00:00Z,CHD-01,pressure_hpa,1000.8
167,2026-08-07T23:00:00Z,CHD-01,humidity_pct,95
168,2026-08-08T00:00:00Z,CHD-01,temperature_c,25.7
168,2026-08-08T00:00:00Z,CHD-01,pressure_hpa,1001.4
168,2026-08-08T00:00:00Z,CHD-01,humidity_pct,95
169,2026-08-08T01:00:00Z,CHD-01,temperature_c,26.0
169,2026-08-08T01:00:00Z,CHD-01,pressure_hpa,1002.0
169,2026-08-08T01:00:00Z,CHD-01,humidity_pct,95
170,2026-08-08T02:00:00Z,CHD-01,temperature_c,26.3
170,2026-08-08T02:00:00Z,CHD-01,pressure_hpa,1001.9
170,2026-08-08T02:00:00Z,CHD-01,humidity_pct,93
171,2026-08-08T03:00:00Z,CHD-01,temperature_c,28.5
171,2026-08-08T03:00:00Z,CHD-01,pressure_hpa,1002.5
171,2026-08-08T03:00:00Z,CHD-01,humidity_pct,86
172,2026-08-08T04:00:00Z,CHD-01,temperature_c,26.6
172,2026-08-08T04:00:00Z,CHD-01,pressure_hpa,1003.8
172,2026-08-08T04:00:00Z,CHD-01,humidity_pct,94
173,2026-08-08T05:00:00Z,CHD-01,temperature_c,27.6
173,2026-08-08T05:00:00Z,CHD-01,pressure_hpa,1003.5
173,2026-08-08T05:00:00Z,CHD-01,humidity_pct,89
174,2026-08-08T06:00:00Z,CHD-01,temperature_c,29.6
174,2026-08-08T06:00:00Z,CHD-01,pressure_hpa,1003.7
174,2026-08-08T06:00:00Z,CHD-01,humidity_pct,75
175,2026-08-08T07:00:00Z,CHD-01,temperature_c,30.4
175,2026-08-08T07:00:00Z,CHD-01,pressure_hpa,1003.4
175,2026-08-08T07:00:00Z,CHD-01,humidity_pct,72
176,2026-08-08T08:00:00Z,CHD-01,temperature_c,31.3
176,2026-08-08T08:00:00Z,CHD-01,pressure_hpa,1002.6
176,2026-08-08T08:00:00Z,CHD-01,humidity_pct,68
177,2026-08-08T09:00:00Z,CHD-01,temperature_c,31.4
177,2026-08-08T09:00:00Z,CHD-01,pressure_hpa,1001.8
177,2026-08-08T09:00:00Z,CHD-01,humidity_pct,68
178,2026-08-08T10:00:00Z,CHD-01,temperature_c,31.2
178,2026-08-08T10:00:00Z,CHD-01,pressure_hpa,1001.4
178,2026-08-08T10:00:00Z,CHD-01,humidity_pct,70
179,2026-08-08T11:00:00Z,CHD-01,temperature_c,31.0
179,2026-08-08T11:00:00Z,CHD-01,pressure_hpa,1000.4
179,2026-08-08T11:00:00Z,CHD-01,humidity_pct,73
180,2026-08-08T12:00:00Z,CHD-01,temperature_c,29.4
180,2026-08-08T12:00:00Z,CHD-01,pressure_hpa,1001.3
180,2026-08-08T12:00:00Z,CHD-01,humidity_pct,83
181,2026-08-08T13:00:00Z,CHD-01,temperature_c,29.1
181,2026-08-08T13:00:00Z,CHD-01,pressure_hpa,1001.2
181,2026-08-08T13:00:00Z,CHD-01,humidity_pct,83
182,2026-08-08T14:00:00Z,CHD-01,temperature_c,28.1
182,2026-08-08T14:00:00Z,CHD-01,pressure_hpa,1001.8
182,2026-08-08T14:00:00Z,CHD-01,humidity_pct,91
183,2026-08-08T15:00:00Z,CHD-01,temperature_c,27.6
183,2026-08-08T15:00:00Z,CHD-01,pressure_hpa,1002.7
183,2026-08-08T15:00:00Z,CHD-01,humidity_pct,95
184,2026-08-08T16:00:00Z,CHD-01,temperature_c,27.6
184,2026-08-08T16:00:00Z,CHD-01,pressure_hpa,1003.5
184,2026-08-08T16:00:00Z,CHD-01,humidity_pct,94
185,2026-08-08T17:00:00Z,CHD-01,temperature_c,27.4
185,2026-08-08T17:00:00Z,CHD-01,pressure_hpa,1004.1
185,2026-08-08T17:00:00Z,CHD-01,humidity_pct,94
186,2026-08-08T18:00:00Z,CHD-01,temperature_c,27.1
186,2026-08-08T18:00:00Z,CHD-01,pressure_hpa,1003.7
186,2026-08-08T18:00:00Z,CHD-01,humidity_pct,93
187,2026-08-08T19:00:00Z,CHD-01,temperature_c,27.2
187,2026-08-08T19:00:00Z,CHD-01,pressure_hpa,1003.8
187,2026-08-08T19:00:00Z,CHD-01,humidity_pct,90
188,2026-08-08T20:00:00Z,CHD-01,temperature_c,27.3
188,2026-08-08T20:00:00Z,CHD-01,pressure_hpa,1003.4
188,2026-08-08T20:00:00Z,CHD-01,humidity_pct,90
189,2026-08-08T21:00:00Z,CHD-01,temperature_c,26.9
189,2026-08-08T21:00:00Z,CHD-01,pressure_hpa,1003.4
189,2026-08-08T21:00:00Z,CHD-01,humidity_pct,92
190,2026-08-08T22:00:00Z,CHD-01,temperature_c,26.5
190,2026-08-08T22:00:00Z,CHD-01,pressure_hpa,1003.1
190,2026-08-08T22:00:00Z,CHD-01,humidity_pct,93
191,2026-08-08T23:00:00Z,CHD-01,temperature_c,26.3
191,2026-08-08T23:00:00Z,CHD-01,pressure_hpa,1003.3
191,2026-08-08T23:00:00Z,CHD-01,humidity_pct,93
192,2026-08-09T00:00:00Z,CHD-01,temperature_c,27.2
192,2026-08-09T00:00:00Z,CHD-01,pressure_hpa,1003.5
192,2026-08-09T00:00:00Z,CHD-01,humidity_pct,88
193,2026-08-09T01:00:00Z,CHD-01,temperature_c,27.2
193,2026-08-09T01:00:00Z,CHD-01,pressure_hpa,1003.7
193,2026-08-09T01:00:00Z,CHD-01,humidity_pct,88
194,2026-08-09T02:00:00Z,CHD-01,temperature_c,28.5
194,2026-08-09T02:00:00Z,CHD-01,pressure_hpa,1004.0
194,2026-08-09T02:00:00Z,CHD-01,humidity_pct,84
195,2026-08-09T03:00:00Z,CHD-01,temperature_c,30.0
195,2026-08-09T03:00:00Z,CHD-01,pressure_hpa,1004.2
195,2026-08-09T03:00:00Z,CHD-01,humidity_pct,72
196,2026-08-09T04:00:00Z,CHD-01,temperature_c,30.7
196,2026-08-09T04:00:00Z,CHD-01,pressure_hpa,1004.3
196,2026-08-09T04:00:00Z,CHD-01,humidity_pct,68
197,2026-08-09T05:00:00Z,CHD-01,temperature_c,31.4
197,2026-08-09T05:00:00Z,CHD-01,pressure_hpa,1004.3
197,2026-08-09T05:00:00Z,CHD-01,humidity_pct,64
198,2026-08-09T06:00:00Z,CHD-01,temperature_c,32.1
198,2026-08-09T06:00:00Z,CHD-01,pressure_hpa,1003.9
198,2026-08-09T06:00:00Z,CHD-01,humidity_pct,60
199,2026-08-09T07:00:00Z,CHD-01,temperature_c,32.3
199,2026-08-09T07:00:00Z,CHD-01,pressure_hpa,1003.3
199,2026-08-09T07:00:00Z,CHD-01,humidity_pct,60
200,2026-08-09T08:00:00Z,CHD-01,temperature_c,32.6
200,2026-08-09T08:00:00Z,CHD-01,pressure_hpa,1002.9
200,2026-08-09T08:00:00Z,CHD-01,humidity_pct,60
201,2026-08-09T09:00:00Z,CHD-01,temperature_c,32.9
201,2026-08-09T09:00:00Z,CHD-01,pressure_hpa,1001.8
201,2026-08-09T09:00:00Z,CHD-01,humidity_pct,59
202,2026-08-09T10:00:00Z,CHD-01,temperature_c,32.9
202,2026-08-09T10:00:00Z,CHD-01,pressure_hpa,1001.1
202,2026-08-09T10:00:00Z,CHD-01,humidity_pct,59
203,2026-08-09T11:00:00Z,CHD-01,temperature_c,32.7
203,2026-08-09T11:00:00Z,CHD-01,pressure_hpa,1000.6
203,2026-08-09T11:00:00Z,CHD-01,humidity_pct,60
204,2026-08-09T12:00:00Z,CHD-01,temperature_c,32.4
204,2026-08-09T12:00:00Z,CHD-01,pressure_hpa,1000.0
204,2026-08-09T12:00:00Z,CHD-01,humidity_pct,63
205,2026-08-09T13:00:00Z,CHD-01,temperature_c,31.0
205,2026-08-09T13:00:00Z,CHD-01,pressure_hpa,1000.1
205,2026-08-09T13:00:00Z,CHD-01,humidity_pct,80
206,2026-08-09T14:00:00Z,CHD-01,temperature_c,29.7
206,2026-08-09T14:00:00Z,CHD-01,pressure_hpa,1001.0
206,2026-08-09T14:00:00Z,CHD-01,humidity_pct,85
207,2026-08-09T15:00:00Z,CHD-01,temperature_c,28.9
207,2026-08-09T15:00:00Z,CHD-01,pressure_hpa,1001.7
207,2026-08-09T15:00:00Z,CHD-01,humidity_pct,88
208,2026-08-09T16:00:00Z,CHD-01,temperature_c,28.3
208,2026-08-09T16:00:00Z,CHD-01,pressure_hpa,1002.6
208,2026-08-09T16:00:00Z,CHD-01,humidity_pct,89
209,2026-08-09T17:00:00Z,CHD-01,temperature_c,28.1
209,2026-08-09T17:00:00Z,CHD-01,pressure_hpa,1002.7
209,2026-08-09T17:00:00Z,CHD-01,humidity_pct,89
210,2026-08-09T18:00:00Z,CHD-01,temperature_c,28.4
210,2026-08-09T18:00:00Z,CHD-01,pressure_hpa,1002.4
210,2026-08-09T18:00:00Z,CHD-01,humidity_pct,87
211,2026-08-09T19:00:00Z,CHD-01,temperature_c,27.8
211,2026-08-09T19:00:00Z,CHD-01,pressure_hpa,1002.2
211,2026-08-09T19:00:00Z,CHD-01,humidity_pct,87
212,2026-08-09T20:00:00Z,CHD-01,temperature_c,27.7
212,2026-08-09T20:00:00Z,CHD-01,pressure_hpa,1001.9
212,2026-08-09T20:00:00Z,CHD-01,humidity_pct,85
213,2026-08-09T21:00:00Z,CHD-01,temperature_c,27.6
213,2026-08-09T21:00:00Z,CHD-01,pressure_hpa,1001.9
213,2026-08-09T21:00:00Z,CHD-01,humidity_pct,83
214,2026-08-09T22:00:00Z,CHD-01,temperature_c,27.5
214,2026-08-09T22:00:00Z,CHD-01,pressure_hpa,1001.4
214,2026-08-09T22:00:00Z,CHD-01,humidity_pct,82
215,2026-08-09T23:00:00Z,CHD-01,temperature_c,26.2
215,2026-08-09T23:00:00Z,CHD-01,pressure_hpa,1002.2
215,2026-08-09T23:00:00Z,CHD-01,humidity_pct,88
216,2026-08-10T00:00:00Z,CHD-01,temperature_c,25.4
216,2026-08-10T00:00:00Z,CHD-01,pressure_hpa,1001.8
216,2026-08-10T00:00:00Z,CHD-01,humidity_pct,98
217,2026-08-10T01:00:00Z,CHD-01,temperature_c,25.6
217,2026-08-10T01:00:00Z,CHD-01,pressure_hpa,1002.1
217,2026-08-10T01:00:00Z,CHD-01,humidity_pct,96
218,2026-08-10T02:00:00Z,CHD-01,temperature_c,26.1
218,2026-08-10T02:00:00Z,CHD-01,pressure_hpa,1002.5
218,2026-08-10T02:00:00Z,CHD-01,humidity_pct,97
219,2026-08-10T03:00:00Z,CHD-01,temperature_c,27.1
219,2026-08-10T03:00:00Z,CHD-01,pressure_hpa,1002.6
219,2026-08-10T03:00:00Z,CHD-01,humidity_pct,92
220,2026-08-10T04:00:00Z,CHD-01,temperature_c,28.2
220,2026-08-10T04:00:00Z,CHD-01,pressure_hpa,1002.8
220,2026-08-10T04:00:00Z,CHD-01,humidity_pct,84
221,2026-08-10T05:00:00Z,CHD-01,temperature_c,28.8
221,2026-08-10T05:00:00Z,CHD-01,pressure_hpa,1002.8
221,2026-08-10T05:00:00Z,CHD-01,humidity_pct,80
222,2026-08-10T06:00:00Z,CHD-01,temperature_c,28.5
222,2026-08-10T06:00:00Z,CHD-01,pressure_hpa,1002.9
222,2026-08-10T06:00:00Z,CHD-01,humidity_pct,81
223,2026-08-10T07:00:00Z,CHD-01,temperature_c,28.7
223,2026-08-10T07:00:00Z,CHD-01,pressure_hpa,1002.9
223,2026-08-10T07:00:00Z,CHD-01,humidity_pct,77
224,2026-08-10T08:00:00Z,CHD-01,temperature_c,28.4
224,2026-08-10T08:00:00Z,CHD-01,pressure_hpa,1002.3
224,2026-08-10T08:00:00Z,CHD-01,humidity_pct,80
225,2026-08-10T09:00:00Z,CHD-01,temperature_c,28.8
225,2026-08-10T09:00:00Z,CHD-01,pressure_hpa,1001.5
225,2026-08-10T09:00:00Z,CHD-01,humidity_pct,78
226,2026-08-10T10:00:00Z,CHD-01,temperature_c,28.7
226,2026-08-10T10:00:00Z,CHD-01,pressure_hpa,1001.1
226,2026-08-10T10:00:00Z,CHD-01,humidity_pct,78
227,2026-08-10T11:00:00Z,CHD-01,temperature_c,28.6
227,2026-08-10T11:00:00Z,CHD-01,pressure_hpa,1000.6
227,2026-08-10T11:00:00Z,CHD-01,humidity_pct,78
228,2026-08-10T12:00:00Z,CHD-01,temperature_c,29.0
228,2026-08-10T12:00:00Z,CHD-01,pressure_hpa,1000.5
228,2026-08-10T12:00:00Z,CHD-01,humidity_pct,77
229,2026-08-10T13:00:00Z,CHD-01,temperature_c,28.1
229,2026-08-10T13:00:00Z,CHD-01,pressure_hpa,1000.6
229,2026-08-10T13:00:00Z,CHD-01,humidity_pct,82
230,2026-08-10T14:00:00Z,CHD-01,temperature_c,27.3
230,2026-08-10T14:00:00Z,CHD-01,pressure_hpa,1001.1
230,2026-08-10T14:00:00Z,CHD-01,humidity_pct,85
231,2026-08-10T15:00:00Z,CHD-01,temperature_c,27.0
231,2026-08-10T15:00:00Z,CHD-01,pressure_hpa,1001.9
231,2026-08-10T15:00:00Z,CHD-01,humidity_pct,86
232,2026-08-10T16:00:00Z,CHD-01,temperature_c,26.7
232,2026-08-10T16:00:00Z,CHD-01,pressure_hpa,1002.5
232,2026-08-10T16:00:00Z,CHD-01,humidity_pct,87
233,2026-08-10T17:00:00Z,CHD-01,temperature_c,26.6
233,2026-08-10T17:00:00Z,CHD-01,pressure_hpa,1002.7
233,2026-08-10T17:00:00Z,CHD-01,humidity_pct,85
234,2026-08-10T18:00:00Z,CHD-01,temperature_c,26.7
234,2026-08-10T18:00:00Z,CHD-01,pressure_hpa,1001.9
234,2026-08-10T18:00:00Z,CHD-01,humidity_pct,85
235,2026-08-10T19:00:00Z,CHD-01,temperature_c,26.3
235,2026-08-10T19:00:00Z,CHD-01,pressure_hpa,1001.6
235,2026-08-10T19:00:00Z,CHD-01,humidity_pct,87
236,2026-08-10T20:00:00Z,CHD-01,temperature_c,26.3
236,2026-08-10T20:00:00Z,CHD-01,pressure_hpa,1001.4
236,2026-08-10T20:00:00Z,CHD-01,humidity_pct,85
237,2026-08-10T21:00:00Z,CHD-01,temperature_c,26.4
237,2026-08-10T21:00:00Z,CHD-01,pressure_hpa,1001.4
237,2026-08-10T21:00:00Z,CHD-01,humidity_pct,84
238,2026-08-10T22:00:00Z,CHD-01,temperature_c,26.1
238,2026-08-10T22:00:00Z,CHD-01,pressure_hpa,1001.4
238,2026-08-10T22:00:00Z,CHD-01,humidity_pct,85
239,2026-08-10T23:00:00Z,CHD-01,temperature_c,26.0
239,2026-08-10T23:00:00Z,CHD-01,pressure_hpa,1001.2
239,2026-08-10T23:00:00Z,CHD-01,humidity_pct,85
240,2026-08-11T00:00:00Z,CHD-01,temperature_c,26.3
240,2026-08-11T00:00:00Z,CHD-01,pressure_hpa,1002.3
240,2026-08-11T00:00:00Z,CHD-01,humidity_pct,87
241,2026-08-11T01:00:00Z,CHD-01,temperature_c,26.3
241,2026-08-11T01:00:00Z,CHD-01,pressure_hpa,1002.3
241,2026-08-11T01:00:00Z,CHD-01,humidity_pct,87
242,2026-08-11T02:00:00Z,CHD-01,temperature_c,27.0
242,2026-08-11T02:00:00Z,CHD-01,pressure_hpa,1002.5
242,2026-08-11T02:00:00Z,CHD-01,humidity_pct,85
243,2026-08-11T03:00:00Z,CHD-01,temperature_c,28.2
243,2026-08-11T03:00:00Z,CHD-01,pressure_hpa,1003.3
243,2026-08-11T03:00:00Z,CHD-01,humidity_pct,79
244,2026-08-11T04:00:00Z,CHD-01,temperature_c,28.9
244,2026-08-11T04:00:00Z,CHD-01,pressure_hpa,1003.4
244,2026-08-11T04:00:00Z,CHD-01,humidity_pct,76
245,2026-08-11T05:00:00Z,CHD-01,temperature_c,29.8
245,2026-08-11T05:00:00Z,CHD-01,pressure_hpa,1003.4
245,2026-08-11T05:00:00Z,CHD-01,humidity_pct,70
246,2026-08-11T06:00:00Z,CHD-01,temperature_c,28.8
246,2026-08-11T06:00:00Z,CHD-01,pressure_hpa,1004.0
246,2026-08-11T06:00:00Z,CHD-01,humidity_pct,76
247,2026-08-11T07:00:00Z,CHD-01,temperature_c,27.2
247,2026-08-11T07:00:00Z,CHD-01,pressure_hpa,1003.7
247,2026-08-11T07:00:00Z,CHD-01,humidity_pct,87
248,2026-08-11T08:00:00Z,CHD-01,temperature_c,26.6
248,2026-08-11T08:00:00Z,CHD-01,pressure_hpa,1003.2
248,2026-08-11T08:00:00Z,CHD-01,humidity_pct,93
249,2026-08-11T09:00:00Z,CHD-01,temperature_c,26.5
249,2026-08-11T09:00:00Z,CHD-01,pressure_hpa,1002.4
249,2026-08-11T09:00:00Z,CHD-01,humidity_pct,96
250,2026-08-11T10:00:00Z,CHD-01,temperature_c,26.2
250,2026-08-11T10:00:00Z,CHD-01,pressure_hpa,1002.0
250,2026-08-11T10:00:00Z,CHD-01,humidity_pct,97
251,2026-08-11T11:00:00Z,CHD-01,temperature_c,26.2
251,2026-08-11T11:00:00Z,CHD-01,pressure_hpa,1001.0
251,2026-08-11T11:00:00Z,CHD-01,humidity_pct,97
252,2026-08-11T12:00:00Z,CHD-01,temperature_c,28.0
252,2026-08-11T12:00:00Z,CHD-01,pressure_hpa,1001.0
252,2026-08-11T12:00:00Z,CHD-01,humidity_pct,84
253,2026-08-11T13:00:00Z,CHD-01,temperature_c,27.2
253,2026-08-11T13:00:00Z,CHD-01,pressure_hpa,1001.0
253,2026-08-11T13:00:00Z,CHD-01,humidity_pct,89
254,2026-08-11T14:00:00Z,CHD-01,temperature_c,26.5
254,2026-08-11T14:00:00Z,CHD-01,pressure_hpa,1000.8
254,2026-08-11T14:00:00Z,CHD-01,humidity_pct,95
255,2026-08-11T15:00:00Z,CHD-01,temperature_c,26.4
255,2026-08-11T15:00:00Z,CHD-01,pressure_hpa,1001.9
255,2026-08-11T15:00:00Z,CHD-01,humidity_pct,98
256,2026-08-11T16:00:00Z,CHD-01,temperature_c,26.4
256,2026-08-11T16:00:00Z,CHD-01,pressure_hpa,1002.5
256,2026-08-11T16:00:00Z,CHD-01,humidity_pct,99
257,2026-08-11T17:00:00Z,CHD-01,temperature_c,26.4
257,2026-08-11T17:00:00Z,CHD-01,pressure_hpa,1002.9
257,2026-08-11T17:00:00Z,CHD-01,humidity_pct,99
258,2026-08-11T18:00:00Z,CHD-01,temperature_c,26.9
258,2026-08-11T18:00:00Z,CHD-01,pressure_hpa,1002.7
258,2026-08-11T18:00:00Z,CHD-01,humidity_pct,98
259,2026-08-11T19:00:00Z,CHD-01,temperature_c,26.5
259,2026-08-11T19:00:00Z,CHD-01,pressure_hpa,1003.1
259,2026-08-11T19:00:00Z,CHD-01,humidity_pct,97
260,2026-08-11T20:00:00Z,CHD-01,temperature_c,26.2
260,2026-08-11T20:00:00Z,CHD-01,pressure_hpa,1003.2
260,2026-08-11T20:00:00Z,CHD-01,humidity_pct,98
261,2026-08-11T21:00:00Z,CHD-01,temperature_c,25.9
261,2026-08-11T21:00:00Z,CHD-01,pressure_hpa,1003.0
261,2026-08-11T21:00:00Z,CHD-01,humidity_pct,98
262,2026-08-11T22:00:00Z,CHD-01,temperature_c,25.6
262,2026-08-11T22:00:00Z,CHD-01,pressure_hpa,1002.8
262,2026-08-11T22:00:00Z,CHD-01,humidity_pct,99
263,2026-08-11T23:00:00Z,CHD-01,temperature_c,25.3
263,2026-08-11T23:00:00Z,CHD-01,pressure_hpa,1002.9
263,2026-08-11T23:00:00Z,CHD-01,humidity_pct,99
264,2026-08-12T00:00:00Z,CHD-01,temperature_c,25.9
264,2026-08-12T00:00:00Z,CHD-01,pressure_hpa,1002.9
264,2026-08-12T00:00:00Z,CHD-01,humidity_pct,97
265,2026-08-12T01:00:00Z,CHD-01,temperature_c,26.0
265,2026-08-12T01:00:00Z,CHD-01,pressure_hpa,1003.1
265,2026-08-12T01:00:00Z,CHD-01,humidity_pct,96
266,2026-08-12T02:00:00Z,CHD-01,temperature_c,27.4
266,2026-08-12T02:00:00Z,CHD-01,pressure_hpa,1003.4
266,2026-08-12T02:00:00Z,CHD-01,humidity_pct,92
267,2026-08-12T03:00:00Z,CHD-01,temperature_c,28.5
267,2026-08-12T03:00:00Z,CHD-01,pressure_hpa,1003.7
267,2026-08-12T03:00:00Z,CHD-01,humidity_pct,88
268,2026-08-12T04:00:00Z,CHD-01,temperature_c,29.8
268,2026-08-12T04:00:00Z,CHD-01,pressure_hpa,1003.4
268,2026-08-12T04:00:00Z,CHD-01,humidity_pct,81
269,2026-08-12T05:00:00Z,CHD-01,temperature_c,31.0
269,2026-08-12T05:00:00Z,CHD-01,pressure_hpa,1003.0
269,2026-08-12T05:00:00Z,CHD-01,humidity_pct,76
270,2026-08-12T06:00:00Z,CHD-01,temperature_c,32.6
270,2026-08-12T06:00:00Z,CHD-01,pressure_hpa,1002.4
270,2026-08-12T06:00:00Z,CHD-01,humidity_pct,69
271,2026-08-12T07:00:00Z,CHD-01,temperature_c,33.2
271,2026-08-12T07:00:00Z,CHD-01,pressure_hpa,1001.7
271,2026-08-12T07:00:00Z,CHD-01,humidity_pct,65
272,2026-08-12T08:00:00Z,CHD-01,temperature_c,33.8
272,2026-08-12T08:00:00Z,CHD-01,pressure_hpa,1000.9
272,2026-08-12T08:00:00Z,CHD-01,humidity_pct,62
273,2026-08-12T09:00:00Z,CHD-01,temperature_c,33.9
273,2026-08-12T09:00:00Z,CHD-01,pressure_hpa,1000.5
273,2026-08-12T09:00:00Z,CHD-01,humidity_pct,61
274,2026-08-12T10:00:00Z,CHD-01,temperature_c,33.7
274,2026-08-12T10:00:00Z,CHD-01,pressure_hpa,1000.1
274,2026-08-12T10:00:00Z,CHD-01,humidity_pct,63
275,2026-08-12T11:00:00Z,CHD-01,temperature_c,33.4
275,2026-08-12T11:00:00Z,CHD-01,pressure_hpa,999.6
275,2026-08-12T11:00:00Z,CHD-01,humidity_pct,65
276,2026-08-12T12:00:00Z,CHD-01,temperature_c,33.2
276,2026-08-12T12:00:00Z,CHD-01,pressure_hpa,999.7
276,2026-08-12T12:00:00Z,CHD-01,humidity_pct,69
277,2026-08-12T13:00:00Z,CHD-01,temperature_c,31.7
277,2026-08-12T13:00:00Z,CHD-01,pressure_hpa,1000.4
277,2026-08-12T13:00:00Z,CHD-01,humidity_pct,77
278,2026-08-12T14:00:00Z,CHD-01,temperature_c,30.4
278,2026-08-12T14:00:00Z,CHD-01,pressure_hpa,1001.6
278,2026-08-12T14:00:00Z,CHD-01,humidity_pct,85
279,2026-08-12T15:00:00Z,CHD-01,temperature_c,29.6
279,2026-08-12T15:00:00Z,CHD-01,pressure_hpa,1002.6
279,2026-08-12T15:00:00Z,CHD-01,humidity_pct,88
280,2026-08-12T16:00:00Z,CHD-01,temperature_c,29.2
280,2026-08-12T16:00:00Z,CHD-01,pressure_hpa,1003.7
280,2026-08-12T16:00:00Z,CHD-01,humidity_pct,87
281,2026-08-12T17:00:00Z,CHD-01,temperature_c,28.8
281,2026-08-12T17:00:00Z,CHD-01,pressure_hpa,1004.0
281,2026-08-12T17:00:00Z,CHD-01,humidity_pct,88
282,2026-08-12T18:00:00Z,CHD-01,temperature_c,29.4
282,2026-08-12T18:00:00Z,CHD-01,pressure_hpa,1003.8
282,2026-08-12T18:00:00Z,CHD-01,humidity_pct,84
283,2026-08-12T19:00:00Z,CHD-01,temperature_c,28.7
283,2026-08-12T19:00:00Z,CHD-01,pressure_hpa,1004.1
283,2026-08-12T19:00:00Z,CHD-01,humidity_pct,87
284,2026-08-12T20:00:00Z,CHD-01,temperature_c,28.4
284,2026-08-12T20:00:00Z,CHD-01,pressure_hpa,1003.8
284,2026-08-12T20:00:00Z,CHD-01,humidity_pct,88
285,2026-08-12T21:00:00Z,CHD-01,temperature_c,27.8
285,2026-08-12T21:00:00Z,CHD-01,pressure_hpa,1003.3
285,2026-08-12T21:00:00Z,CHD-01,humidity_pct,90
286,2026-08-12T22:00:00Z,CHD-01,temperature_c,27.4
286,2026-08-12T22:00:00Z,CHD-01,pressure_hpa,1003.2
286,2026-08-12T22:00:00Z,CHD-01,humidity_pct,92
287,2026-08-12T23:00:00Z,CHD-01,temperature_c,27.0
287,2026-08-12T23:00:00Z,CHD-01,pressure_hpa,1003.2
287,2026-08-12T23:00:00Z,CHD-01,humidity_pct,92
288,2026-08-13T00:00:00Z,CHD-01,temperature_c,28.3
288,2026-08-13T00:00:00Z,CHD-01,pressure_hpa,1002.7
288,2026-08-13T00:00:00Z,CHD-01,humidity_pct,87
289,2026-08-13T01:00:00Z,CHD-01,temperature_c,28.5
289,2026-08-13T01:00:00Z,CHD-01,pressure_hpa,1003.1
289,2026-08-13T01:00:00Z,CHD-01,humidity_pct,87
290,2026-08-13T02:00:00Z,CHD-01,temperature_c,29.8
290,2026-08-13T02:00:00Z,CHD-01,pressure_hpa,1002.8
290,2026-08-13T02:00:00Z,CHD-01,humidity_pct,82
291,2026-08-13T03:00:00Z,CHD-01,temperature_c,30.7
291,2026-08-13T03:00:00Z,CHD-01,pressure_hpa,1002.6
291,2026-08-13T03:00:00Z,CHD-01,humidity_pct,75
292,2026-08-13T04:00:00Z,CHD-01,temperature_c,31.5
292,2026-08-13T04:00:00Z,CHD-01,pressure_hpa,1002.3
292,2026-08-13T04:00:00Z,CHD-01,humidity_pct,72
293,2026-08-13T05:00:00Z,CHD-01,temperature_c,32.3
293,2026-08-13T05:00:00Z,CHD-01,pressure_hpa,1002.3
293,2026-08-13T05:00:00Z,CHD-01,humidity_pct,69
294,2026-08-13T06:00:00Z,CHD-01,temperature_c,33.0
294,2026-08-13T06:00:00Z,CHD-01,pressure_hpa,1002.8
294,2026-08-13T06:00:00Z,CHD-01,humidity_pct,65
295,2026-08-13T07:00:00Z,CHD-01,temperature_c,33.0
295,2026-08-13T07:00:00Z,CHD-01,pressure_hpa,1002.5
295,2026-08-13T07:00:00Z,CHD-01,humidity_pct,67
296,2026-08-13T08:00:00Z,CHD-01,temperature_c,32.3
296,2026-08-13T08:00:00Z,CHD-01,pressure_hpa,1001.7
296,2026-08-13T08:00:00Z,CHD-01,humidity_pct,73
297,2026-08-13T09:00:00Z,CHD-01,temperature_c,33.1
297,2026-08-13T09:00:00Z,CHD-01,pressure_hpa,1001.0
297,2026-08-13T09:00:00Z,CHD-01,humidity_pct,69
298,2026-08-13T10:00:00Z,CHD-01,temperature_c,33.3
298,2026-08-13T10:00:00Z,CHD-01,pressure_hpa,1000.2
298,2026-08-13T10:00:00Z,CHD-01,humidity_pct,66
299,2026-08-13T11:00:00Z,CHD-01,temperature_c,33.1
299,2026-08-13T11:00:00Z,CHD-01,pressure_hpa,999.7
299,2026-08-13T11:00:00Z,CHD-01,humidity_pct,65
300,2026-08-13T12:00:00Z,CHD-01,temperature_c,30.5
300,2026-08-13T12:00:00Z,CHD-01,pressure_hpa,999.8
300,2026-08-13T12:00:00Z,CHD-01,humidity_pct,86
301,2026-08-13T13:00:00Z,CHD-01,temperature_c,30.5
301,2026-08-13T13:00:00Z,CHD-01,pressure_hpa,1000.1
301,2026-08-13T13:00:00Z,CHD-01,humidity_pct,87
302,2026-08-13T14:00:00Z,CHD-01,temperature_c,29.8
302,2026-08-13T14:00:00Z,CHD-01,pressure_hpa,1000.6
302,2026-08-13T14:00:00Z,CHD-01,humidity_pct,90
303,2026-08-13T15:00:00Z,CHD-01,temperature_c,29.3
303,2026-08-13T15:00:00Z,CHD-01,pressure_hpa,1001.3
303,2026-08-13T15:00:00Z,CHD-01,humidity_pct,93
304,2026-08-13T16:00:00Z,CHD-01,temperature_c,28.8
304,2026-08-13T16:00:00Z,CHD-01,pressure_hpa,1001.7
304,2026-08-13T16:00:00Z,CHD-01,humidity_pct,94
305,2026-08-13T17:00:00Z,CHD-01,temperature_c,28.4
305,2026-08-13T17:00:00Z,CHD-01,pressure_hpa,1002.0
305,2026-08-13T17:00:00Z,CHD-01,humidity_pct,95
306,2026-08-13T18:00:00Z,CHD-01,temperature_c,29.1
306,2026-08-13T18:00:00Z,CHD-01,pressure_hpa,1001.4
306,2026-08-13T18:00:00Z,CHD-01,humidity_pct,87
307,2026-08-13T19:00:00Z,CHD-01,temperature_c,28.5
307,2026-08-13T19:00:00Z,CHD-01,pressure_hpa,1001.4
307,2026-08-13T19:00:00Z,CHD-01,humidity_pct,87
308,2026-08-13T20:00:00Z,CHD-01,temperature_c,28.3
308,2026-08-13T20:00:00Z,CHD-01,pressure_hpa,1001.2
308,2026-08-13T20:00:00Z,CHD-01,humidity_pct,85
309,2026-08-13T21:00:00Z,CHD-01,temperature_c,27.9
309,2026-08-13T21:00:00Z,CHD-01,pressure_hpa,1001.4
309,2026-08-13T21:00:00Z,CHD-01,humidity_pct,86
310,2026-08-13T22:00:00Z,CHD-01,temperature_c,27.5
310,2026-08-13T22:00:00Z,CHD-01,pressure_hpa,1001.1
310,2026-08-13T22:00:00Z,CHD-01,humidity_pct,87
311,2026-08-13T23:00:00Z,CHD-01,temperature_c,27.2
311,2026-08-13T23:00:00Z,CHD-01,pressure_hpa,1000.9
311,2026-08-13T23:00:00Z,CHD-01,humidity_pct,89
312,2026-08-14T00:00:00Z,CHD-01,temperature_c,27.5
312,2026-08-14T00:00:00Z,CHD-01,pressure_hpa,1001.3
312,2026-08-14T00:00:00Z,CHD-01,humidity_pct,92
313,2026-08-14T01:00:00Z,CHD-01,temperature_c,27.3
313,2026-08-14T01:00:00Z,CHD-01,pressure_hpa,1001.5
313,2026-08-14T01:00:00Z,CHD-01,humidity_pct,91
314,2026-08-14T02:00:00Z,CHD-01,temperature_c,28.7
314,2026-08-14T02:00:00Z,CHD-01,pressure_hpa,1001.2
314,2026-08-14T02:00:00Z,CHD-01,humidity_pct,87
315,2026-08-14T03:00:00Z,CHD-01,temperature_c,30.1
315,2026-08-14T03:00:00Z,CHD-01,pressure_hpa,1001.6
315,2026-08-14T03:00:00Z,CHD-01,humidity_pct,82
316,2026-08-14T04:00:00Z,CHD-01,temperature_c,31.6
316,2026-08-14T04:00:00Z,CHD-01,pressure_hpa,1002.2
316,2026-08-14T04:00:00Z,CHD-01,humidity_pct,72
317,2026-08-14T05:00:00Z,CHD-01,temperature_c,31.0
317,2026-08-14T05:00:00Z,CHD-01,pressure_hpa,1002.9
317,2026-08-14T05:00:00Z,CHD-01,humidity_pct,76
318,2026-08-14T06:00:00Z,CHD-01,temperature_c,30.1
318,2026-08-14T06:00:00Z,CHD-01,pressure_hpa,1003.4
318,2026-08-14T06:00:00Z,CHD-01,humidity_pct,84
319,2026-08-14T07:00:00Z,CHD-01,temperature_c,29.1
319,2026-08-14T07:00:00Z,CHD-01,pressure_hpa,1004.0
319,2026-08-14T07:00:00Z,CHD-01,humidity_pct,87
320,2026-08-14T08:00:00Z,CHD-01,temperature_c,30.5
320,2026-08-14T08:00:00Z,CHD-01,pressure_hpa,1003.3
320,2026-08-14T08:00:00Z,CHD-01,humidity_pct,80
321,2026-08-14T09:00:00Z,CHD-01,temperature_c,29.8
321,2026-08-14T09:00:00Z,CHD-01,pressure_hpa,1002.9
321,2026-08-14T09:00:00Z,CHD-01,humidity_pct,85
322,2026-08-14T10:00:00Z,CHD-01,temperature_c,30.4
322,2026-08-14T10:00:00Z,CHD-01,pressure_hpa,1002.6
322,2026-08-14T10:00:00Z,CHD-01,humidity_pct,81
323,2026-08-14T11:00:00Z,CHD-01,temperature_c,26.3
323,2026-08-14T11:00:00Z,CHD-01,pressure_hpa,1002.8
323,2026-08-14T11:00:00Z,CHD-01,humidity_pct,98
324,2026-08-14T12:00:00Z,CHD-01,temperature_c,29.2
324,2026-08-14T12:00:00Z,CHD-01,pressure_hpa,1002.3
324,2026-08-14T12:00:00Z,CHD-01,humidity_pct,83
325,2026-08-14T13:00:00Z,CHD-01,temperature_c,28.2
325,2026-08-14T13:00:00Z,CHD-01,pressure_hpa,1002.1
325,2026-08-14T13:00:00Z,CHD-01,humidity_pct,91
326,2026-08-14T14:00:00Z,CHD-01,temperature_c,27.4
326,2026-08-14T14:00:00Z,CHD-01,pressure_hpa,1001.9
326,2026-08-14T14:00:00Z,CHD-01,humidity_pct,94
327,2026-08-14T15:00:00Z,CHD-01,temperature_c,26.8
327,2026-08-14T15:00:00Z,CHD-01,pressure_hpa,1002.6
327,2026-08-14T15:00:00Z,CHD-01,humidity_pct,96
328,2026-08-14T16:00:00Z,CHD-01,temperature_c,26.4
328,2026-08-14T16:00:00Z,CHD-01,pressure_hpa,1003.6
328,2026-08-14T16:00:00Z,CHD-01,humidity_pct,96
329,2026-08-14T17:00:00Z,CHD-01,temperature_c,26.2
329,2026-08-14T17:00:00Z,CHD-01,pressure_hpa,1004.0
329,2026-08-14T17:00:00Z,CHD-01,humidity_pct,96
330,2026-08-14T18:00:00Z,CHD-01,temperature_c,26.3
330,2026-08-14T18:00:00Z,CHD-01,pressure_hpa,1003.8
330,2026-08-14T18:00:00Z,CHD-01,humidity_pct,97
331,2026-08-14T19:00:00Z,CHD-01,temperature_c,26.0
331,2026-08-14T19:00:00Z,CHD-01,pressure_hpa,1003.7
331,2026-08-14T19:00:00Z,CHD-01,humidity_pct,97
332,2026-08-14T20:00:00Z,CHD-01,temperature_c,25.2
332,2026-08-14T20:00:00Z,CHD-01,pressure_hpa,1003.5
332,2026-08-14T20:00:00Z,CHD-01,humidity_pct,97
333,2026-08-14T21:00:00Z,CHD-01,temperature_c,25.2
333,2026-08-14T21:00:00Z,CHD-01,pressure_hpa,1003.1
333,2026-08-14T21:00:00Z,CHD-01,humidity_pct,99
334,2026-08-14T22:00:00Z,CHD-01,temperature_c,25.0
334,2026-08-14T22:00:00Z,CHD-01,pressure_hpa,1003.0
334,2026-08-14T22:00:00Z,CHD-01,humidity_pct,100
335,2026-08-14T23:00:00Z,CHD-01,temperature_c,25.0
335,2026-08-14T23:00:00Z,CHD-01,pressure_hpa,1003.1
335,2026-08-14T23:00:00Z,CHD-01,humidity_pct,99
336,2026-08-15T00:00:00Z,CHD-01,temperature_c,26.2
336,2026-08-15T00:00:00Z,CHD-01,pressure_hpa,1003.1
336,2026-08-15T00:00:00Z,CHD-01,humidity_pct,93
337,2026-08-15T01:00:00Z,CHD-01,temperature_c,25.6
337,2026-08-15T01:00:00Z,CHD-01,pressure_hpa,1003.6
337,2026-08-15T01:00:00Z,CHD-01,humidity_pct,98
338,2026-08-15T02:00:00Z,CHD-01,temperature_c,25.2
338,2026-08-15T02:00:00Z,CHD-01,pressure_hpa,1004.1
338,2026-08-15T02:00:00Z,CHD-01,humidity_pct,99
339,2026-08-15T03:00:00Z,CHD-01,temperature_c,25.3
339,2026-08-15T03:00:00Z,CHD-01,pressure_hpa,1005.0
339,2026-08-15T03:00:00Z,CHD-01,humidity_pct,96
340,2026-08-15T04:00:00Z,CHD-01,temperature_c,27.0
340,2026-08-15T04:00:00Z,CHD-01,pressure_hpa,1004.8
340,2026-08-15T04:00:00Z,CHD-01,humidity_pct,88
341,2026-08-15T05:00:00Z,CHD-01,temperature_c,29.1
341,2026-08-15T05:00:00Z,CHD-01,pressure_hpa,1004.6
341,2026-08-15T05:00:00Z,CHD-01,humidity_pct,80
342,2026-08-15T06:00:00Z,CHD-01,temperature_c,29.5
342,2026-08-15T06:00:00Z,CHD-01,pressure_hpa,1004.7
342,2026-08-15T06:00:00Z,CHD-01,humidity_pct,75
343,2026-08-15T07:00:00Z,CHD-01,temperature_c,30.0
343,2026-08-15T07:00:00Z,CHD-01,pressure_hpa,1003.8
343,2026-08-15T07:00:00Z,CHD-01,humidity_pct,74
344,2026-08-15T08:00:00Z,CHD-01,temperature_c,31.0
344,2026-08-15T08:00:00Z,CHD-01,pressure_hpa,1002.6
344,2026-08-15T08:00:00Z,CHD-01,humidity_pct,69
345,2026-08-15T09:00:00Z,CHD-01,temperature_c,31.9
345,2026-08-15T09:00:00Z,CHD-01,pressure_hpa,1001.4
345,2026-08-15T09:00:00Z,CHD-01,humidity_pct,66
346,2026-08-15T10:00:00Z,CHD-01,temperature_c,31.8
346,2026-08-15T10:00:00Z,CHD-01,pressure_hpa,1000.3
346,2026-08-15T10:00:00Z,CHD-01,humidity_pct,66
347,2026-08-15T11:00:00Z,CHD-01,temperature_c,31.6
347,2026-08-15T11:00:00Z,CHD-01,pressure_hpa,999.5
347,2026-08-15T11:00:00Z,CHD-01,humidity_pct,67
348,2026-08-15T12:00:00Z,CHD-01,temperature_c,31.0
348,2026-08-15T12:00:00Z,CHD-01,pressure_hpa,999.2
348,2026-08-15T12:00:00Z,CHD-01,humidity_pct,72
349,2026-08-15T13:00:00Z,CHD-01,temperature_c,29.9
349,2026-08-15T13:00:00Z,CHD-01,pressure_hpa,999.4
349,2026-08-15T13:00:00Z,CHD-01,humidity_pct,78
350,2026-08-15T14:00:00Z,CHD-01,temperature_c,28.9
350,2026-08-15T14:00:00Z,CHD-01,pressure_hpa,1000.2
350,2026-08-15T14:00:00Z,CHD-01,humidity_pct,84
351,2026-08-15T15:00:00Z,CHD-01,temperature_c,28.5
351,2026-08-15T15:00:00Z,CHD-01,pressure_hpa,1001.2
351,2026-08-15T15:00:00Z,CHD-01,humidity_pct,86
352,2026-08-15T16:00:00Z,CHD-01,temperature_c,28.1
352,2026-08-15T16:00:00Z,CHD-01,pressure_hpa,1001.9
352,2026-08-15T16:00:00Z,CHD-01,humidity_pct,86
353,2026-08-15T17:00:00Z,CHD-01,temperature_c,27.8
353,2026-08-15T17:00:00Z,CHD-01,pressure_hpa,1002.1
353,2026-08-15T17:00:00Z,CHD-01,humidity_pct,86
354,2026-08-15T18:00:00Z,CHD-01,temperature_c,27.5
354,2026-08-15T18:00:00Z,CHD-01,pressure_hpa,1001.6
354,2026-08-15T18:00:00Z,CHD-01,humidity_pct,88
355,2026-08-15T19:00:00Z,CHD-01,temperature_c,27.2
355,2026-08-15T19:00:00Z,CHD-01,pressure_hpa,1001.5
355,2026-08-15T19:00:00Z,CHD-01,humidity_pct,90
356,2026-08-15T20:00:00Z,CHD-01,temperature_c,26.9
356,2026-08-15T20:00:00Z,CHD-01,pressure_hpa,1000.9
356,2026-08-15T20:00:00Z,CHD-01,humidity_pct,90
357,2026-08-15T21:00:00Z,CHD-01,temperature_c,26.7
357,2026-08-15T21:00:00Z,CHD-01,pressure_hpa,1000.0
357,2026-08-15T21:00:00Z,CHD-01,humidity_pct,89
358,2026-08-15T22:00:00Z,CHD-01,temperature_c,26.4
358,2026-08-15T22:00:00Z,CHD-01,pressure_hpa,999.7
358,2026-08-15T22:00:00Z,CHD-01,humidity_pct,89
359,2026-08-15T23:00:00Z,CHD-01,temperature_c,26.2
359,2026-08-15T23:00:00Z,CHD-01,pressure_hpa,1000.1
359,2026-08-15T23:00:00Z,CHD-01,humidity_pct,90
360,2026-08-16T00:00:00Z,CHD-01,temperature_c,27.2
360,2026-08-16T00:00:00Z,CHD-01,pressure_hpa,999.9
360,2026-08-16T00:00:00Z,CHD-01,humidity_pct,84
361,2026-08-16T01:00:00Z,CHD-01,temperature_c,25.9
361,2026-08-16T01:00:00Z,CHD-01,pressure_hpa,1000.9
361,2026-08-16T01:00:00Z,CHD-01,humidity_pct,93
362,2026-08-16T02:00:00Z,CHD-01,temperature_c,26.2
362,2026-08-16T02:00:00Z,CHD-01,pressure_hpa,1000.7
362,2026-08-16T02:00:00Z,CHD-01,humidity_pct,91
363,2026-08-16T03:00:00Z,CHD-01,temperature_c,28.4
363,2026-08-16T03:00:00Z,CHD-01,pressure_hpa,1001.0
363,2026-08-16T03:00:00Z,CHD-01,humidity_pct,85
364,2026-08-16T04:00:00Z,CHD-01,temperature_c,29.9
364,2026-08-16T04:00:00Z,CHD-01,pressure_hpa,1001.0
364,2026-08-16T04:00:00Z,CHD-01,humidity_pct,76
365,2026-08-16T05:00:00Z,CHD-01,temperature_c,31.4
365,2026-08-16T05:00:00Z,CHD-01,pressure_hpa,1000.7
365,2026-08-16T05:00:00Z,CHD-01,humidity_pct,71
366,2026-08-16T06:00:00Z,CHD-01,temperature_c,32.6
366,2026-08-16T06:00:00Z,CHD-01,pressure_hpa,1000.8
366,2026-08-16T06:00:00Z,CHD-01,humidity_pct,64
367,2026-08-16T07:00:00Z,CHD-01,temperature_c,32.7
367,2026-08-16T07:00:00Z,CHD-01,pressure_hpa,1000.3
367,2026-08-16T07:00:00Z,CHD-01,humidity_pct,63
368,2026-08-16T08:00:00Z,CHD-01,temperature_c,33.1
368,2026-08-16T08:00:00Z,CHD-01,pressure_hpa,999.9
368,2026-08-16T08:00:00Z,CHD-01,humidity_pct,61
369,2026-08-16T09:00:00Z,CHD-01,temperature_c,33.1
369,2026-08-16T09:00:00Z,CHD-01,pressure_hpa,999.2
369,2026-08-16T09:00:00Z,CHD-01,humidity_pct,60
370,2026-08-16T10:00:00Z,CHD-01,temperature_c,32.8
370,2026-08-16T10:00:00Z,CHD-01,pressure_hpa,998.7
370,2026-08-16T10:00:00Z,CHD-01,humidity_pct,61
371,2026-08-16T11:00:00Z,CHD-01,temperature_c,32.5
371,2026-08-16T11:00:00Z,CHD-01,pressure_hpa,998.6
371,2026-08-16T11:00:00Z,CHD-01,humidity_pct,62
372,2026-08-16T12:00:00Z,CHD-01,temperature_c,31.8
372,2026-08-16T12:00:00Z,CHD-01,pressure_hpa,999.0
372,2026-08-16T12:00:00Z,CHD-01,humidity_pct,75
373,2026-08-16T13:00:00Z,CHD-01,temperature_c,30.2
373,2026-08-16T13:00:00Z,CHD-01,pressure_hpa,999.4
373,2026-08-16T13:00:00Z,CHD-01,humidity_pct,82
374,2026-08-16T14:00:00Z,CHD-01,temperature_c,28.5
374,2026-08-16T14:00:00Z,CHD-01,pressure_hpa,1000.3
374,2026-08-16T14:00:00Z,CHD-01,humidity_pct,88
375,2026-08-16T15:00:00Z,CHD-01,temperature_c,28.6
375,2026-08-16T15:00:00Z,CHD-01,pressure_hpa,1001.0
375,2026-08-16T15:00:00Z,CHD-01,humidity_pct,88
376,2026-08-16T16:00:00Z,CHD-01,temperature_c,28.2
376,2026-08-16T16:00:00Z,CHD-01,pressure_hpa,1001.4
376,2026-08-16T16:00:00Z,CHD-01,humidity_pct,89
377,2026-08-16T17:00:00Z,CHD-01,temperature_c,27.7
377,2026-08-16T17:00:00Z,CHD-01,pressure_hpa,1001.8
377,2026-08-16T17:00:00Z,CHD-01,humidity_pct,92
378,2026-08-16T18:00:00Z,CHD-01,temperature_c,28.0
378,2026-08-16T18:00:00Z,CHD-01,pressure_hpa,1001.2
378,2026-08-16T18:00:00Z,CHD-01,humidity_pct,88
379,2026-08-16T19:00:00Z,CHD-01,temperature_c,27.5
379,2026-08-16T19:00:00Z,CHD-01,pressure_hpa,1001.0
379,2026-08-16T19:00:00Z,CHD-01,humidity_pct,88
380,2026-08-16T20:00:00Z,CHD-01,temperature_c,27.2
380,2026-08-16T20:00:00Z,CHD-01,pressure_hpa,1000.7
380,2026-08-16T20:00:00Z,CHD-01,humidity_pct,85
381,2026-08-16T21:00:00Z,CHD-01,temperature_c,25.3
381,2026-08-16T21:00:00Z,CHD-01,pressure_hpa,1000.8
381,2026-08-16T21:00:00Z,CHD-01,humidity_pct,97
382,2026-08-16T22:00:00Z,CHD-01,temperature_c,25.8
382,2026-08-16T22:00:00Z,CHD-01,pressure_hpa,1000.6
382,2026-08-16T22:00:00Z,CHD-01,humidity_pct,96
383,2026-08-16T23:00:00Z,CHD-01,temperature_c,25.7
383,2026-08-16T23:00:00Z,CHD-01,pressure_hpa,1000.3
383,2026-08-16T23:00:00Z,CHD-01,humidity_pct,97
384,2026-08-17T00:00:00Z,CHD-01,temperature_c,26.1
384,2026-08-17T00:00:00Z,CHD-01,pressure_hpa,1000.7
384,2026-08-17T00:00:00Z,CHD-01,humidity_pct,92
385,2026-08-17T01:00:00Z,CHD-01,temperature_c,26.6
385,2026-08-17T01:00:00Z,CHD-01,pressure_hpa,1001.1
385,2026-08-17T01:00:00Z,CHD-01,humidity_pct,90
386,2026-08-17T02:00:00Z,CHD-01,temperature_c,27.7
386,2026-08-17T02:00:00Z,CHD-01,pressure_hpa,1001.0
386,2026-08-17T02:00:00Z,CHD-01,humidity_pct,89
387,2026-08-17T03:00:00Z,CHD-01,temperature_c,27.2
387,2026-08-17T03:00:00Z,CHD-01,pressure_hpa,1001.8
387,2026-08-17T03:00:00Z,CHD-01,humidity_pct,92
388,2026-08-17T04:00:00Z,CHD-01,temperature_c,28.4
388,2026-08-17T04:00:00Z,CHD-01,pressure_hpa,1002.1
388,2026-08-17T04:00:00Z,CHD-01,humidity_pct,85
389,2026-08-17T05:00:00Z,CHD-01,temperature_c,29.7
389,2026-08-17T05:00:00Z,CHD-01,pressure_hpa,1002.3
389,2026-08-17T05:00:00Z,CHD-01,humidity_pct,78
390,2026-08-17T06:00:00Z,CHD-01,temperature_c,31.1
390,2026-08-17T06:00:00Z,CHD-01,pressure_hpa,1002.2
390,2026-08-17T06:00:00Z,CHD-01,humidity_pct,70
391,2026-08-17T07:00:00Z,CHD-01,temperature_c,32.2
391,2026-08-17T07:00:00Z,CHD-01,pressure_hpa,1001.4
391,2026-08-17T07:00:00Z,CHD-01,humidity_pct,66
392,2026-08-17T08:00:00Z,CHD-01,temperature_c,33.0
392,2026-08-17T08:00:00Z,CHD-01,pressure_hpa,1000.9
392,2026-08-17T08:00:00Z,CHD-01,humidity_pct,62
393,2026-08-17T09:00:00Z,CHD-01,temperature_c,31.7
393,2026-08-17T09:00:00Z,CHD-01,pressure_hpa,1000.4
393,2026-08-17T09:00:00Z,CHD-01,humidity_pct,65
394,2026-08-17T10:00:00Z,CHD-01,temperature_c,31.1
394,2026-08-17T10:00:00Z,CHD-01,pressure_hpa,1000.2
394,2026-08-17T10:00:00Z,CHD-01,humidity_pct,71
395,2026-08-17T11:00:00Z,CHD-01,temperature_c,30.2
395,2026-08-17T11:00:00Z,CHD-01,pressure_hpa,999.8
395,2026-08-17T11:00:00Z,CHD-01,humidity_pct,77
396,2026-08-17T12:00:00Z,CHD-01,temperature_c,28.7
396,2026-08-17T12:00:00Z,CHD-01,pressure_hpa,1000.6
396,2026-08-17T12:00:00Z,CHD-01,humidity_pct,93
397,2026-08-17T13:00:00Z,CHD-01,temperature_c,28.4
397,2026-08-17T13:00:00Z,CHD-01,pressure_hpa,1000.4
397,2026-08-17T13:00:00Z,CHD-01,humidity_pct,94
398,2026-08-17T14:00:00Z,CHD-01,temperature_c,28.1
398,2026-08-17T14:00:00Z,CHD-01,pressure_hpa,1001.0
398,2026-08-17T14:00:00Z,CHD-01,humidity_pct,93
399,2026-08-17T15:00:00Z,CHD-01,temperature_c,28.0
399,2026-08-17T15:00:00Z,CHD-01,pressure_hpa,1001.7
399,2026-08-17T15:00:00Z,CHD-01,humidity_pct,92
400,2026-08-17T16:00:00Z,CHD-01,temperature_c,27.4
400,2026-08-17T16:00:00Z,CHD-01,pressure_hpa,1002.2
400,2026-08-17T16:00:00Z,CHD-01,humidity_pct,95
401,2026-08-17T17:00:00Z,CHD-01,temperature_c,26.8
401,2026-08-17T17:00:00Z,CHD-01,pressure_hpa,1002.6
401,2026-08-17T17:00:00Z,CHD-01,humidity_pct,96
402,2026-08-17T18:00:00Z,CHD-01,temperature_c,27.8
402,2026-08-17T18:00:00Z,CHD-01,pressure_hpa,1002.4
402,2026-08-17T18:00:00Z,CHD-01,humidity_pct,92
403,2026-08-17T19:00:00Z,CHD-01,temperature_c,27.3
403,2026-08-17T19:00:00Z,CHD-01,pressure_hpa,1002.4
403,2026-08-17T19:00:00Z,CHD-01,humidity_pct,91
404,2026-08-17T20:00:00Z,CHD-01,temperature_c,27.3
404,2026-08-17T20:00:00Z,CHD-01,pressure_hpa,1002.4
404,2026-08-17T20:00:00Z,CHD-01,humidity_pct,90
405,2026-08-17T21:00:00Z,CHD-01,temperature_c,26.1
405,2026-08-17T21:00:00Z,CHD-01,pressure_hpa,1002.4
405,2026-08-17T21:00:00Z,CHD-01,humidity_pct,98
406,2026-08-17T22:00:00Z,CHD-01,temperature_c,25.9
406,2026-08-17T22:00:00Z,CHD-01,pressure_hpa,1001.9
406,2026-08-17T22:00:00Z,CHD-01,humidity_pct,98
407,2026-08-17T23:00:00Z,CHD-01,temperature_c,25.8
407,2026-08-17T23:00:00Z,CHD-01,pressure_hpa,1001.8
407,2026-08-17T23:00:00Z,CHD-01,humidity_pct,97
408,2026-08-18T00:00:00Z,CHD-01,temperature_c,25.9
408,2026-08-18T00:00:00Z,CHD-01,pressure_hpa,1002.1
408,2026-08-18T00:00:00Z,CHD-01,humidity_pct,97
409,2026-08-18T01:00:00Z,CHD-01,temperature_c,25.6
409,2026-08-18T01:00:00Z,CHD-01,pressure_hpa,1003.0
409,2026-08-18T01:00:00Z,CHD-01,humidity_pct,97
410,2026-08-18T02:00:00Z,CHD-01,temperature_c,26.2
410,2026-08-18T02:00:00Z,CHD-01,pressure_hpa,1002.9
410,2026-08-18T02:00:00Z,CHD-01,humidity_pct,96
411,2026-08-18T03:00:00Z,CHD-01,temperature_c,27.7
411,2026-08-18T03:00:00Z,CHD-01,pressure_hpa,1002.9
411,2026-08-18T03:00:00Z,CHD-01,humidity_pct,89
412,2026-08-18T04:00:00Z,CHD-01,temperature_c,29.7
412,2026-08-18T04:00:00Z,CHD-01,pressure_hpa,1003.0
412,2026-08-18T04:00:00Z,CHD-01,humidity_pct,78
413,2026-08-18T05:00:00Z,CHD-01,temperature_c,31.1
413,2026-08-18T05:00:00Z,CHD-01,pressure_hpa,1003.0
413,2026-08-18T05:00:00Z,CHD-01,humidity_pct,70
414,2026-08-18T06:00:00Z,CHD-01,temperature_c,31.9
414,2026-08-18T06:00:00Z,CHD-01,pressure_hpa,1003.4
414,2026-08-18T06:00:00Z,CHD-01,humidity_pct,69
415,2026-08-18T07:00:00Z,CHD-01,temperature_c,32.3
415,2026-08-18T07:00:00Z,CHD-01,pressure_hpa,1002.9
415,2026-08-18T07:00:00Z,CHD-01,humidity_pct,66
416,2026-08-18T08:00:00Z,CHD-01,temperature_c,32.5
416,2026-08-18T08:00:00Z,CHD-01,pressure_hpa,1002.6
416,2026-08-18T08:00:00Z,CHD-01,humidity_pct,66
417,2026-08-18T09:00:00Z,CHD-01,temperature_c,31.7
417,2026-08-18T09:00:00Z,CHD-01,pressure_hpa,1002.2
417,2026-08-18T09:00:00Z,CHD-01,humidity_pct,69
418,2026-08-18T10:00:00Z,CHD-01,temperature_c,27.2
418,2026-08-18T10:00:00Z,CHD-01,pressure_hpa,1002.5
418,2026-08-18T10:00:00Z,CHD-01,humidity_pct,91
419,2026-08-18T11:00:00Z,CHD-01,temperature_c,27.1
419,2026-08-18T11:00:00Z,CHD-01,pressure_hpa,1002.6
419,2026-08-18T11:00:00Z,CHD-01,humidity_pct,90
420,2026-08-18T12:00:00Z,CHD-01,temperature_c,26.1
420,2026-08-18T12:00:00Z,CHD-01,pressure_hpa,1002.8
420,2026-08-18T12:00:00Z,CHD-01,humidity_pct,94
421,2026-08-18T13:00:00Z,CHD-01,temperature_c,25.9
421,2026-08-18T13:00:00Z,CHD-01,pressure_hpa,1002.5
421,2026-08-18T13:00:00Z,CHD-01,humidity_pct,95
422,2026-08-18T14:00:00Z,CHD-01,temperature_c,26.3
422,2026-08-18T14:00:00Z,CHD-01,pressure_hpa,1003.3
422,2026-08-18T14:00:00Z,CHD-01,humidity_pct,95
423,2026-08-18T15:00:00Z,CHD-01,temperature_c,25.7
423,2026-08-18T15:00:00Z,CHD-01,pressure_hpa,1004.1
423,2026-08-18T15:00:00Z,CHD-01,humidity_pct,98
424,2026-08-18T16:00:00Z,CHD-01,temperature_c,25.5
424,2026-08-18T16:00:00Z,CHD-01,pressure_hpa,1004.4
424,2026-08-18T16:00:00Z,CHD-01,humidity_pct,98
425,2026-08-18T17:00:00Z,CHD-01,temperature_c,25.6
425,2026-08-18T17:00:00Z,CHD-01,pressure_hpa,1004.6
425,2026-08-18T17:00:00Z,CHD-01,humidity_pct,96
426,2026-08-18T18:00:00Z,CHD-01,temperature_c,25.7
426,2026-08-18T18:00:00Z,CHD-01,pressure_hpa,1004.4
426,2026-08-18T18:00:00Z,CHD-01,humidity_pct,96
427,2026-08-18T19:00:00Z,CHD-01,temperature_c,25.4
427,2026-08-18T19:00:00Z,CHD-01,pressure_hpa,1003.9
427,2026-08-18T19:00:00Z,CHD-01,humidity_pct,96
428,2026-08-18T20:00:00Z,CHD-01,temperature_c,24.4
428,2026-08-18T20:00:00Z,CHD-01,pressure_hpa,1004.4
428,2026-08-18T20:00:00Z,CHD-01,humidity_pct,97
429,2026-08-18T21:00:00Z,CHD-01,temperature_c,24.0
429,2026-08-18T21:00:00Z,CHD-01,pressure_hpa,1004.2
429,2026-08-18T21:00:00Z,CHD-01,humidity_pct,99
430,2026-08-18T22:00:00Z,CHD-01,temperature_c,24.2
430,2026-08-18T22:00:00Z,CHD-01,pressure_hpa,1004.2
430,2026-08-18T22:00:00Z,CHD-01,humidity_pct,99
431,2026-08-18T23:00:00Z,CHD-01,temperature_c,24.4
431,2026-08-18T23:00:00Z,CHD-01,pressure_hpa,1003.8
431,2026-08-18T23:00:00Z,CHD-01,humidity_pct,98
432,2026-08-19T00:00:00Z,CHD-01,temperature_c,25.5
432,2026-08-19T00:00:00Z,CHD-01,pressure_hpa,1003.5
432,2026-08-19T00:00:00Z,CHD-01,humidity_pct,96
433,2026-08-19T01:00:00Z,CHD-01,temperature_c,25.2
433,2026-08-19T01:00:00Z,CHD-01,pressure_hpa,1004.4
433,2026-08-19T01:00:00Z,CHD-01,humidity_pct,95
434,2026-08-19T02:00:00Z,CHD-01,temperature_c,25.6
434,2026-08-19T02:00:00Z,CHD-01,pressure_hpa,1004.6
434,2026-08-19T02:00:00Z,CHD-01,humidity_pct,96
435,2026-08-19T03:00:00Z,CHD-01,temperature_c,26.4
435,2026-08-19T03:00:00Z,CHD-01,pressure_hpa,1004.9
435,2026-08-19T03:00:00Z,CHD-01,humidity_pct,94
436,2026-08-19T04:00:00Z,CHD-01,temperature_c,27.7
436,2026-08-19T04:00:00Z,CHD-01,pressure_hpa,1004.9
436,2026-08-19T04:00:00Z,CHD-01,humidity_pct,89
437,2026-08-19T05:00:00Z,CHD-01,temperature_c,29.8
437,2026-08-19T05:00:00Z,CHD-01,pressure_hpa,1004.6
437,2026-08-19T05:00:00Z,CHD-01,humidity_pct,77
438,2026-08-19T06:00:00Z,CHD-01,temperature_c,30.5
438,2026-08-19T06:00:00Z,CHD-01,pressure_hpa,1004.8
438,2026-08-19T06:00:00Z,CHD-01,humidity_pct,69
439,2026-08-19T07:00:00Z,CHD-01,temperature_c,31.2
439,2026-08-19T07:00:00Z,CHD-01,pressure_hpa,1004.0
439,2026-08-19T07:00:00Z,CHD-01,humidity_pct,68
440,2026-08-19T08:00:00Z,CHD-01,temperature_c,31.7
440,2026-08-19T08:00:00Z,CHD-01,pressure_hpa,1003.4
440,2026-08-19T08:00:00Z,CHD-01,humidity_pct,67
441,2026-08-19T09:00:00Z,CHD-01,temperature_c,32.1
441,2026-08-19T09:00:00Z,CHD-01,pressure_hpa,1002.7
441,2026-08-19T09:00:00Z,CHD-01,humidity_pct,66
442,2026-08-19T10:00:00Z,CHD-01,temperature_c,32.1
442,2026-08-19T10:00:00Z,CHD-01,pressure_hpa,1002.1
442,2026-08-19T10:00:00Z,CHD-01,humidity_pct,66
443,2026-08-19T11:00:00Z,CHD-01,temperature_c,31.2
443,2026-08-19T11:00:00Z,CHD-01,pressure_hpa,1002.1
443,2026-08-19T11:00:00Z,CHD-01,humidity_pct,69
444,2026-08-19T12:00:00Z,CHD-01,temperature_c,31.3
444,2026-08-19T12:00:00Z,CHD-01,pressure_hpa,1002.3
444,2026-08-19T12:00:00Z,CHD-01,humidity_pct,71
445,2026-08-19T13:00:00Z,CHD-01,temperature_c,30.1
445,2026-08-19T13:00:00Z,CHD-01,pressure_hpa,1002.5
445,2026-08-19T13:00:00Z,CHD-01,humidity_pct,76
446,2026-08-19T14:00:00Z,CHD-01,temperature_c,29.0
446,2026-08-19T14:00:00Z,CHD-01,pressure_hpa,1003.3
446,2026-08-19T14:00:00Z,CHD-01,humidity_pct,80
447,2026-08-19T15:00:00Z,CHD-01,temperature_c,28.5
447,2026-08-19T15:00:00Z,CHD-01,pressure_hpa,1003.9
447,2026-08-19T15:00:00Z,CHD-01,humidity_pct,82
448,2026-08-19T16:00:00Z,CHD-01,temperature_c,27.8
448,2026-08-19T16:00:00Z,CHD-01,pressure_hpa,1004.7
448,2026-08-19T16:00:00Z,CHD-01,humidity_pct,85
449,2026-08-19T17:00:00Z,CHD-01,temperature_c,27.5
449,2026-08-19T17:00:00Z,CHD-01,pressure_hpa,1004.7
449,2026-08-19T17:00:00Z,CHD-01,humidity_pct,87
450,2026-08-19T18:00:00Z,CHD-01,temperature_c,27.1
450,2026-08-19T18:00:00Z,CHD-01,pressure_hpa,1005.1
450,2026-08-19T18:00:00Z,CHD-01,humidity_pct,88
451,2026-08-19T19:00:00Z,CHD-01,temperature_c,26.8
451,2026-08-19T19:00:00Z,CHD-01,pressure_hpa,1004.7
451,2026-08-19T19:00:00Z,CHD-01,humidity_pct,91
452,2026-08-19T20:00:00Z,CHD-01,temperature_c,26.5
452,2026-08-19T20:00:00Z,CHD-01,pressure_hpa,1004.6
452,2026-08-19T20:00:00Z,CHD-01,humidity_pct,93
453,2026-08-19T21:00:00Z,CHD-01,temperature_c,26.2
453,2026-08-19T21:00:00Z,CHD-01,pressure_hpa,1004.5
453,2026-08-19T21:00:00Z,CHD-01,humidity_pct,96
454,2026-08-19T22:00:00Z,CHD-01,temperature_c,25.9
454,2026-08-19T22:00:00Z,CHD-01,pressure_hpa,1004.3
454,2026-08-19T22:00:00Z,CHD-01,humidity_pct,98
455,2026-08-19T23:00:00Z,CHD-01,temperature_c,25.7
455,2026-08-19T23:00:00Z,CHD-01,pressure_hpa,1004.3
455,2026-08-19T23:00:00Z,CHD-01,humidity_pct,98
456,2026-08-20T00:00:00Z,CHD-01,temperature_c,26.3
456,2026-08-20T00:00:00Z,CHD-01,pressure_hpa,1004.2
456,2026-08-20T00:00:00Z,CHD-01,humidity_pct,92
457,2026-08-20T01:00:00Z,CHD-01,temperature_c,26.2
457,2026-08-20T01:00:00Z,CHD-01,pressure_hpa,1004.7
457,2026-08-20T01:00:00Z,CHD-01,humidity_pct,95
458,2026-08-20T02:00:00Z,CHD-01,temperature_c,26.8
458,2026-08-20T02:00:00Z,CHD-01,pressure_hpa,1005.1
458,2026-08-20T02:00:00Z,CHD-01,humidity_pct,93
459,2026-08-20T03:00:00Z,CHD-01,temperature_c,28.0
459,2026-08-20T03:00:00Z,CHD-01,pressure_hpa,1005.5
459,2026-08-20T03:00:00Z,CHD-01,humidity_pct,87
460,2026-08-20T04:00:00Z,CHD-01,temperature_c,28.9
460,2026-08-20T04:00:00Z,CHD-01,pressure_hpa,1005.3
460,2026-08-20T04:00:00Z,CHD-01,humidity_pct,83
461,2026-08-20T05:00:00Z,CHD-01,temperature_c,30.0
461,2026-08-20T05:00:00Z,CHD-01,pressure_hpa,1005.5
461,2026-08-20T05:00:00Z,CHD-01,humidity_pct,77
462,2026-08-20T06:00:00Z,CHD-01,temperature_c,30.7
462,2026-08-20T06:00:00Z,CHD-01,pressure_hpa,1005.5
462,2026-08-20T06:00:00Z,CHD-01,humidity_pct,72
463,2026-08-20T07:00:00Z,CHD-01,temperature_c,31.5
463,2026-08-20T07:00:00Z,CHD-01,pressure_hpa,1004.8
463,2026-08-20T07:00:00Z,CHD-01,humidity_pct,72
464,2026-08-20T08:00:00Z,CHD-01,temperature_c,32.6
464,2026-08-20T08:00:00Z,CHD-01,pressure_hpa,1004.3
464,2026-08-20T08:00:00Z,CHD-01,humidity_pct,67
465,2026-08-20T09:00:00Z,CHD-01,temperature_c,32.5
465,2026-08-20T09:00:00Z,CHD-01,pressure_hpa,1003.2
465,2026-08-20T09:00:00Z,CHD-01,humidity_pct,68
466,2026-08-20T10:00:00Z,CHD-01,temperature_c,32.4
466,2026-08-20T10:00:00Z,CHD-01,pressure_hpa,1002.2
466,2026-08-20T10:00:00Z,CHD-01,humidity_pct,67
467,2026-08-20T11:00:00Z,CHD-01,temperature_c,32.2
467,2026-08-20T11:00:00Z,CHD-01,pressure_hpa,1001.5
467,2026-08-20T11:00:00Z,CHD-01,humidity_pct,65
468,2026-08-20T12:00:00Z,CHD-01,temperature_c,30.8
468,2026-08-20T12:00:00Z,CHD-01,pressure_hpa,1001.7
468,2026-08-20T12:00:00Z,CHD-01,humidity_pct,81
469,2026-08-20T13:00:00Z,CHD-01,temperature_c,29.8
469,2026-08-20T13:00:00Z,CHD-01,pressure_hpa,1002.3
469,2026-08-20T13:00:00Z,CHD-01,humidity_pct,87
470,2026-08-20T14:00:00Z,CHD-01,temperature_c,28.0
470,2026-08-20T14:00:00Z,CHD-01,pressure_hpa,1002.8
470,2026-08-20T14:00:00Z,CHD-01,humidity_pct,91
471,2026-08-20T15:00:00Z,CHD-01,temperature_c,27.4
471,2026-08-20T15:00:00Z,CHD-01,pressure_hpa,1003.0
471,2026-08-20T15:00:00Z,CHD-01,humidity_pct,90
472,2026-08-20T16:00:00Z,CHD-01,temperature_c,27.0
472,2026-08-20T16:00:00Z,CHD-01,pressure_hpa,1003.5
472,2026-08-20T16:00:00Z,CHD-01,humidity_pct,93
473,2026-08-20T17:00:00Z,CHD-01,temperature_c,26.8
473,2026-08-20T17:00:00Z,CHD-01,pressure_hpa,1003.7
473,2026-08-20T17:00:00Z,CHD-01,humidity_pct,93
474,2026-08-20T18:00:00Z,CHD-01,temperature_c,28.1
474,2026-08-20T18:00:00Z,CHD-01,pressure_hpa,1003.3
474,2026-08-20T18:00:00Z,CHD-01,humidity_pct,92
475,2026-08-20T19:00:00Z,CHD-01,temperature_c,27.4
475,2026-08-20T19:00:00Z,CHD-01,pressure_hpa,1003.5
475,2026-08-20T19:00:00Z,CHD-01,humidity_pct,92
476,2026-08-20T20:00:00Z,CHD-01,temperature_c,26.7
476,2026-08-20T20:00:00Z,CHD-01,pressure_hpa,1003.4
476,2026-08-20T20:00:00Z,CHD-01,humidity_pct,95
477,2026-08-20T21:00:00Z,CHD-01,temperature_c,26.1
477,2026-08-20T21:00:00Z,CHD-01,pressure_hpa,1003.2
477,2026-08-20T21:00:00Z,CHD-01,humidity_pct,97
478,2026-08-20T22:00:00Z,CHD-01,temperature_c,25.4
478,2026-08-20T22:00:00Z,CHD-01,pressure_hpa,1002.9
478,2026-08-20T22:00:00Z,CHD-01,humidity_pct,97
479,2026-08-20T23:00:00Z,CHD-01,temperature_c,25.4
479,2026-08-20T23:00:00Z,CHD-01,pressure_hpa,1002.9
479,2026-08-20T23:00:00Z,CHD-01,humidity_pct,98
480,2026-08-21T00:00:00Z,CHD-01,temperature_c,26.4
480,2026-08-21T00:00:00Z,CHD-01,pressure_hpa,1002.3
480,2026-08-21T00:00:00Z,CHD-01,humidity_pct,94
481,2026-08-21T01:00:00Z,CHD-01,temperature_c,26.5
481,2026-08-21T01:00:00Z,CHD-01,pressure_hpa,1002.7
481,2026-08-21T01:00:00Z,CHD-01,humidity_pct,93
482,2026-08-21T02:00:00Z,CHD-01,temperature_c,27.7
482,2026-08-21T02:00:00Z,CHD-01,pressure_hpa,1003.2
482,2026-08-21T02:00:00Z,CHD-01,humidity_pct,90
483,2026-08-21T03:00:00Z,CHD-01,temperature_c,29.3
483,2026-08-21T03:00:00Z,CHD-01,pressure_hpa,1003.6
483,2026-08-21T03:00:00Z,CHD-01,humidity_pct,82
484,2026-08-21T04:00:00Z,CHD-01,temperature_c,30.2
484,2026-08-21T04:00:00Z,CHD-01,pressure_hpa,1003.8
484,2026-08-21T04:00:00Z,CHD-01,humidity_pct,76
485,2026-08-21T05:00:00Z,CHD-01,temperature_c,31.3
485,2026-08-21T05:00:00Z,CHD-01,pressure_hpa,1003.7
485,2026-08-21T05:00:00Z,CHD-01,humidity_pct,69
486,2026-08-21T06:00:00Z,CHD-01,temperature_c,29.3
486,2026-08-21T06:00:00Z,CHD-01,pressure_hpa,1004.5
486,2026-08-21T06:00:00Z,CHD-01,humidity_pct,75
487,2026-08-21T07:00:00Z,CHD-01,temperature_c,29.9
487,2026-08-21T07:00:00Z,CHD-01,pressure_hpa,1003.7
487,2026-08-21T07:00:00Z,CHD-01,humidity_pct,76
488,2026-08-21T08:00:00Z,CHD-01,temperature_c,31.2
488,2026-08-21T08:00:00Z,CHD-01,pressure_hpa,1002.6
488,2026-08-21T08:00:00Z,CHD-01,humidity_pct,68
489,2026-08-21T09:00:00Z,CHD-01,temperature_c,31.4
489,2026-08-21T09:00:00Z,CHD-01,pressure_hpa,1002.0
489,2026-08-21T09:00:00Z,CHD-01,humidity_pct,67
490,2026-08-21T10:00:00Z,CHD-01,temperature_c,31.4
490,2026-08-21T10:00:00Z,CHD-01,pressure_hpa,1000.9
490,2026-08-21T10:00:00Z,CHD-01,humidity_pct,66
491,2026-08-21T11:00:00Z,CHD-01,temperature_c,31.1
491,2026-08-21T11:00:00Z,CHD-01,pressure_hpa,1000.1
491,2026-08-21T11:00:00Z,CHD-01,humidity_pct,67
492,2026-08-21T12:00:00Z,CHD-01,temperature_c,30.3
492,2026-08-21T12:00:00Z,CHD-01,pressure_hpa,1000.4
492,2026-08-21T12:00:00Z,CHD-01,humidity_pct,76
493,2026-08-21T13:00:00Z,CHD-01,temperature_c,28.8
493,2026-08-21T13:00:00Z,CHD-01,pressure_hpa,1000.8
493,2026-08-21T13:00:00Z,CHD-01,humidity_pct,84
494,2026-08-21T14:00:00Z,CHD-01,temperature_c,28.2
494,2026-08-21T14:00:00Z,CHD-01,pressure_hpa,1001.0
494,2026-08-21T14:00:00Z,CHD-01,humidity_pct,87
495,2026-08-21T15:00:00Z,CHD-01,temperature_c,27.8
495,2026-08-21T15:00:00Z,CHD-01,pressure_hpa,1001.6
495,2026-08-21T15:00:00Z,CHD-01,humidity_pct,88
496,2026-08-21T16:00:00Z,CHD-01,temperature_c,27.5
496,2026-08-21T16:00:00Z,CHD-01,pressure_hpa,1002.1
496,2026-08-21T16:00:00Z,CHD-01,humidity_pct,89
497,2026-08-21T17:00:00Z,CHD-01,temperature_c,27.1
497,2026-08-21T17:00:00Z,CHD-01,pressure_hpa,1002.3
497,2026-08-21T17:00:00Z,CHD-01,humidity_pct,90
498,2026-08-21T18:00:00Z,CHD-01,temperature_c,26.6
498,2026-08-21T18:00:00Z,CHD-01,pressure_hpa,1002.0
498,2026-08-21T18:00:00Z,CHD-01,humidity_pct,97
499,2026-08-21T19:00:00Z,CHD-01,temperature_c,26.5
499,2026-08-21T19:00:00Z,CHD-01,pressure_hpa,1002.1
499,2026-08-21T19:00:00Z,CHD-01,humidity_pct,96
500,2026-08-21T20:00:00Z,CHD-01,temperature_c,26.4
500,2026-08-21T20:00:00Z,CHD-01,pressure_hpa,1001.8
500,2026-08-21T20:00:00Z,CHD-01,humidity_pct,96
501,2026-08-21T21:00:00Z,CHD-01,temperature_c,26.4
501,2026-08-21T21:00:00Z,CHD-01,pressure_hpa,1001.5
501,2026-08-21T21:00:00Z,CHD-01,humidity_pct,95
502,2026-08-21T22:00:00Z,CHD-01,temperature_c,26.1
502,2026-08-21T22:00:00Z,CHD-01,pressure_hpa,1001.3
502,2026-08-21T22:00:00Z,CHD-01,humidity_pct,95
503,2026-08-21T23:00:00Z,CHD-01,temperature_c,25.8
503,2026-08-21T23:00:00Z,CHD-01,pressure_hpa,1001.4
503,2026-08-21T23:00:00Z,CHD-01,humidity_pct,96
504,2026-08-22T00:00:00Z,CHD-01,temperature_c,26.2
504,2026-08-22T00:00:00Z,CHD-01,pressure_hpa,1001.8
504,2026-08-22T00:00:00Z,CHD-01,humidity_pct,92
505,2026-08-22T01:00:00Z,CHD-01,temperature_c,26.4
505,2026-08-22T01:00:00Z,CHD-01,pressure_hpa,1002.7
505,2026-08-22T01:00:00Z,CHD-01,humidity_pct,89
506,2026-08-22T02:00:00Z,CHD-01,temperature_c,27.8
506,2026-08-22T02:00:00Z,CHD-01,pressure_hpa,1002.8
506,2026-08-22T02:00:00Z,CHD-01,humidity_pct,86
507,2026-08-22T03:00:00Z,CHD-01,temperature_c,28.7
507,2026-08-22T03:00:00Z,CHD-01,pressure_hpa,1003.2
507,2026-08-22T03:00:00Z,CHD-01,humidity_pct,84
508,2026-08-22T04:00:00Z,CHD-01,temperature_c,29.5
508,2026-08-22T04:00:00Z,CHD-01,pressure_hpa,1003.1
508,2026-08-22T04:00:00Z,CHD-01,humidity_pct,81
509,2026-08-22T05:00:00Z,CHD-01,temperature_c,30.7
509,2026-08-22T05:00:00Z,CHD-01,pressure_hpa,1003.2
509,2026-08-22T05:00:00Z,CHD-01,humidity_pct,75
510,2026-08-22T06:00:00Z,CHD-01,temperature_c,31.4
510,2026-08-22T06:00:00Z,CHD-01,pressure_hpa,1003.6
510,2026-08-22T06:00:00Z,CHD-01,humidity_pct,68
511,2026-08-22T07:00:00Z,CHD-01,temperature_c,31.7
511,2026-08-22T07:00:00Z,CHD-01,pressure_hpa,1003.1
511,2026-08-22T07:00:00Z,CHD-01,humidity_pct,66
512,2026-08-22T08:00:00Z,CHD-01,temperature_c,32.1
512,2026-08-22T08:00:00Z,CHD-01,pressure_hpa,1002.4
512,2026-08-22T08:00:00Z,CHD-01,humidity_pct,63
513,2026-08-22T09:00:00Z,CHD-01,temperature_c,32.5
513,2026-08-22T09:00:00Z,CHD-01,pressure_hpa,1001.2
513,2026-08-22T09:00:00Z,CHD-01,humidity_pct,62
514,2026-08-22T10:00:00Z,CHD-01,temperature_c,31.5
514,2026-08-22T10:00:00Z,CHD-01,pressure_hpa,1000.7
514,2026-08-22T10:00:00Z,CHD-01,humidity_pct,66
515,2026-08-22T11:00:00Z,CHD-01,temperature_c,31.1
515,2026-08-22T11:00:00Z,CHD-01,pressure_hpa,1000.1
515,2026-08-22T11:00:00Z,CHD-01,humidity_pct,70
516,2026-08-22T12:00:00Z,CHD-01,temperature_c,30.7
516,2026-08-22T12:00:00Z,CHD-01,pressure_hpa,999.9
516,2026-08-22T12:00:00Z,CHD-01,humidity_pct,77
517,2026-08-22T13:00:00Z,CHD-01,temperature_c,29.2
517,2026-08-22T13:00:00Z,CHD-01,pressure_hpa,1000.5
517,2026-08-22T13:00:00Z,CHD-01,humidity_pct,84
518,2026-08-22T14:00:00Z,CHD-01,temperature_c,28.2
518,2026-08-22T14:00:00Z,CHD-01,pressure_hpa,1001.3
518,2026-08-22T14:00:00Z,CHD-01,humidity_pct,89
519,2026-08-22T15:00:00Z,CHD-01,temperature_c,27.9
519,2026-08-22T15:00:00Z,CHD-01,pressure_hpa,1001.9
519,2026-08-22T15:00:00Z,CHD-01,humidity_pct,91
520,2026-08-22T16:00:00Z,CHD-01,temperature_c,27.5
520,2026-08-22T16:00:00Z,CHD-01,pressure_hpa,1002.6
520,2026-08-22T16:00:00Z,CHD-01,humidity_pct,92
521,2026-08-22T17:00:00Z,CHD-01,temperature_c,27.1
521,2026-08-22T17:00:00Z,CHD-01,pressure_hpa,1003.1
521,2026-08-22T17:00:00Z,CHD-01,humidity_pct,93
522,2026-08-22T18:00:00Z,CHD-01,temperature_c,26.8
522,2026-08-22T18:00:00Z,CHD-01,pressure_hpa,1003.4
522,2026-08-22T18:00:00Z,CHD-01,humidity_pct,92
523,2026-08-22T19:00:00Z,CHD-01,temperature_c,26.2
523,2026-08-22T19:00:00Z,CHD-01,pressure_hpa,1003.2
523,2026-08-22T19:00:00Z,CHD-01,humidity_pct,93
524,2026-08-22T20:00:00Z,CHD-01,temperature_c,25.8
524,2026-08-22T20:00:00Z,CHD-01,pressure_hpa,1002.6
524,2026-08-22T20:00:00Z,CHD-01,humidity_pct,96
525,2026-08-22T21:00:00Z,CHD-01,temperature_c,25.7
525,2026-08-22T21:00:00Z,CHD-01,pressure_hpa,1002.5
525,2026-08-22T21:00:00Z,CHD-01,humidity_pct,95
526,2026-08-22T22:00:00Z,CHD-01,temperature_c,24.6
526,2026-08-22T22:00:00Z,CHD-01,pressure_hpa,1003.6
526,2026-08-22T22:00:00Z,CHD-01,humidity_pct,98
527,2026-08-22T23:00:00Z,CHD-01,temperature_c,24.6
527,2026-08-22T23:00:00Z,CHD-01,pressure_hpa,1003.7
527,2026-08-22T23:00:00Z,CHD-01,humidity_pct,99
528,2026-08-23T00:00:00Z,CHD-01,temperature_c,24.5
528,2026-08-23T00:00:00Z,CHD-01,pressure_hpa,1004.3
528,2026-08-23T00:00:00Z,CHD-01,humidity_pct,97
529,2026-08-23T01:00:00Z,CHD-01,temperature_c,25.0
529,2026-08-23T01:00:00Z,CHD-01,pressure_hpa,1004.2
529,2026-08-23T01:00:00Z,CHD-01,humidity_pct,98
530,2026-08-23T02:00:00Z,CHD-01,temperature_c,25.8
530,2026-08-23T02:00:00Z,CHD-01,pressure_hpa,1004.1
530,2026-08-23T02:00:00Z,CHD-01,humidity_pct,98
531,2026-08-23T03:00:00Z,CHD-01,temperature_c,26.6
531,2026-08-23T03:00:00Z,CHD-01,pressure_hpa,1005.4
531,2026-08-23T03:00:00Z,CHD-01,humidity_pct,93
532,2026-08-23T04:00:00Z,CHD-01,temperature_c,28.1
532,2026-08-23T04:00:00Z,CHD-01,pressure_hpa,1005.4
532,2026-08-23T04:00:00Z,CHD-01,humidity_pct,83
533,2026-08-23T05:00:00Z,CHD-01,temperature_c,29.8
533,2026-08-23T05:00:00Z,CHD-01,pressure_hpa,1005.1
533,2026-08-23T05:00:00Z,CHD-01,humidity_pct,75
534,2026-08-23T06:00:00Z,CHD-01,temperature_c,30.4
534,2026-08-23T06:00:00Z,CHD-01,pressure_hpa,1006.1
534,2026-08-23T06:00:00Z,CHD-01,humidity_pct,70
535,2026-08-23T07:00:00Z,CHD-01,temperature_c,30.9
535,2026-08-23T07:00:00Z,CHD-01,pressure_hpa,1004.9
535,2026-08-23T07:00:00Z,CHD-01,humidity_pct,67
536,2026-08-23T08:00:00Z,CHD-01,temperature_c,31.8
536,2026-08-23T08:00:00Z,CHD-01,pressure_hpa,1003.7
536,2026-08-23T08:00:00Z,CHD-01,humidity_pct,63
537,2026-08-23T09:00:00Z,CHD-01,temperature_c,32.3
537,2026-08-23T09:00:00Z,CHD-01,pressure_hpa,1002.5
537,2026-08-23T09:00:00Z,CHD-01,humidity_pct,62
538,2026-08-23T10:00:00Z,CHD-01,temperature_c,32.1
538,2026-08-23T10:00:00Z,CHD-01,pressure_hpa,1001.9
538,2026-08-23T10:00:00Z,CHD-01,humidity_pct,63
539,2026-08-23T11:00:00Z,CHD-01,temperature_c,31.6
539,2026-08-23T11:00:00Z,CHD-01,pressure_hpa,1001.6
539,2026-08-23T11:00:00Z,CHD-01,humidity_pct,66
540,2026-08-23T12:00:00Z,CHD-01,temperature_c,31.1
540,2026-08-23T12:00:00Z,CHD-01,pressure_hpa,1001.4
540,2026-08-23T12:00:00Z,CHD-01,humidity_pct,70
541,2026-08-23T13:00:00Z,CHD-01,temperature_c,29.9
541,2026-08-23T13:00:00Z,CHD-01,pressure_hpa,1001.8
541,2026-08-23T13:00:00Z,CHD-01,humidity_pct,78
542,2026-08-23T14:00:00Z,CHD-01,temperature_c,28.9
542,2026-08-23T14:00:00Z,CHD-01,pressure_hpa,1002.4
542,2026-08-23T14:00:00Z,CHD-01,humidity_pct,81
543,2026-08-23T15:00:00Z,CHD-01,temperature_c,28.2
543,2026-08-23T15:00:00Z,CHD-01,pressure_hpa,1003.4
543,2026-08-23T15:00:00Z,CHD-01,humidity_pct,83
544,2026-08-23T16:00:00Z,CHD-01,temperature_c,27.8
544,2026-08-23T16:00:00Z,CHD-01,pressure_hpa,1004.1
544,2026-08-23T16:00:00Z,CHD-01,humidity_pct,82
545,2026-08-23T17:00:00Z,CHD-01,temperature_c,27.4
545,2026-08-23T17:00:00Z,CHD-01,pressure_hpa,1004.3
545,2026-08-23T17:00:00Z,CHD-01,humidity_pct,83
546,2026-08-23T18:00:00Z,CHD-01,temperature_c,27.8
546,2026-08-23T18:00:00Z,CHD-01,pressure_hpa,1004.3
546,2026-08-23T18:00:00Z,CHD-01,humidity_pct,84
547,2026-08-23T19:00:00Z,CHD-01,temperature_c,27.0
547,2026-08-23T19:00:00Z,CHD-01,pressure_hpa,1004.2
547,2026-08-23T19:00:00Z,CHD-01,humidity_pct,86
548,2026-08-23T20:00:00Z,CHD-01,temperature_c,26.6
548,2026-08-23T20:00:00Z,CHD-01,pressure_hpa,1003.7
548,2026-08-23T20:00:00Z,CHD-01,humidity_pct,87
549,2026-08-23T21:00:00Z,CHD-01,temperature_c,26.4
549,2026-08-23T21:00:00Z,CHD-01,pressure_hpa,1003.4
549,2026-08-23T21:00:00Z,CHD-01,humidity_pct,87
550,2026-08-23T22:00:00Z,CHD-01,temperature_c,25.8
550,2026-08-23T22:00:00Z,CHD-01,pressure_hpa,1003.2
550,2026-08-23T22:00:00Z,CHD-01,humidity_pct,89
551,2026-08-23T23:00:00Z,CHD-01,temperature_c,25.2
551,2026-08-23T23:00:00Z,CHD-01,pressure_hpa,1003.2
551,2026-08-23T23:00:00Z,CHD-01,humidity_pct,93
552,2026-08-24T00:00:00Z,CHD-01,temperature_c,26.8
552,2026-08-24T00:00:00Z,CHD-01,pressure_hpa,1003.5
552,2026-08-24T00:00:00Z,CHD-01,humidity_pct,83
553,2026-08-24T01:00:00Z,CHD-01,temperature_c,26.6
553,2026-08-24T01:00:00Z,CHD-01,pressure_hpa,1004.3
553,2026-08-24T01:00:00Z,CHD-01,humidity_pct,84
554,2026-08-24T02:00:00Z,CHD-01,temperature_c,27.9
554,2026-08-24T02:00:00Z,CHD-01,pressure_hpa,1003.9
554,2026-08-24T02:00:00Z,CHD-01,humidity_pct,81
555,2026-08-24T03:00:00Z,CHD-01,temperature_c,29.5
555,2026-08-24T03:00:00Z,CHD-01,pressure_hpa,1004.1
555,2026-08-24T03:00:00Z,CHD-01,humidity_pct,74
556,2026-08-24T04:00:00Z,CHD-01,temperature_c,30.7
556,2026-08-24T04:00:00Z,CHD-01,pressure_hpa,1004.3
556,2026-08-24T04:00:00Z,CHD-01,humidity_pct,67
557,2026-08-24T05:00:00Z,CHD-01,temperature_c,31.8
557,2026-08-24T05:00:00Z,CHD-01,pressure_hpa,1004.3
557,2026-08-24T05:00:00Z,CHD-01,humidity_pct,62
558,2026-08-24T06:00:00Z,CHD-01,temperature_c,32.7
558,2026-08-24T06:00:00Z,CHD-01,pressure_hpa,1004.3
558,2026-08-24T06:00:00Z,CHD-01,humidity_pct,56
559,2026-08-24T07:00:00Z,CHD-01,temperature_c,33.1
559,2026-08-24T07:00:00Z,CHD-01,pressure_hpa,1003.9
559,2026-08-24T07:00:00Z,CHD-01,humidity_pct,54
560,2026-08-24T08:00:00Z,CHD-01,temperature_c,33.7
560,2026-08-24T08:00:00Z,CHD-01,pressure_hpa,1003.0
560,2026-08-24T08:00:00Z,CHD-01,humidity_pct,52
561,2026-08-24T09:00:00Z,CHD-01,temperature_c,33.7
561,2026-08-24T09:00:00Z,CHD-01,pressure_hpa,1002.2
561,2026-08-24T09:00:00Z,CHD-01,humidity_pct,52
562,2026-08-24T10:00:00Z,CHD-01,temperature_c,33.4
562,2026-08-24T10:00:00Z,CHD-01,pressure_hpa,1001.7
562,2026-08-24T10:00:00Z,CHD-01,humidity_pct,54
563,2026-08-24T11:00:00Z,CHD-01,temperature_c,32.8
563,2026-08-24T11:00:00Z,CHD-01,pressure_hpa,1001.1
563,2026-08-24T11:00:00Z,CHD-01,humidity_pct,57
564,2026-08-24T12:00:00Z,CHD-01,temperature_c,32.1
564,2026-08-24T12:00:00Z,CHD-01,pressure_hpa,1001.0
564,2026-08-24T12:00:00Z,CHD-01,humidity_pct,64
565,2026-08-24T13:00:00Z,CHD-01,temperature_c,30.5
565,2026-08-24T13:00:00Z,CHD-01,pressure_hpa,1001.6
565,2026-08-24T13:00:00Z,CHD-01,humidity_pct,73
566,2026-08-24T14:00:00Z,CHD-01,temperature_c,29.5
566,2026-08-24T14:00:00Z,CHD-01,pressure_hpa,1002.2
566,2026-08-24T14:00:00Z,CHD-01,humidity_pct,79
567,2026-08-24T15:00:00Z,CHD-01,temperature_c,28.6
567,2026-08-24T15:00:00Z,CHD-01,pressure_hpa,1003.1
567,2026-08-24T15:00:00Z,CHD-01,humidity_pct,83
568,2026-08-24T16:00:00Z,CHD-01,temperature_c,27.9
568,2026-08-24T16:00:00Z,CHD-01,pressure_hpa,1003.9
568,2026-08-24T16:00:00Z,CHD-01,humidity_pct,86
569,2026-08-24T17:00:00Z,CHD-01,temperature_c,27.3
569,2026-08-24T17:00:00Z,CHD-01,pressure_hpa,1004.1
569,2026-08-24T17:00:00Z,CHD-01,humidity_pct,88
570,2026-08-24T18:00:00Z,CHD-01,temperature_c,27.8
570,2026-08-24T18:00:00Z,CHD-01,pressure_hpa,1004.4
570,2026-08-24T18:00:00Z,CHD-01,humidity_pct,82
571,2026-08-24T19:00:00Z,CHD-01,temperature_c,27.1
571,2026-08-24T19:00:00Z,CHD-01,pressure_hpa,1004.6
571,2026-08-24T19:00:00Z,CHD-01,humidity_pct,86
572,2026-08-24T20:00:00Z,CHD-01,temperature_c,25.5
572,2026-08-24T20:00:00Z,CHD-01,pressure_hpa,1004.2
572,2026-08-24T20:00:00Z,CHD-01,humidity_pct,94
573,2026-08-24T21:00:00Z,CHD-01,temperature_c,25.4
573,2026-08-24T21:00:00Z,CHD-01,pressure_hpa,1003.6
573,2026-08-24T21:00:00Z,CHD-01,humidity_pct,96
574,2026-08-24T22:00:00Z,CHD-01,temperature_c,25.3
574,2026-08-24T22:00:00Z,CHD-01,pressure_hpa,1003.6
574,2026-08-24T22:00:00Z,CHD-01,humidity_pct,99
575,2026-08-24T23:00:00Z,CHD-01,temperature_c,25.4
575,2026-08-24T23:00:00Z,CHD-01,pressure_hpa,1003.6
575,2026-08-24T23:00:00Z,CHD-01,humidity_pct,98
576,2026-08-25T00:00:00Z,CHD-01,temperature_c,26.0
576,2026-08-25T00:00:00Z,CHD-01,pressure_hpa,1004.0
576,2026-08-25T00:00:00Z,CHD-01,humidity_pct,89
577,2026-08-25T01:00:00Z,CHD-01,temperature_c,25.7
577,2026-08-25T01:00:00Z,CHD-01,pressure_hpa,1004.6
577,2026-08-25T01:00:00Z,CHD-01,humidity_pct,91
578,2026-08-25T02:00:00Z,CHD-01,temperature_c,26.8
578,2026-08-25T02:00:00Z,CHD-01,pressure_hpa,1004.9
578,2026-08-25T02:00:00Z,CHD-01,humidity_pct,90
579,2026-08-25T03:00:00Z,CHD-01,temperature_c,27.5
579,2026-08-25T03:00:00Z,CHD-01,pressure_hpa,1005.4
579,2026-08-25T03:00:00Z,CHD-01,humidity_pct,86
580,2026-08-25T04:00:00Z,CHD-01,temperature_c,28.8
580,2026-08-25T04:00:00Z,CHD-01,pressure_hpa,1005.1
580,2026-08-25T04:00:00Z,CHD-01,humidity_pct,80
581,2026-08-25T05:00:00Z,CHD-01,temperature_c,30.3
581,2026-08-25T05:00:00Z,CHD-01,pressure_hpa,1005.2
581,2026-08-25T05:00:00Z,CHD-01,humidity_pct,75
582,2026-08-25T06:00:00Z,CHD-01,temperature_c,32.1
582,2026-08-25T06:00:00Z,CHD-01,pressure_hpa,1005.3
582,2026-08-25T06:00:00Z,CHD-01,humidity_pct,67
583,2026-08-25T07:00:00Z,CHD-01,temperature_c,32.1
583,2026-08-25T07:00:00Z,CHD-01,pressure_hpa,1005.2
583,2026-08-25T07:00:00Z,CHD-01,humidity_pct,68
584,2026-08-25T08:00:00Z,CHD-01,temperature_c,32.4
584,2026-08-25T08:00:00Z,CHD-01,pressure_hpa,1004.2
584,2026-08-25T08:00:00Z,CHD-01,humidity_pct,66
585,2026-08-25T09:00:00Z,CHD-01,temperature_c,32.8
585,2026-08-25T09:00:00Z,CHD-01,pressure_hpa,1003.2
585,2026-08-25T09:00:00Z,CHD-01,humidity_pct,64
586,2026-08-25T10:00:00Z,CHD-01,temperature_c,30.8
586,2026-08-25T10:00:00Z,CHD-01,pressure_hpa,1003.1
586,2026-08-25T10:00:00Z,CHD-01,humidity_pct,71
587,2026-08-25T11:00:00Z,CHD-01,temperature_c,30.1
587,2026-08-25T11:00:00Z,CHD-01,pressure_hpa,1002.7
587,2026-08-25T11:00:00Z,CHD-01,humidity_pct,77
588,2026-08-25T12:00:00Z,CHD-01,temperature_c,30.3
588,2026-08-25T12:00:00Z,CHD-01,pressure_hpa,1002.8
588,2026-08-25T12:00:00Z,CHD-01,humidity_pct,74
589,2026-08-25T13:00:00Z,CHD-01,temperature_c,29.6
589,2026-08-25T13:00:00Z,CHD-01,pressure_hpa,1003.0
589,2026-08-25T13:00:00Z,CHD-01,humidity_pct,82
590,2026-08-25T14:00:00Z,CHD-01,temperature_c,28.5
590,2026-08-25T14:00:00Z,CHD-01,pressure_hpa,1003.6
590,2026-08-25T14:00:00Z,CHD-01,humidity_pct,88
591,2026-08-25T15:00:00Z,CHD-01,temperature_c,28.2
591,2026-08-25T15:00:00Z,CHD-01,pressure_hpa,1004.3
591,2026-08-25T15:00:00Z,CHD-01,humidity_pct,90
592,2026-08-25T16:00:00Z,CHD-01,temperature_c,27.8
592,2026-08-25T16:00:00Z,CHD-01,pressure_hpa,1004.5
592,2026-08-25T16:00:00Z,CHD-01,humidity_pct,93
593,2026-08-25T17:00:00Z,CHD-01,temperature_c,27.4
593,2026-08-25T17:00:00Z,CHD-01,pressure_hpa,1004.2
593,2026-08-25T17:00:00Z,CHD-01,humidity_pct,95
594,2026-08-25T18:00:00Z,CHD-01,temperature_c,27.7
594,2026-08-25T18:00:00Z,CHD-01,pressure_hpa,1004.2
594,2026-08-25T18:00:00Z,CHD-01,humidity_pct,93
595,2026-08-25T19:00:00Z,CHD-01,temperature_c,27.1
595,2026-08-25T19:00:00Z,CHD-01,pressure_hpa,1004.2
595,2026-08-25T19:00:00Z,CHD-01,humidity_pct,95
596,2026-08-25T20:00:00Z,CHD-01,temperature_c,26.9
596,2026-08-25T20:00:00Z,CHD-01,pressure_hpa,1004.3
596,2026-08-25T20:00:00Z,CHD-01,humidity_pct,95
597,2026-08-25T21:00:00Z,CHD-01,temperature_c,26.7
597,2026-08-25T21:00:00Z,CHD-01,pressure_hpa,1004.2
597,2026-08-25T21:00:00Z,CHD-01,humidity_pct,95
598,2026-08-25T22:00:00Z,CHD-01,temperature_c,26.4
598,2026-08-25T22:00:00Z,CHD-01,pressure_hpa,1003.9
598,2026-08-25T22:00:00Z,CHD-01,humidity_pct,96
599,2026-08-25T23:00:00Z,CHD-01,temperature_c,26.3
599,2026-08-25T23:00:00Z,CHD-01,pressure_hpa,1003.9
599,2026-08-25T23:00:00Z,CHD-01,humidity_pct,96
600,2026-08-26T00:00:00Z,CHD-01,temperature_c,26.7
600,2026-08-26T00:00:00Z,CHD-01,pressure_hpa,1003.9
600,2026-08-26T00:00:00Z,CHD-01,humidity_pct,94
601,2026-08-26T01:00:00Z,CHD-01,temperature_c,26.7
601,2026-08-26T01:00:00Z,CHD-01,pressure_hpa,1004.2
601,2026-08-26T01:00:00Z,CHD-01,humidity_pct,93
602,2026-08-26T02:00:00Z,CHD-01,temperature_c,27.6
602,2026-08-26T02:00:00Z,CHD-01,pressure_hpa,1004.5
602,2026-08-26T02:00:00Z,CHD-01,humidity_pct,87
603,2026-08-26T03:00:00Z,CHD-01,temperature_c,28.7
603,2026-08-26T03:00:00Z,CHD-01,pressure_hpa,1004.6
603,2026-08-26T03:00:00Z,CHD-01,humidity_pct,80
604,2026-08-26T04:00:00Z,CHD-01,temperature_c,29.9
604,2026-08-26T04:00:00Z,CHD-01,pressure_hpa,1004.5
604,2026-08-26T04:00:00Z,CHD-01,humidity_pct,74
605,2026-08-26T05:00:00Z,CHD-01,temperature_c,31.0
605,2026-08-26T05:00:00Z,CHD-01,pressure_hpa,1004.6
605,2026-08-26T05:00:00Z,CHD-01,humidity_pct,69
606,2026-08-26T06:00:00Z,CHD-01,temperature_c,31.5
606,2026-08-26T06:00:00Z,CHD-01,pressure_hpa,1004.2
606,2026-08-26T06:00:00Z,CHD-01,humidity_pct,68
607,2026-08-26T07:00:00Z,CHD-01,temperature_c,32.2
607,2026-08-26T07:00:00Z,CHD-01,pressure_hpa,1003.6
607,2026-08-26T07:00:00Z,CHD-01,humidity_pct,66
608,2026-08-26T08:00:00Z,CHD-01,temperature_c,32.7
608,2026-08-26T08:00:00Z,CHD-01,pressure_hpa,1002.5
608,2026-08-26T08:00:00Z,CHD-01,humidity_pct,63
609,2026-08-26T09:00:00Z,CHD-01,temperature_c,32.8
609,2026-08-26T09:00:00Z,CHD-01,pressure_hpa,1001.6
609,2026-08-26T09:00:00Z,CHD-01,humidity_pct,62
610,2026-08-26T10:00:00Z,CHD-01,temperature_c,32.5
610,2026-08-26T10:00:00Z,CHD-01,pressure_hpa,1000.8
610,2026-08-26T10:00:00Z,CHD-01,humidity_pct,62
611,2026-08-26T11:00:00Z,CHD-01,temperature_c,31.8
611,2026-08-26T11:00:00Z,CHD-01,pressure_hpa,1000.5
611,2026-08-26T11:00:00Z,CHD-01,humidity_pct,69
612,2026-08-26T12:00:00Z,CHD-01,temperature_c,29.2
612,2026-08-26T12:00:00Z,CHD-01,pressure_hpa,1000.9
612,2026-08-26T12:00:00Z,CHD-01,humidity_pct,89
613,2026-08-26T13:00:00Z,CHD-01,temperature_c,29.1
613,2026-08-26T13:00:00Z,CHD-01,pressure_hpa,1001.1
613,2026-08-26T13:00:00Z,CHD-01,humidity_pct,88
614,2026-08-26T14:00:00Z,CHD-01,temperature_c,28.6
614,2026-08-26T14:00:00Z,CHD-01,pressure_hpa,1001.4
614,2026-08-26T14:00:00Z,CHD-01,humidity_pct,87
615,2026-08-26T15:00:00Z,CHD-01,temperature_c,28.4
615,2026-08-26T15:00:00Z,CHD-01,pressure_hpa,1001.5
615,2026-08-26T15:00:00Z,CHD-01,humidity_pct,84
616,2026-08-26T16:00:00Z,CHD-01,temperature_c,28.1
616,2026-08-26T16:00:00Z,CHD-01,pressure_hpa,1001.8
616,2026-08-26T16:00:00Z,CHD-01,humidity_pct,84
617,2026-08-26T17:00:00Z,CHD-01,temperature_c,27.8
617,2026-08-26T17:00:00Z,CHD-01,pressure_hpa,1002.1
617,2026-08-26T17:00:00Z,CHD-01,humidity_pct,86
618,2026-08-26T18:00:00Z,CHD-01,temperature_c,28.1
618,2026-08-26T18:00:00Z,CHD-01,pressure_hpa,1002.1
618,2026-08-26T18:00:00Z,CHD-01,humidity_pct,84
619,2026-08-26T19:00:00Z,CHD-01,temperature_c,27.8
619,2026-08-26T19:00:00Z,CHD-01,pressure_hpa,1001.9
619,2026-08-26T19:00:00Z,CHD-01,humidity_pct,85
620,2026-08-26T20:00:00Z,CHD-01,temperature_c,27.6
620,2026-08-26T20:00:00Z,CHD-01,pressure_hpa,1001.8
620,2026-08-26T20:00:00Z,CHD-01,humidity_pct,86
621,2026-08-26T21:00:00Z,CHD-01,temperature_c,27.4
621,2026-08-26T21:00:00Z,CHD-01,pressure_hpa,1001.7
621,2026-08-26T21:00:00Z,CHD-01,humidity_pct,87
622,2026-08-26T22:00:00Z,CHD-01,temperature_c,27.3
622,2026-08-26T22:00:00Z,CHD-01,pressure_hpa,1001.6
622,2026-08-26T22:00:00Z,CHD-01,humidity_pct,87
623,2026-08-26T23:00:00Z,CHD-01,temperature_c,27.0
623,2026-08-26T23:00:00Z,CHD-01,pressure_hpa,1001.7
623,2026-08-26T23:00:00Z,CHD-01,humidity_pct,88
624,2026-08-27T00:00:00Z,CHD-01,temperature_c,27.5
624,2026-08-27T00:00:00Z,CHD-01,pressure_hpa,1001.8
624,2026-08-27T00:00:00Z,CHD-01,humidity_pct,85
625,2026-08-27T01:00:00Z,CHD-01,temperature_c,27.2
625,2026-08-27T01:00:00Z,CHD-01,pressure_hpa,1002.1
625,2026-08-27T01:00:00Z,CHD-01,humidity_pct,86
626,2026-08-27T02:00:00Z,CHD-01,temperature_c,28.7
626,2026-08-27T02:00:00Z,CHD-01,pressure_hpa,1002.2
626,2026-08-27T02:00:00Z,CHD-01,humidity_pct,80
627,2026-08-27T03:00:00Z,CHD-01,temperature_c,30.6
627,2026-08-27T03:00:00Z,CHD-01,pressure_hpa,1002.4
627,2026-08-27T03:00:00Z,CHD-01,humidity_pct,71
628,2026-08-27T04:00:00Z,CHD-01,temperature_c,31.8
628,2026-08-27T04:00:00Z,CHD-01,pressure_hpa,1002.6
628,2026-08-27T04:00:00Z,CHD-01,humidity_pct,63
629,2026-08-27T05:00:00Z,CHD-01,temperature_c,32.7
629,2026-08-27T05:00:00Z,CHD-01,pressure_hpa,1002.5
629,2026-08-27T05:00:00Z,CHD-01,humidity_pct,60
630,2026-08-27T06:00:00Z,CHD-01,temperature_c,33.4
630,2026-08-27T06:00:00Z,CHD-01,pressure_hpa,1002.2
630,2026-08-27T06:00:00Z,CHD-01,humidity_pct,55
631,2026-08-27T07:00:00Z,CHD-01,temperature_c,33.7
631,2026-08-27T07:00:00Z,CHD-01,pressure_hpa,1001.7
631,2026-08-27T07:00:00Z,CHD-01,humidity_pct,54
632,2026-08-27T08:00:00Z,CHD-01,temperature_c,33.7
632,2026-08-27T08:00:00Z,CHD-01,pressure_hpa,1000.8
632,2026-08-27T08:00:00Z,CHD-01,humidity_pct,54
633,2026-08-27T09:00:00Z,CHD-01,temperature_c,33.4
633,2026-08-27T09:00:00Z,CHD-01,pressure_hpa,1000.4
633,2026-08-27T09:00:00Z,CHD-01,humidity_pct,56
634,2026-08-27T10:00:00Z,CHD-01,temperature_c,31.6
634,2026-08-27T10:00:00Z,CHD-01,pressure_hpa,1000.0
634,2026-08-27T10:00:00Z,CHD-01,humidity_pct,68
635,2026-08-27T11:00:00Z,CHD-01,temperature_c,31.9
635,2026-08-27T11:00:00Z,CHD-01,pressure_hpa,1000.0
635,2026-08-27T11:00:00Z,CHD-01,humidity_pct,67
636,2026-08-27T12:00:00Z,CHD-01,temperature_c,32.1
636,2026-08-27T12:00:00Z,CHD-01,pressure_hpa,999.8
636,2026-08-27T12:00:00Z,CHD-01,humidity_pct,74
637,2026-08-27T13:00:00Z,CHD-01,temperature_c,29.5
637,2026-08-27T13:00:00Z,CHD-01,pressure_hpa,1000.5
637,2026-08-27T13:00:00Z,CHD-01,humidity_pct,85
638,2026-08-27T14:00:00Z,CHD-01,temperature_c,26.9
638,2026-08-27T14:00:00Z,CHD-01,pressure_hpa,1001.3
638,2026-08-27T14:00:00Z,CHD-01,humidity_pct,95
639,2026-08-27T15:00:00Z,CHD-01,temperature_c,27.2
639,2026-08-27T15:00:00Z,CHD-01,pressure_hpa,1001.6
639,2026-08-27T15:00:00Z,CHD-01,humidity_pct,93
640,2026-08-27T16:00:00Z,CHD-01,temperature_c,27.2
640,2026-08-27T16:00:00Z,CHD-01,pressure_hpa,1001.7
640,2026-08-27T16:00:00Z,CHD-01,humidity_pct,95
641,2026-08-27T17:00:00Z,CHD-01,temperature_c,27.0
641,2026-08-27T17:00:00Z,CHD-01,pressure_hpa,1001.9
641,2026-08-27T17:00:00Z,CHD-01,humidity_pct,97
642,2026-08-27T18:00:00Z,CHD-01,temperature_c,27.1
642,2026-08-27T18:00:00Z,CHD-01,pressure_hpa,1002.0
642,2026-08-27T18:00:00Z,CHD-01,humidity_pct,97
643,2026-08-27T19:00:00Z,CHD-01,temperature_c,26.7
643,2026-08-27T19:00:00Z,CHD-01,pressure_hpa,1002.1
643,2026-08-27T19:00:00Z,CHD-01,humidity_pct,97
644,2026-08-27T20:00:00Z,CHD-01,temperature_c,26.3
644,2026-08-27T20:00:00Z,CHD-01,pressure_hpa,1002.0
644,2026-08-27T20:00:00Z,CHD-01,humidity_pct,97
645,2026-08-27T21:00:00Z,CHD-01,temperature_c,26.0
645,2026-08-27T21:00:00Z,CHD-01,pressure_hpa,1001.9
645,2026-08-27T21:00:00Z,CHD-01,humidity_pct,97
646,2026-08-27T22:00:00Z,CHD-01,temperature_c,26.0
646,2026-08-27T22:00:00Z,CHD-01,pressure_hpa,1001.7
646,2026-08-27T22:00:00Z,CHD-01,humidity_pct,96
647,2026-08-27T23:00:00Z,CHD-01,temperature_c,26.0
647,2026-08-27T23:00:00Z,CHD-01,pressure_hpa,1001.6
647,2026-08-27T23:00:00Z,CHD-01,humidity_pct,95
648,2026-08-28T00:00:00Z,CHD-01,temperature_c,26.6
648,2026-08-28T00:00:00Z,CHD-01,pressure_hpa,1002.2
648,2026-08-28T00:00:00Z,CHD-01,humidity_pct,95
649,2026-08-28T01:00:00Z,CHD-01,temperature_c,26.9
649,2026-08-28T01:00:00Z,CHD-01,pressure_hpa,1002.6
649,2026-08-28T01:00:00Z,CHD-01,humidity_pct,94
650,2026-08-28T02:00:00Z,CHD-01,temperature_c,27.1
650,2026-08-28T02:00:00Z,CHD-01,pressure_hpa,1003.3
650,2026-08-28T02:00:00Z,CHD-01,humidity_pct,92
651,2026-08-28T03:00:00Z,CHD-01,temperature_c,28.3
651,2026-08-28T03:00:00Z,CHD-01,pressure_hpa,1002.9
651,2026-08-28T03:00:00Z,CHD-01,humidity_pct,84
652,2026-08-28T04:00:00Z,CHD-01,temperature_c,30.2
652,2026-08-28T04:00:00Z,CHD-01,pressure_hpa,1002.7
652,2026-08-28T04:00:00Z,CHD-01,humidity_pct,72
653,2026-08-28T05:00:00Z,CHD-01,temperature_c,31.5
653,2026-08-28T05:00:00Z,CHD-01,pressure_hpa,1002.5
653,2026-08-28T05:00:00Z,CHD-01,humidity_pct,65
654,2026-08-28T06:00:00Z,CHD-01,temperature_c,32.4
654,2026-08-28T06:00:00Z,CHD-01,pressure_hpa,1002.5
654,2026-08-28T06:00:00Z,CHD-01,humidity_pct,59
655,2026-08-28T07:00:00Z,CHD-01,temperature_c,33.0
655,2026-08-28T07:00:00Z,CHD-01,pressure_hpa,1001.9
655,2026-08-28T07:00:00Z,CHD-01,humidity_pct,58
656,2026-08-28T08:00:00Z,CHD-01,temperature_c,33.5
656,2026-08-28T08:00:00Z,CHD-01,pressure_hpa,1001.0
656,2026-08-28T08:00:00Z,CHD-01,humidity_pct,56
657,2026-08-28T09:00:00Z,CHD-01,temperature_c,33.9
657,2026-08-28T09:00:00Z,CHD-01,pressure_hpa,1000.3
657,2026-08-28T09:00:00Z,CHD-01,humidity_pct,54
658,2026-08-28T10:00:00Z,CHD-01,temperature_c,33.8
658,2026-08-28T10:00:00Z,CHD-01,pressure_hpa,999.6
658,2026-08-28T10:00:00Z,CHD-01,humidity_pct,54
659,2026-08-28T11:00:00Z,CHD-01,temperature_c,33.4
659,2026-08-28T11:00:00Z,CHD-01,pressure_hpa,999.2
659,2026-08-28T11:00:00Z,CHD-01,humidity_pct,55
660,2026-08-28T12:00:00Z,CHD-01,temperature_c,33.1
660,2026-08-28T12:00:00Z,CHD-01,pressure_hpa,999.0
660,2026-08-28T12:00:00Z,CHD-01,humidity_pct,59
661,2026-08-28T13:00:00Z,CHD-01,temperature_c,31.1
661,2026-08-28T13:00:00Z,CHD-01,pressure_hpa,999.4
661,2026-08-28T13:00:00Z,CHD-01,humidity_pct,70
662,2026-08-28T14:00:00Z,CHD-01,temperature_c,30.0
662,2026-08-28T14:00:00Z,CHD-01,pressure_hpa,999.8
662,2026-08-28T14:00:00Z,CHD-01,humidity_pct,74
663,2026-08-28T15:00:00Z,CHD-01,temperature_c,29.5
663,2026-08-28T15:00:00Z,CHD-01,pressure_hpa,1000.8
663,2026-08-28T15:00:00Z,CHD-01,humidity_pct,74
664,2026-08-28T16:00:00Z,CHD-01,temperature_c,29.4
664,2026-08-28T16:00:00Z,CHD-01,pressure_hpa,1001.3
664,2026-08-28T16:00:00Z,CHD-01,humidity_pct,76
665,2026-08-28T17:00:00Z,CHD-01,temperature_c,29.0
665,2026-08-28T17:00:00Z,CHD-01,pressure_hpa,1001.8
665,2026-08-28T17:00:00Z,CHD-01,humidity_pct,77
666,2026-08-28T18:00:00Z,CHD-01,temperature_c,28.9
666,2026-08-28T18:00:00Z,CHD-01,pressure_hpa,1001.7
666,2026-08-28T18:00:00Z,CHD-01,humidity_pct,82
667,2026-08-28T19:00:00Z,CHD-01,temperature_c,28.3
667,2026-08-28T19:00:00Z,CHD-01,pressure_hpa,1001.4
667,2026-08-28T19:00:00Z,CHD-01,humidity_pct,84
668,2026-08-28T20:00:00Z,CHD-01,temperature_c,27.9
668,2026-08-28T20:00:00Z,CHD-01,pressure_hpa,1001.1
668,2026-08-28T20:00:00Z,CHD-01,humidity_pct,84
669,2026-08-28T21:00:00Z,CHD-01,temperature_c,27.6
669,2026-08-28T21:00:00Z,CHD-01,pressure_hpa,1000.7
669,2026-08-28T21:00:00Z,CHD-01,humidity_pct,84
670,2026-08-28T22:00:00Z,CHD-01,temperature_c,27.3
670,2026-08-28T22:00:00Z,CHD-01,pressure_hpa,1000.5
670,2026-08-28T22:00:00Z,CHD-01,humidity_pct,84
671,2026-08-28T23:00:00Z,CHD-01,temperature_c,27.0
671,2026-08-28T23:00:00Z,CHD-01,pressure_hpa,1000.7
671,2026-08-28T23:00:00Z,CHD-01,humidity_pct,86
0,2026-08-01T00:00:00Z,MOH-01,temperature_c,26.1
0,2026-08-01T00:00:00Z,MOH-01,pressure_hpa,1000.8
0,2026-08-01T00:00:00Z,MOH-01,humidity_pct,88
1,2026-08-01T01:00:00Z,MOH-01,temperature_c,26.5
1,2026-08-01T01:00:00Z,MOH-01,pressure_hpa,1001.0
1,2026-08-01T01:00:00Z,MOH-01,humidity_pct,88
2,2026-08-01T02:00:00Z,MOH-01,temperature_c,27.9
2,2026-08-01T02:00:00Z,MOH-01,pressure_hpa,1001.6
2,2026-08-01T02:00:00Z,MOH-01,humidity_pct,85
3,2026-08-01T03:00:00Z,MOH-01,temperature_c,29.0
3,2026-08-01T03:00:00Z,MOH-01,pressure_hpa,1002.1
3,2026-08-01T03:00:00Z,MOH-01,humidity_pct,78
4,2026-08-01T04:00:00Z,MOH-01,temperature_c,29.6
4,2026-08-01T04:00:00Z,MOH-01,pressure_hpa,1001.8
4,2026-08-01T04:00:00Z,MOH-01,humidity_pct,73
5,2026-08-01T05:00:00Z,MOH-01,temperature_c,31.1
5,2026-08-01T05:00:00Z,MOH-01,pressure_hpa,1001.3
5,2026-08-01T05:00:00Z,MOH-01,humidity_pct,66
6,2026-08-01T06:00:00Z,MOH-01,temperature_c,31.7
6,2026-08-01T06:00:00Z,MOH-01,pressure_hpa,1001.2
6,2026-08-01T06:00:00Z,MOH-01,humidity_pct,65
7,2026-08-01T07:00:00Z,MOH-01,temperature_c,32.0
7,2026-08-01T07:00:00Z,MOH-01,pressure_hpa,1000.4
7,2026-08-01T07:00:00Z,MOH-01,humidity_pct,64
8,2026-08-01T08:00:00Z,MOH-01,temperature_c,32.4
8,2026-08-01T08:00:00Z,MOH-01,pressure_hpa,999.8
8,2026-08-01T08:00:00Z,MOH-01,humidity_pct,64
9,2026-08-01T09:00:00Z,MOH-01,temperature_c,32.6
9,2026-08-01T09:00:00Z,MOH-01,pressure_hpa,998.8
9,2026-08-01T09:00:00Z,MOH-01,humidity_pct,65
10,2026-08-01T10:00:00Z,MOH-01,temperature_c,31.8
10,2026-08-01T10:00:00Z,MOH-01,pressure_hpa,998.5
10,2026-08-01T10:00:00Z,MOH-01,humidity_pct,69
11,2026-08-01T11:00:00Z,MOH-01,temperature_c,31.8
11,2026-08-01T11:00:00Z,MOH-01,pressure_hpa,998.0
11,2026-08-01T11:00:00Z,MOH-01,humidity_pct,68
12,2026-08-01T12:00:00Z,MOH-01,temperature_c,31.4
12,2026-08-01T12:00:00Z,MOH-01,pressure_hpa,998.2
12,2026-08-01T12:00:00Z,MOH-01,humidity_pct,73
13,2026-08-01T13:00:00Z,MOH-01,temperature_c,30.9
13,2026-08-01T13:00:00Z,MOH-01,pressure_hpa,998.7
13,2026-08-01T13:00:00Z,MOH-01,humidity_pct,77
14,2026-08-01T14:00:00Z,MOH-01,temperature_c,29.9
14,2026-08-01T14:00:00Z,MOH-01,pressure_hpa,999.3
14,2026-08-01T14:00:00Z,MOH-01,humidity_pct,82
15,2026-08-01T15:00:00Z,MOH-01,temperature_c,29.3
15,2026-08-01T15:00:00Z,MOH-01,pressure_hpa,999.5
15,2026-08-01T15:00:00Z,MOH-01,humidity_pct,86
16,2026-08-01T16:00:00Z,MOH-01,temperature_c,28.8
16,2026-08-01T16:00:00Z,MOH-01,pressure_hpa,1000.3
16,2026-08-01T16:00:00Z,MOH-01,humidity_pct,88
17,2026-08-01T17:00:00Z,MOH-01,temperature_c,28.5
17,2026-08-01T17:00:00Z,MOH-01,pressure_hpa,1000.9
17,2026-08-01T17:00:00Z,MOH-01,humidity_pct,87
18,2026-08-01T18:00:00Z,MOH-01,temperature_c,29.0
18,2026-08-01T18:00:00Z,MOH-01,pressure_hpa,1000.6
18,2026-08-01T18:00:00Z,MOH-01,humidity_pct,83
19,2026-08-01T19:00:00Z,MOH-01,temperature_c,28.4
19,2026-08-01T19:00:00Z,MOH-01,pressure_hpa,1000.5
19,2026-08-01T19:00:00Z,MOH-01,humidity_pct,84
20,2026-08-01T20:00:00Z,MOH-01,temperature_c,28.1
20,2026-08-01T20:00:00Z,MOH-01,pressure_hpa,1000.9
20,2026-08-01T20:00:00Z,MOH-01,humidity_pct,85
21,2026-08-01T21:00:00Z,MOH-01,temperature_c,28.0
21,2026-08-01T21:00:00Z,MOH-01,pressure_hpa,1001.0
21,2026-08-01T21:00:00Z,MOH-01,humidity_pct,85
22,2026-08-01T22:00:00Z,MOH-01,temperature_c,27.7
22,2026-08-01T22:00:00Z,MOH-01,pressure_hpa,1000.4
22,2026-08-01T22:00:00Z,MOH-01,humidity_pct,86
23,2026-08-01T23:00:00Z,MOH-01,temperature_c,27.5
23,2026-08-01T23:00:00Z,MOH-01,pressure_hpa,1001.1
23,2026-08-01T23:00:00Z,MOH-01,humidity_pct,86
24,2026-08-02T00:00:00Z,MOH-01,temperature_c,27.0
24,2026-08-02T00:00:00Z,MOH-01,pressure_hpa,1001.3
24,2026-08-02T00:00:00Z,MOH-01,humidity_pct,90
25,2026-08-02T01:00:00Z,MOH-01,temperature_c,27.3
25,2026-08-02T01:00:00Z,MOH-01,pressure_hpa,1001.8
25,2026-08-02T01:00:00Z,MOH-01,humidity_pct,89
26,2026-08-02T02:00:00Z,MOH-01,temperature_c,28.6
26,2026-08-02T02:00:00Z,MOH-01,pressure_hpa,1001.3
26,2026-08-02T02:00:00Z,MOH-01,humidity_pct,85
27,2026-08-02T03:00:00Z,MOH-01,temperature_c,29.8
27,2026-08-02T03:00:00Z,MOH-01,pressure_hpa,1002.0
27,2026-08-02T03:00:00Z,MOH-01,humidity_pct,78
28,2026-08-02T04:00:00Z,MOH-01,temperature_c,30.8
28,2026-08-02T04:00:00Z,MOH-01,pressure_hpa,1002.1
28,2026-08-02T04:00:00Z,MOH-01,humidity_pct,74
29,2026-08-02T05:00:00Z,MOH-01,temperature_c,31.6
29,2026-08-02T05:00:00Z,MOH-01,pressure_hpa,1001.7
29,2026-08-02T05:00:00Z,MOH-01,humidity_pct,70
30,2026-08-02T06:00:00Z,MOH-01,temperature_c,31.2
30,2026-08-02T06:00:00Z,MOH-01,pressure_hpa,1001.6
30,2026-08-02T06:00:00Z,MOH-01,humidity_pct,69
31,2026-08-02T07:00:00Z,MOH-01,temperature_c,31.5
31,2026-08-02T07:00:00Z,MOH-01,pressure_hpa,1001.2
31,2026-08-02T07:00:00Z,MOH-01,humidity_pct,70
32,2026-08-02T08:00:00Z,MOH-01,temperature_c,32.2
32,2026-08-02T08:00:00Z,MOH-01,pressure_hpa,1000.8
32,2026-08-02T08:00:00Z,MOH-01,humidity_pct,66
33,2026-08-02T09:00:00Z,MOH-01,temperature_c,32.6
33,2026-08-02T09:00:00Z,MOH-01,pressure_hpa,999.7
33,2026-08-02T09:00:00Z,MOH-01,humidity_pct,65
34,2026-08-02T10:00:00Z,MOH-01,temperature_c,32.7
34,2026-08-02T10:00:00Z,MOH-01,pressure_hpa,999.1
34,2026-08-02T10:00:00Z,MOH-01,humidity_pct,65
35,2026-08-02T11:00:00Z,MOH-01,temperature_c,32.8
35,2026-08-02T11:00:00Z,MOH-01,pressure_hpa,998.6
35,2026-08-02T11:00:00Z,MOH-01,humidity_pct,65
36,2026-08-02T12:00:00Z,MOH-01,temperature_c,32.0
36,2026-08-02T12:00:00Z,MOH-01,pressure_hpa,998.4
36,2026-08-02T12:00:00Z,MOH-01,humidity_pct,70
37,2026-08-02T13:00:00Z,MOH-01,temperature_c,31.4
37,2026-08-02T13:00:00Z,MOH-01,pressure_hpa,999.3
37,2026-08-02T13:00:00Z,MOH-01,humidity_pct,76
38,2026-08-02T14:00:00Z,MOH-01,temperature_c,30.1
38,2026-08-02T14:00:00Z,MOH-01,pressure_hpa,1000.1
38,2026-08-02T14:00:00Z,MOH-01,humidity_pct,82
39,2026-08-02T15:00:00Z,MOH-01,temperature_c,29.2
39,2026-08-02T15:00:00Z,MOH-01,pressure_hpa,1001.1
39,2026-08-02T15:00:00Z,MOH-01,humidity_pct,81
40,2026-08-02T16:00:00Z,MOH-01,temperature_c,28.0
40,2026-08-02T16:00:00Z,MOH-01,pressure_hpa,1002.2
40,2026-08-02T16:00:00Z,MOH-01,humidity_pct,85
41,2026-08-02T17:00:00Z,MOH-01,temperature_c,27.2
41,2026-08-02T17:00:00Z,MOH-01,pressure_hpa,1002.3
41,2026-08-02T17:00:00Z,MOH-01,humidity_pct,87
42,2026-08-02T18:00:00Z,MOH-01,temperature_c,27.2
42,2026-08-02T18:00:00Z,MOH-01,pressure_hpa,1002.0
42,2026-08-02T18:00:00Z,MOH-01,humidity_pct,89
43,2026-08-02T19:00:00Z,MOH-01,temperature_c,27.2
43,2026-08-02T19:00:00Z,MOH-01,pressure_hpa,1001.5
43,2026-08-02T19:00:00Z,MOH-01,humidity_pct,88
44,2026-08-02T20:00:00Z,MOH-01,temperature_c,27.4
44,2026-08-02T20:00:00Z,MOH-01,pressure_hpa,1001.2
44,2026-08-02T20:00:00Z,MOH-01,humidity_pct,87
45,2026-08-02T21:00:00Z,MOH-01,temperature_c,27.4
45,2026-08-02T21:00:00Z,MOH-01,pressure_hpa,1001.1
45,2026-08-02T21:00:00Z,MOH-01,humidity_pct,85
46,2026-08-02T22:00:00Z,MOH-01,temperature_c,27.0
46,2026-08-02T22:00:00Z,MOH-01,pressure_hpa,1000.7
46,2026-08-02T22:00:00Z,MOH-01,humidity_pct,86
47,2026-08-02T23:00:00Z,MOH-01,temperature_c,26.5
47,2026-08-02T23:00:00Z,MOH-01,pressure_hpa,1000.8
47,2026-08-02T23:00:00Z,MOH-01,humidity_pct,88
48,2026-08-03T00:00:00Z,MOH-01,temperature_c,28.3
48,2026-08-03T00:00:00Z,MOH-01,pressure_hpa,1000.8
48,2026-08-03T00:00:00Z,MOH-01,humidity_pct,83
49,2026-08-03T01:00:00Z,MOH-01,temperature_c,28.0
49,2026-08-03T01:00:00Z,MOH-01,pressure_hpa,1000.7
49,2026-08-03T01:00:00Z,MOH-01,humidity_pct,86
50,2026-08-03T02:00:00Z,MOH-01,temperature_c,28.5
50,2026-08-03T02:00:00Z,MOH-01,pressure_hpa,1001.5
50,2026-08-03T02:00:00Z,MOH-01,humidity_pct,86
51,2026-08-03T03:00:00Z,MOH-01,temperature_c,29.0
51,2026-08-03T03:00:00Z,MOH-01,pressure_hpa,1002.0
51,2026-08-03T03:00:00Z,MOH-01,humidity_pct,84
52,2026-08-03T04:00:00Z,MOH-01,temperature_c,29.4
52,2026-08-03T04:00:00Z,MOH-01,pressure_hpa,1002.0
52,2026-08-03T04:00:00Z,MOH-01,humidity_pct,80
53,2026-08-03T05:00:00Z,MOH-01,temperature_c,30.2
53,2026-08-03T05:00:00Z,MOH-01,pressure_hpa,1002.4
53,2026-08-03T05:00:00Z,MOH-01,humidity_pct,78
54,2026-08-03T06:00:00Z,MOH-01,temperature_c,31.6
54,2026-08-03T06:00:00Z,MOH-01,pressure_hpa,1002.2
54,2026-08-03T06:00:00Z,MOH-01,humidity_pct,72
55,2026-08-03T07:00:00Z,MOH-01,temperature_c,32.1
55,2026-08-03T07:00:00Z,MOH-01,pressure_hpa,1001.9
55,2026-08-03T07:00:00Z,MOH-01,humidity_pct,67
56,2026-08-03T08:00:00Z,MOH-01,temperature_c,32.3
56,2026-08-03T08:00:00Z,MOH-01,pressure_hpa,1001.2
56,2026-08-03T08:00:00Z,MOH-01,humidity_pct,67
57,2026-08-03T09:00:00Z,MOH-01,temperature_c,32.5
57,2026-08-03T09:00:00Z,MOH-01,pressure_hpa,1000.8
57,2026-08-03T09:00:00Z,MOH-01,humidity_pct,69
58,2026-08-03T10:00:00Z,MOH-01,temperature_c,32.1
58,2026-08-03T10:00:00Z,MOH-01,pressure_hpa,1000.1
58,2026-08-03T10:00:00Z,MOH-01,humidity_pct,73
59,2026-08-03T11:00:00Z,MOH-01,temperature_c,31.8
59,2026-08-03T11:00:00Z,MOH-01,pressure_hpa,999.6
59,2026-08-03T11:00:00Z,MOH-01,humidity_pct,75
60,2026-08-03T12:00:00Z,MOH-01,temperature_c,30.2
60,2026-08-03T12:00:00Z,MOH-01,pressure_hpa,999.3
60,2026-08-03T12:00:00Z,MOH-01,humidity_pct,82
61,2026-08-03T13:00:00Z,MOH-01,temperature_c,28.9
61,2026-08-03T13:00:00Z,MOH-01,pressure_hpa,1000.4
61,2026-08-03T13:00:00Z,MOH-01,humidity_pct,90
62,2026-08-03T14:00:00Z,MOH-01,temperature_c,27.3
62,2026-08-03T14:00:00Z,MOH-01,pressure_hpa,1000.9
62,2026-08-03T14:00:00Z,MOH-01,humidity_pct,96
63,2026-08-03T15:00:00Z,MOH-01,temperature_c,27.3
63,2026-08-03T15:00:00Z,MOH-01,pressure_hpa,1001.5
63,2026-08-03T15:00:00Z,MOH-01,humidity_pct,98
64,2026-08-03T16:00:00Z,MOH-01,temperature_c,27.3
64,2026-08-03T16:00:00Z,MOH-01,pressure_hpa,1002.6
64,2026-08-03T16:00:00Z,MOH-01,humidity_pct,94
65,2026-08-03T17:00:00Z,MOH-01,temperature_c,27.3
65,2026-08-03T17:00:00Z,MOH-01,pressure_hpa,1002.3
65,2026-08-03T17:00:00Z,MOH-01,humidity_pct,93
66,2026-08-03T18:00:00Z,MOH-01,temperature_c,27.4
66,2026-08-03T18:00:00Z,MOH-01,pressure_hpa,1002.2
66,2026-08-03T18:00:00Z,MOH-01,humidity_pct,93
67,2026-08-03T19:00:00Z,MOH-01,temperature_c,27.0
67,2026-08-03T19:00:00Z,MOH-01,pressure_hpa,1002.1
67,2026-08-03T19:00:00Z,MOH-01,humidity_pct,93
68,2026-08-03T20:00:00Z,MOH-01,temperature_c,27.1
68,2026-08-03T20:00:00Z,MOH-01,pressure_hpa,1001.9
68,2026-08-03T20:00:00Z,MOH-01,humidity_pct,91
69,2026-08-03T21:00:00Z,MOH-01,temperature_c,27.0
69,2026-08-03T21:00:00Z,MOH-01,pressure_hpa,1001.9
69,2026-08-03T21:00:00Z,MOH-01,humidity_pct,90
70,2026-08-03T22:00:00Z,MOH-01,temperature_c,27.0
70,2026-08-03T22:00:00Z,MOH-01,pressure_hpa,1002.2
70,2026-08-03T22:00:00Z,MOH-01,humidity_pct,90
71,2026-08-03T23:00:00Z,MOH-01,temperature_c,25.9
71,2026-08-03T23:00:00Z,MOH-01,pressure_hpa,1002.5
71,2026-08-03T23:00:00Z,MOH-01,humidity_pct,95
72,2026-08-04T00:00:00Z,MOH-01,temperature_c,25.9
72,2026-08-04T00:00:00Z,MOH-01,pressure_hpa,1001.6
72,2026-08-04T00:00:00Z,MOH-01,humidity_pct,97
73,2026-08-04T01:00:00Z,MOH-01,temperature_c,26.2
73,2026-08-04T01:00:00Z,MOH-01,pressure_hpa,1002.5
73,2026-08-04T01:00:00Z,MOH-01,humidity_pct,94
74,2026-08-04T02:00:00Z,MOH-01,temperature_c,25.8
74,2026-08-04T02:00:00Z,MOH-01,pressure_hpa,1003.3
74,2026-08-04T02:00:00Z,MOH-01,humidity_pct,96
75,2026-08-04T03:00:00Z,MOH-01,temperature_c,26.2
75,2026-08-04T03:00:00Z,MOH-01,pressure_hpa,1003.6
75,2026-08-04T03:00:00Z,MOH-01,humidity_pct,95
76,2026-08-04T04:00:00Z,MOH-01,temperature_c,27.3
76,2026-08-04T04:00:00Z,MOH-01,pressure_hpa,1004.3
76,2026-08-04T04:00:00Z,MOH-01,humidity_pct,89
77,2026-08-04T05:00:00Z,MOH-01,temperature_c,28.0
77,2026-08-04T05:00:00Z,MOH-01,pressure_hpa,1004.0
77,2026-08-04T05:00:00Z,MOH-01,humidity_pct,87
78,2026-08-04T06:00:00Z,MOH-01,temperature_c,26.2
78,2026-08-04T06:00:00Z,MOH-01,pressure_hpa,1004.5
78,2026-08-04T06:00:00Z,MOH-01,humidity_pct,93
79,2026-08-04T07:00:00Z,MOH-01,temperature_c,27.6
79,2026-08-04T07:00:00Z,MOH-01,pressure_hpa,1004.4
79,2026-08-04T07:00:00Z,MOH-01,humidity_pct,87
80,2026-08-04T08:00:00Z,MOH-01,temperature_c,28.0
80,2026-08-04T08:00:00Z,MOH-01,pressure_hpa,1003.6
80,2026-08-04T08:00:00Z,MOH-01,humidity_pct,84
81,2026-08-04T09:00:00Z,MOH-01,temperature_c,28.3
81,2026-08-04T09:00:00Z,MOH-01,pressure_hpa,1002.5
81,2026-08-04T09:00:00Z,MOH-01,humidity_pct,84
82,2026-08-04T10:00:00Z,MOH-01,temperature_c,29.4
82,2026-08-04T10:00:00Z,MOH-01,pressure_hpa,1001.4
82,2026-08-04T10:00:00Z,MOH-01,humidity_pct,80
83,2026-08-04T11:00:00Z,MOH-01,temperature_c,29.9
83,2026-08-04T11:00:00Z,MOH-01,pressure_hpa,1000.4
83,2026-08-04T11:00:00Z,MOH-01,humidity_pct,77
84,2026-08-04T12:00:00Z,MOH-01,temperature_c,30.5
84,2026-08-04T12:00:00Z,MOH-01,pressure_hpa,1000.2
84,2026-08-04T12:00:00Z,MOH-01,humidity_pct,69
85,2026-08-04T13:00:00Z,MOH-01,temperature_c,29.2
85,2026-08-04T13:00:00Z,MOH-01,pressure_hpa,1000.8
85,2026-08-04T13:00:00Z,MOH-01,humidity_pct,80
86,2026-08-04T14:00:00Z,MOH-01,temperature_c,27.9
86,2026-08-04T14:00:00Z,MOH-01,pressure_hpa,1001.4
86,2026-08-04T14:00:00Z,MOH-01,humidity_pct,85
87,2026-08-04T15:00:00Z,MOH-01,temperature_c,27.5
87,2026-08-04T15:00:00Z,MOH-01,pressure_hpa,1002.0
87,2026-08-04T15:00:00Z,MOH-01,humidity_pct,88
88,2026-08-04T16:00:00Z,MOH-01,temperature_c,27.1
88,2026-08-04T16:00:00Z,MOH-01,pressure_hpa,1002.5
88,2026-08-04T16:00:00Z,MOH-01,humidity_pct,90
89,2026-08-04T17:00:00Z,MOH-01,temperature_c,26.8
89,2026-08-04T17:00:00Z,MOH-01,pressure_hpa,1002.6
89,2026-08-04T17:00:00Z,MOH-01,humidity_pct,91
90,2026-08-04T18:00:00Z,MOH-01,temperature_c,26.8
90,2026-08-04T18:00:00Z,MOH-01,pressure_hpa,1002.0
90,2026-08-04T18:00:00Z,MOH-01,humidity_pct,93
91,2026-08-04T19:00:00Z,MOH-01,temperature_c,26.3
91,2026-08-04T19:00:00Z,MOH-01,pressure_hpa,1001.5
91,2026-08-04T19:00:00Z,MOH-01,humidity_pct,94
92,2026-08-04T20:00:00Z,MOH-01,temperature_c,26.0
92,2026-08-04T20:00:00Z,MOH-01,pressure_hpa,1001.2
92,2026-08-04T20:00:00Z,MOH-01,humidity_pct,94
93,2026-08-04T21:00:00Z,MOH-01,temperature_c,25.7
93,2026-08-04T21:00:00Z,MOH-01,pressure_hpa,1000.9
93,2026-08-04T21:00:00Z,MOH-01,humidity_pct,94
94,2026-08-04T22:00:00Z,MOH-01,temperature_c,25.5
94,2026-08-04T22:00:00Z,MOH-01,pressure_hpa,1000.9
94,2026-08-04T22:00:00Z,MOH-01,humidity_pct,95
95,2026-08-04T23:00:00Z,MOH-01,temperature_c,25.3
95,2026-08-04T23:00:00Z,MOH-01,pressure_hpa,1001.1
95,2026-08-04T23:00:00Z,MOH-01,humidity_pct,96
96,2026-08-05T00:00:00Z,MOH-01,temperature_c,26.7
96,2026-08-05T00:00:00Z,MOH-01,pressure_hpa,1000.5
96,2026-08-05T00:00:00Z,MOH-01,humidity_pct,92
97,2026-08-05T01:00:00Z,MOH-01,temperature_c,26.3
97,2026-08-05T01:00:00Z,MOH-01,pressure_hpa,1000.8
97,2026-08-05T01:00:00Z,MOH-01,humidity_pct,90
98,2026-08-05T02:00:00Z,MOH-01,temperature_c,26.7
98,2026-08-05T02:00:00Z,MOH-01,pressure_hpa,1001.0
98,2026-08-05T02:00:00Z,MOH-01,humidity_pct,92
99,2026-08-05T03:00:00Z,MOH-01,temperature_c,27.4
99,2026-08-05T03:00:00Z,MOH-01,pressure_hpa,1000.7
99,2026-08-05T03:00:00Z,MOH-01,humidity_pct,89
100,2026-08-05T04:00:00Z,MOH-01,temperature_c,28.5
100,2026-08-05T04:00:00Z,MOH-01,pressure_hpa,1000.8
100,2026-08-05T04:00:00Z,MOH-01,humidity_pct,82
101,2026-08-05T05:00:00Z,MOH-01,temperature_c,29.3
101,2026-08-05T05:00:00Z,MOH-01,pressure_hpa,1000.8
101,2026-08-05T05:00:00Z,MOH-01,humidity_pct,78
102,2026-08-05T06:00:00Z,MOH-01,temperature_c,30.1
102,2026-08-05T06:00:00Z,MOH-01,pressure_hpa,1000.7
102,2026-08-05T06:00:00Z,MOH-01,humidity_pct,72
103,2026-08-05T07:00:00Z,MOH-01,temperature_c,30.6
103,2026-08-05T07:00:00Z,MOH-01,pressure_hpa,999.6
103,2026-08-05T07:00:00Z,MOH-01,humidity_pct,72
104,2026-08-05T08:00:00Z,MOH-01,temperature_c,31.4
104,2026-08-05T08:00:00Z,MOH-01,pressure_hpa,998.9
104,2026-08-05T08:00:00Z,MOH-01,humidity_pct,70
105,2026-08-05T09:00:00Z,MOH-01,temperature_c,32.1
105,2026-08-05T09:00:00Z,MOH-01,pressure_hpa,998.0
105,2026-08-05T09:00:00Z,MOH-01,humidity_pct,67
106,2026-08-05T10:00:00Z,MOH-01,temperature_c,32.1
106,2026-08-05T10:00:00Z,MOH-01,pressure_hpa,997.1
106,2026-08-05T10:00:00Z,MOH-01,humidity_pct,67
107,2026-08-05T11:00:00Z,MOH-01,temperature_c,32.0
107,2026-08-05T11:00:00Z,MOH-01,pressure_hpa,996.6
107,2026-08-05T11:00:00Z,MOH-01,humidity_pct,68
108,2026-08-05T12:00:00Z,MOH-01,temperature_c,31.8
108,2026-08-05T12:00:00Z,MOH-01,pressure_hpa,996.5
108,2026-08-05T12:00:00Z,MOH-01,humidity_pct,69
109,2026-08-05T13:00:00Z,MOH-01,temperature_c,30.5
109,2026-08-05T13:00:00Z,MOH-01,pressure_hpa,997.1
109,2026-08-05T13:00:00Z,MOH-01,humidity_pct,78
110,2026-08-05T14:00:00Z,MOH-01,temperature_c,29.6
110,2026-08-05T14:00:00Z,MOH-01,pressure_hpa,997.9
110,2026-08-05T14:00:00Z,MOH-01,humidity_pct,80
111,2026-08-05T15:00:00Z,MOH-01,temperature_c,29.0
111,2026-08-05T15:00:00Z,MOH-01,pressure_hpa,998.7
111,2026-08-05T15:00:00Z,MOH-01,humidity_pct,83
112,2026-08-05T16:00:00Z,MOH-01,temperature_c,28.7
112,2026-08-05T16:00:00Z,MOH-01,pressure_hpa,999.7
112,2026-08-05T16:00:00Z,MOH-01,humidity_pct,85
113,2026-08-05T17:00:00Z,MOH-01,temperature_c,28.4
113,2026-08-05T17:00:00Z,MOH-01,pressure_hpa,999.8
113,2026-08-05T17:00:00Z,MOH-01,humidity_pct,86
114,2026-08-05T18:00:00Z,MOH-01,temperature_c,28.5
114,2026-08-05T18:00:00Z,MOH-01,pressure_hpa,999.3
114,2026-08-05T18:00:00Z,MOH-01,humidity_pct,90
115,2026-08-05T19:00:00Z,MOH-01,temperature_c,27.8
115,2026-08-05T19:00:00Z,MOH-01,pressure_hpa,999.0
115,2026-08-05T19:00:00Z,MOH-01,humidity_pct,93
116,2026-08-05T20:00:00Z,MOH-01,temperature_c,27.3
116,2026-08-05T20:00:00Z,MOH-01,pressure_hpa,998.9
116,2026-08-05T20:00:00Z,MOH-01,humidity_pct,95
117,2026-08-05T21:00:00Z,MOH-01,temperature_c,26.9
117,2026-08-05T21:00:00Z,MOH-01,pressure_hpa,998.7
117,2026-08-05T21:00:00Z,MOH-01,humidity_pct,96
118,2026-08-05T22:00:00Z,MOH-01,temperature_c,26.1
118,2026-08-05T22:00:00Z,MOH-01,pressure_hpa,998.6
118,2026-08-05T22:00:00Z,MOH-01,humidity_pct,96
119,2026-08-05T23:00:00Z,MOH-01,temperature_c,25.6
119,2026-08-05T23:00:00Z,MOH-01,pressure_hpa,999.0
119,2026-08-05T23:00:00Z,MOH-01,humidity_pct,94
120,2026-08-06T00:00:00Z,MOH-01,temperature_c,26.6
120,2026-08-06T00:00:00Z,MOH-01,pressure_hpa,998.4
120,2026-08-06T00:00:00Z,MOH-01,humidity_pct,90
121,2026-08-06T01:00:00Z,MOH-01,temperature_c,26.3
121,2026-08-06T01:00:00Z,MOH-01,pressure_hpa,999.5
121,2026-08-06T01:00:00Z,MOH-01,humidity_pct,90
122,2026-08-06T02:00:00Z,MOH-01,temperature_c,26.9
122,2026-08-06T02:00:00Z,MOH-01,pressure_hpa,1000.1
122,2026-08-06T02:00:00Z,MOH-01,humidity_pct,86
123,2026-08-06T03:00:00Z,MOH-01,temperature_c,26.4
123,2026-08-06T03:00:00Z,MOH-01,pressure_hpa,1001.2
123,2026-08-06T03:00:00Z,MOH-01,humidity_pct,87
124,2026-08-06T04:00:00Z,MOH-01,temperature_c,26.7
124,2026-08-06T04:00:00Z,MOH-01,pressure_hpa,1001.5
124,2026-08-06T04:00:00Z,MOH-01,humidity_pct,91
125,2026-08-06T05:00:00Z,MOH-01,temperature_c,26.7
125,2026-08-06T05:00:00Z,MOH-01,pressure_hpa,1001.6
125,2026-08-06T05:00:00Z,MOH-01,humidity_pct,90
126,2026-08-06T06:00:00Z,MOH-01,temperature_c,28.5
126,2026-08-06T06:00:00Z,MOH-01,pressure_hpa,1001.7
126,2026-08-06T06:00:00Z,MOH-01,humidity_pct,81
127,2026-08-06T07:00:00Z,MOH-01,temperature_c,27.7
127,2026-08-06T07:00:00Z,MOH-01,pressure_hpa,1001.5
127,2026-08-06T07:00:00Z,MOH-01,humidity_pct,81
128,2026-08-06T08:00:00Z,MOH-01,temperature_c,27.8
128,2026-08-06T08:00:00Z,MOH-01,pressure_hpa,1001.4
128,2026-08-06T08:00:00Z,MOH-01,humidity_pct,82
129,2026-08-06T09:00:00Z,MOH-01,temperature_c,27.9
129,2026-08-06T09:00:00Z,MOH-01,pressure_hpa,1000.7
129,2026-08-06T09:00:00Z,MOH-01,humidity_pct,82
130,2026-08-06T10:00:00Z,MOH-01,temperature_c,27.7
130,2026-08-06T10:00:00Z,MOH-01,pressure_hpa,1000.4
130,2026-08-06T10:00:00Z,MOH-01,humidity_pct,83
131,2026-08-06T11:00:00Z,MOH-01,temperature_c,27.0
131,2026-08-06T11:00:00Z,MOH-01,pressure_hpa,1000.3
131,2026-08-06T11:00:00Z,MOH-01,humidity_pct,87
132,2026-08-06T12:00:00Z,MOH-01,temperature_c,27.2
132,2026-08-06T12:00:00Z,MOH-01,pressure_hpa,1000.1
132,2026-08-06T12:00:00Z,MOH-01,humidity_pct,83
133,2026-08-06T13:00:00Z,MOH-01,temperature_c,25.9
133,2026-08-06T13:00:00Z,MOH-01,pressure_hpa,1000.5
133,2026-08-06T13:00:00Z,MOH-01,humidity_pct,88
134,2026-08-06T14:00:00Z,MOH-01,temperature_c,25.5
134,2026-08-06T14:00:00Z,MOH-01,pressure_hpa,1001.1
134,2026-08-06T14:00:00Z,MOH-01,humidity_pct,92
135,2026-08-06T15:00:00Z,MOH-01,temperature_c,25.8
135,2026-08-06T15:00:00Z,MOH-01,pressure_hpa,1001.7
135,2026-08-06T15:00:00Z,MOH-01,humidity_pct,90
136,2026-08-06T16:00:00Z,MOH-01,temperature_c,25.7
136,2026-08-06T16:00:00Z,MOH-01,pressure_hpa,1002.2
136,2026-08-06T16:00:00Z,MOH-01,humidity_pct,90
137,2026-08-06T17:00:00Z,MOH-01,temperature_c,25.6
137,2026-08-06T17:00:00Z,MOH-01,pressure_hpa,1002.3
137,2026-08-06T17:00:00Z,MOH-01,humidity_pct,91
138,2026-08-06T18:00:00Z,MOH-01,temperature_c,26.4
138,2026-08-06T18:00:00Z,MOH-01,pressure_hpa,1002.1
138,2026-08-06T18:00:00Z,MOH-01,humidity_pct,90
139,2026-08-06T19:00:00Z,MOH-01,temperature_c,26.0
139,2026-08-06T19:00:00Z,MOH-01,pressure_hpa,1001.6
139,2026-08-06T19:00:00Z,MOH-01,humidity_pct,92
140,2026-08-06T20:00:00Z,MOH-01,temperature_c,26.1
140,2026-08-06T20:00:00Z,MOH-01,pressure_hpa,1001.1
140,2026-08-06T20:00:00Z,MOH-01,humidity_pct,93
141,2026-08-06T21:00:00Z,MOH-01,temperature_c,26.1
141,2026-08-06T21:00:00Z,MOH-01,pressure_hpa,1000.7
141,2026-08-06T21:00:00Z,MOH-01,humidity_pct,92
142,2026-08-06T22:00:00Z,MOH-01,temperature_c,26.2
142,2026-08-06T22:00:00Z,MOH-01,pressure_hpa,1000.7
142,2026-08-06T22:00:00Z,MOH-01,humidity_pct,90
143,2026-08-06T23:00:00Z,MOH-01,temperature_c,26.3
143,2026-08-06T23:00:00Z,MOH-01,pressure_hpa,1000.7
143,2026-08-06T23:00:00Z,MOH-01,humidity_pct,91
144,2026-08-07T00:00:00Z,MOH-01,temperature_c,27.1
144,2026-08-07T00:00:00Z,MOH-01,pressure_hpa,1000.6
144,2026-08-07T00:00:00Z,MOH-01,humidity_pct,87
145,2026-08-07T01:00:00Z,MOH-01,temperature_c,27.1
145,2026-08-07T01:00:00Z,MOH-01,pressure_hpa,1000.8
145,2026-08-07T01:00:00Z,MOH-01,humidity_pct,87
146,2026-08-07T02:00:00Z,MOH-01,temperature_c,27.5
146,2026-08-07T02:00:00Z,MOH-01,pressure_hpa,1001.0
146,2026-08-07T02:00:00Z,MOH-01,humidity_pct,85
147,2026-08-07T03:00:00Z,MOH-01,temperature_c,28.3
147,2026-08-07T03:00:00Z,MOH-01,pressure_hpa,1001.1
147,2026-08-07T03:00:00Z,MOH-01,humidity_pct,82
148,2026-08-07T04:00:00Z,MOH-01,temperature_c,29.2
148,2026-08-07T04:00:00Z,MOH-01,pressure_hpa,1001.6
148,2026-08-07T04:00:00Z,MOH-01,humidity_pct,73
149,2026-08-07T05:00:00Z,MOH-01,temperature_c,30.0
149,2026-08-07T05:00:00Z,MOH-01,pressure_hpa,1001.6
149,2026-08-07T05:00:00Z,MOH-01,humidity_pct,70
150,2026-08-07T06:00:00Z,MOH-01,temperature_c,29.6
150,2026-08-07T06:00:00Z,MOH-01,pressure_hpa,1002.4
150,2026-08-07T06:00:00Z,MOH-01,humidity_pct,72
151,2026-08-07T07:00:00Z,MOH-01,temperature_c,29.1
151,2026-08-07T07:00:00Z,MOH-01,pressure_hpa,1001.6
151,2026-08-07T07:00:00Z,MOH-01,humidity_pct,76
152,2026-08-07T08:00:00Z,MOH-01,temperature_c,29.5
152,2026-08-07T08:00:00Z,MOH-01,pressure_hpa,1001.0
152,2026-08-07T08:00:00Z,MOH-01,humidity_pct,73
153,2026-08-07T09:00:00Z,MOH-01,temperature_c,29.2
153,2026-08-07T09:00:00Z,MOH-01,pressure_hpa,1000.3
153,2026-08-07T09:00:00Z,MOH-01,humidity_pct,72
154,2026-08-07T10:00:00Z,MOH-01,temperature_c,28.8
154,2026-08-07T10:00:00Z,MOH-01,pressure_hpa,999.6
154,2026-08-07T10:00:00Z,MOH-01,humidity_pct,76
155,2026-08-07T11:00:00Z,MOH-01,temperature_c,28.6
155,2026-08-07T11:00:00Z,MOH-01,pressure_hpa,999.2
155,2026-08-07T11:00:00Z,MOH-01,humidity_pct,80
156,2026-08-07T12:00:00Z,MOH-01,temperature_c,30.2
156,2026-08-07T12:00:00Z,MOH-01,pressure_hpa,999.4
156,2026-08-07T12:00:00Z,MOH-01,humidity_pct,74
157,2026-08-07T13:00:00Z,MOH-01,temperature_c,29.2
157,2026-08-07T13:00:00Z,MOH-01,pressure_hpa,999.5
157,2026-08-07T13:00:00Z,MOH-01,humidity_pct,83
158,2026-08-07T14:00:00Z,MOH-01,temperature_c,28.5
158,2026-08-07T14:00:00Z,MOH-01,pressure_hpa,999.9
158,2026-08-07T14:00:00Z,MOH-01,humidity_pct,87
159,2026-08-07T15:00:00Z,MOH-01,temperature_c,28.2
159,2026-08-07T15:00:00Z,MOH-01,pressure_hpa,1000.6
159,2026-08-07T15:00:00Z,MOH-01,humidity_pct,89
160,2026-08-07T16:00:00Z,MOH-01,temperature_c,28.0
160,2026-08-07T16:00:00Z,MOH-01,pressure_hpa,1001.2
160,2026-08-07T16:00:00Z,MOH-01,humidity_pct,90
161,2026-08-07T17:00:00Z,MOH-01,temperature_c,27.7
161,2026-08-07T17:00:00Z,MOH-01,pressure_hpa,1001.9
161,2026-08-07T17:00:00Z,MOH-01,humidity_pct,93
162,2026-08-07T18:00:00Z,MOH-01,temperature_c,28.1
162,2026-08-07T18:00:00Z,MOH-01,pressure_hpa,1001.5
162,2026-08-07T18:00:00Z,MOH-01,humidity_pct,93
163,2026-08-07T19:00:00Z,MOH-01,temperature_c,27.6
163,2026-08-07T19:00:00Z,MOH-01,pressure_hpa,1001.7
163,2026-08-07T19:00:00Z,MOH-01,humidity_pct,94
164,2026-08-07T20:00:00Z,MOH-01,temperature_c,27.4
164,2026-08-07T20:00:00Z,MOH-01,pressure_hpa,1001.2
164,2026-08-07T20:00:00Z,MOH-01,humidity_pct,94
165,2026-08-07T21:00:00Z,MOH-01,temperature_c,27.3
165,2026-08-07T21:00:00Z,MOH-01,pressure_hpa,1000.9
165,2026-08-07T21:00:00Z,MOH-01,humidity_pct,92
166,2026-08-07T22:00:00Z,MOH-01,temperature_c,27.1
166,2026-08-07T22:00:00Z,MOH-01,pressure_hpa,1000.8
166,2026-08-07T22:00:00Z,MOH-01,humidity_pct,90
167,2026-08-07T23:00:00Z,MOH-01,temperature_c,26.8
167,2026-08-07T23:00:00Z,MOH-01,pressure_hpa,1000.7
167,2026-08-07T23:00:00Z,MOH-01,humidity_pct,87
168,2026-08-08T00:00:00Z,MOH-01,temperature_c,26.2
168,2026-08-08T00:00:00Z,MOH-01,pressure_hpa,1001.4
168,2026-08-08T00:00:00Z,MOH-01,humidity_pct,95
169,2026-08-08T01:00:00Z,MOH-01,temperature_c,26.0
169,2026-08-08T01:00:00Z,MOH-01,pressure_hpa,1001.9
169,2026-08-08T01:00:00Z,MOH-01,humidity_pct,96
170,2026-08-08T02:00:00Z,MOH-01,temperature_c,26.4
170,2026-08-08T02:00:00Z,MOH-01,pressure_hpa,1001.8
170,2026-08-08T02:00:00Z,MOH-01,humidity_pct,96
171,2026-08-08T03:00:00Z,MOH-01,temperature_c,28.3
171,2026-08-08T03:00:00Z,MOH-01,pressure_hpa,1002.5
171,2026-08-08T03:00:00Z,MOH-01,humidity_pct,88
172,2026-08-08T04:00:00Z,MOH-01,temperature_c,27.2
172,2026-08-08T04:00:00Z,MOH-01,pressure_hpa,1003.5
172,2026-08-08T04:00:00Z,MOH-01,humidity_pct,91
173,2026-08-08T05:00:00Z,MOH-01,temperature_c,28.6
173,2026-08-08T05:00:00Z,MOH-01,pressure_hpa,1003.3
173,2026-08-08T05:00:00Z,MOH-01,humidity_pct,85
174,2026-08-08T06:00:00Z,MOH-01,temperature_c,29.9
174,2026-08-08T06:00:00Z,MOH-01,pressure_hpa,1003.6
174,2026-08-08T06:00:00Z,MOH-01,humidity_pct,74
175,2026-08-08T07:00:00Z,MOH-01,temperature_c,30.6
175,2026-08-08T07:00:00Z,MOH-01,pressure_hpa,1003.3
175,2026-08-08T07:00:00Z,MOH-01,humidity_pct,73
176,2026-08-08T08:00:00Z,MOH-01,temperature_c,31.1
176,2026-08-08T08:00:00Z,MOH-01,pressure_hpa,1002.5
176,2026-08-08T08:00:00Z,MOH-01,humidity_pct,69
177,2026-08-08T09:00:00Z,MOH-01,temperature_c,31.6
177,2026-08-08T09:00:00Z,MOH-01,pressure_hpa,1001.7
177,2026-08-08T09:00:00Z,MOH-01,humidity_pct,67
178,2026-08-08T10:00:00Z,MOH-01,temperature_c,31.2
178,2026-08-08T10:00:00Z,MOH-01,pressure_hpa,1001.3
178,2026-08-08T10:00:00Z,MOH-01,humidity_pct,70
179,2026-08-08T11:00:00Z,MOH-01,temperature_c,30.7
179,2026-08-08T11:00:00Z,MOH-01,pressure_hpa,1000.3
179,2026-08-08T11:00:00Z,MOH-01,humidity_pct,75
180,2026-08-08T12:00:00Z,MOH-01,temperature_c,29.4
180,2026-08-08T12:00:00Z,MOH-01,pressure_hpa,1001.2
180,2026-08-08T12:00:00Z,MOH-01,humidity_pct,82
181,2026-08-08T13:00:00Z,MOH-01,temperature_c,29.4
181,2026-08-08T13:00:00Z,MOH-01,pressure_hpa,1001.0
181,2026-08-08T13:00:00Z,MOH-01,humidity_pct,83
182,2026-08-08T14:00:00Z,MOH-01,temperature_c,28.6
182,2026-08-08T14:00:00Z,MOH-01,pressure_hpa,1001.8
182,2026-08-08T14:00:00Z,MOH-01,humidity_pct,89
183,2026-08-08T15:00:00Z,MOH-01,temperature_c,27.9
183,2026-08-08T15:00:00Z,MOH-01,pressure_hpa,1002.6
183,2026-08-08T15:00:00Z,MOH-01,humidity_pct,93
184,2026-08-08T16:00:00Z,MOH-01,temperature_c,27.6
184,2026-08-08T16:00:00Z,MOH-01,pressure_hpa,1003.4
184,2026-08-08T16:00:00Z,MOH-01,humidity_pct,93
185,2026-08-08T17:00:00Z,MOH-01,temperature_c,27.3
185,2026-08-08T17:00:00Z,MOH-01,pressure_hpa,1003.9
185,2026-08-08T17:00:00Z,MOH-01,humidity_pct,93
186,2026-08-08T18:00:00Z,MOH-01,temperature_c,28.2
186,2026-08-08T18:00:00Z,MOH-01,pressure_hpa,1003.5
186,2026-08-08T18:00:00Z,MOH-01,humidity_pct,96
187,2026-08-08T19:00:00Z,MOH-01,temperature_c,27.8
187,2026-08-08T19:00:00Z,MOH-01,pressure_hpa,1003.7
187,2026-08-08T19:00:00Z,MOH-01,humidity_pct,96
188,2026-08-08T20:00:00Z,MOH-01,temperature_c,27.6
188,2026-08-08T20:00:00Z,MOH-01,pressure_hpa,1003.3
188,2026-08-08T20:00:00Z,MOH-01,humidity_pct,94
189,2026-08-08T21:00:00Z,MOH-01,temperature_c,27.3
189,2026-08-08T21:00:00Z,MOH-01,pressure_hpa,1003.2
189,2026-08-08T21:00:00Z,MOH-01,humidity_pct,92
190,2026-08-08T22:00:00Z,MOH-01,temperature_c,27.0
190,2026-08-08T22:00:00Z,MOH-01,pressure_hpa,1003.0
190,2026-08-08T22:00:00Z,MOH-01,humidity_pct,92
191,2026-08-08T23:00:00Z,MOH-01,temperature_c,27.0
191,2026-08-08T23:00:00Z,MOH-01,pressure_hpa,1003.2
191,2026-08-08T23:00:00Z,MOH-01,humidity_pct,91
192,2026-08-09T00:00:00Z,MOH-01,temperature_c,27.3
192,2026-08-09T00:00:00Z,MOH-01,pressure_hpa,1003.3
192,2026-08-09T00:00:00Z,MOH-01,humidity_pct,90
193,2026-08-09T01:00:00Z,MOH-01,temperature_c,27.3
193,2026-08-09T01:00:00Z,MOH-01,pressure_hpa,1003.5
193,2026-08-09T01:00:00Z,MOH-01,humidity_pct,89
194,2026-08-09T02:00:00Z,MOH-01,temperature_c,28.3
194,2026-08-09T02:00:00Z,MOH-01,pressure_hpa,1003.9
194,2026-08-09T02:00:00Z,MOH-01,humidity_pct,87
195,2026-08-09T03:00:00Z,MOH-01,temperature_c,29.8
195,2026-08-09T03:00:00Z,MOH-01,pressure_hpa,1004.1
195,2026-08-09T03:00:00Z,MOH-01,humidity_pct,78
196,2026-08-09T04:00:00Z,MOH-01,temperature_c,30.6
196,2026-08-09T04:00:00Z,MOH-01,pressure_hpa,1004.3
196,2026-08-09T04:00:00Z,MOH-01,humidity_pct,73
197,2026-08-09T05:00:00Z,MOH-01,temperature_c,31.4
197,2026-08-09T05:00:00Z,MOH-01,pressure_hpa,1004.2
197,2026-08-09T05:00:00Z,MOH-01,humidity_pct,69
198,2026-08-09T06:00:00Z,MOH-01,temperature_c,32.0
198,2026-08-09T06:00:00Z,MOH-01,pressure_hpa,1003.8
198,2026-08-09T06:00:00Z,MOH-01,humidity_pct,63
199,2026-08-09T07:00:00Z,MOH-01,temperature_c,32.3
199,2026-08-09T07:00:00Z,MOH-01,pressure_hpa,1003.2
199,2026-08-09T07:00:00Z,MOH-01,humidity_pct,62
200,2026-08-09T08:00:00Z,MOH-01,temperature_c,33.0
200,2026-08-09T08:00:00Z,MOH-01,pressure_hpa,1002.7
200,2026-08-09T08:00:00Z,MOH-01,humidity_pct,59
201,2026-08-09T09:00:00Z,MOH-01,temperature_c,33.2
201,2026-08-09T09:00:00Z,MOH-01,pressure_hpa,1001.5
201,2026-08-09T09:00:00Z,MOH-01,humidity_pct,60
202,2026-08-09T10:00:00Z,MOH-01,temperature_c,33.3
202,2026-08-09T10:00:00Z,MOH-01,pressure_hpa,1000.9
202,2026-08-09T10:00:00Z,MOH-01,humidity_pct,59
203,2026-08-09T11:00:00Z,MOH-01,temperature_c,33.2
203,2026-08-09T11:00:00Z,MOH-01,pressure_hpa,1000.4
203,2026-08-09T11:00:00Z,MOH-01,humidity_pct,58
204,2026-08-09T12:00:00Z,MOH-01,temperature_c,33.1
204,2026-08-09T12:00:00Z,MOH-01,pressure_hpa,999.8
204,2026-08-09T12:00:00Z,MOH-01,humidity_pct,60
205,2026-08-09T13:00:00Z,MOH-01,temperature_c,31.7
205,2026-08-09T13:00:00Z,MOH-01,pressure_hpa,999.9
205,2026-08-09T13:00:00Z,MOH-01,humidity_pct,74
206,2026-08-09T14:00:00Z,MOH-01,temperature_c,30.5
206,2026-08-09T14:00:00Z,MOH-01,pressure_hpa,1000.8
206,2026-08-09T14:00:00Z,MOH-01,humidity_pct,79
207,2026-08-09T15:00:00Z,MOH-01,temperature_c,29.6
207,2026-08-09T15:00:00Z,MOH-01,pressure_hpa,1001.5
207,2026-08-09T15:00:00Z,MOH-01,humidity_pct,82
208,2026-08-09T16:00:00Z,MOH-01,temperature_c,29.1
208,2026-08-09T16:00:00Z,MOH-01,pressure_hpa,1002.4
208,2026-08-09T16:00:00Z,MOH-01,humidity_pct,82
209,2026-08-09T17:00:00Z,MOH-01,temperature_c,28.8
209,2026-08-09T17:00:00Z,MOH-01,pressure_hpa,1002.5
209,2026-08-09T17:00:00Z,MOH-01,humidity_pct,81
210,2026-08-09T18:00:00Z,MOH-01,temperature_c,29.0
210,2026-08-09T18:00:00Z,MOH-01,pressure_hpa,1002.2
210,2026-08-09T18:00:00Z,MOH-01,humidity_pct,83
211,2026-08-09T19:00:00Z,MOH-01,temperature_c,28.2
211,2026-08-09T19:00:00Z,MOH-01,pressure_hpa,1002.1
211,2026-08-09T19:00:00Z,MOH-01,humidity_pct,84
212,2026-08-09T20:00:00Z,MOH-01,temperature_c,27.8
212,2026-08-09T20:00:00Z,MOH-01,pressure_hpa,1001.8
212,2026-08-09T20:00:00Z,MOH-01,humidity_pct,83
213,2026-08-09T21:00:00Z,MOH-01,temperature_c,27.6
213,2026-08-09T21:00:00Z,MOH-01,pressure_hpa,1001.7
213,2026-08-09T21:00:00Z,MOH-01,humidity_pct,83
214,2026-08-09T22:00:00Z,MOH-01,temperature_c,27.5
214,2026-08-09T22:00:00Z,MOH-01,pressure_hpa,1001.3
214,2026-08-09T22:00:00Z,MOH-01,humidity_pct,83
215,2026-08-09T23:00:00Z,MOH-01,temperature_c,26.2
215,2026-08-09T23:00:00Z,MOH-01,pressure_hpa,1002.1
215,2026-08-09T23:00:00Z,MOH-01,humidity_pct,89
216,2026-08-10T00:00:00Z,MOH-01,temperature_c,25.9
216,2026-08-10T00:00:00Z,MOH-01,pressure_hpa,1001.5
216,2026-08-10T00:00:00Z,MOH-01,humidity_pct,98
217,2026-08-10T01:00:00Z,MOH-01,temperature_c,25.9
217,2026-08-10T01:00:00Z,MOH-01,pressure_hpa,1002.1
217,2026-08-10T01:00:00Z,MOH-01,humidity_pct,97
218,2026-08-10T02:00:00Z,MOH-01,temperature_c,26.3
218,2026-08-10T02:00:00Z,MOH-01,pressure_hpa,1002.4
218,2026-08-10T02:00:00Z,MOH-01,humidity_pct,95
219,2026-08-10T03:00:00Z,MOH-01,temperature_c,27.4
219,2026-08-10T03:00:00Z,MOH-01,pressure_hpa,1002.5
219,2026-08-10T03:00:00Z,MOH-01,humidity_pct,88
220,2026-08-10T04:00:00Z,MOH-01,temperature_c,28.2
220,2026-08-10T04:00:00Z,MOH-01,pressure_hpa,1002.8
220,2026-08-10T04:00:00Z,MOH-01,humidity_pct,83
221,2026-08-10T05:00:00Z,MOH-01,temperature_c,28.9
221,2026-08-10T05:00:00Z,MOH-01,pressure_hpa,1002.8
221,2026-08-10T05:00:00Z,MOH-01,humidity_pct,81
222,2026-08-10T06:00:00Z,MOH-01,temperature_c,28.8
222,2026-08-10T06:00:00Z,MOH-01,pressure_hpa,1002.8
222,2026-08-10T06:00:00Z,MOH-01,humidity_pct,81
223,2026-08-10T07:00:00Z,MOH-01,temperature_c,29.1
223,2026-08-10T07:00:00Z,MOH-01,pressure_hpa,1002.7
223,2026-08-10T07:00:00Z,MOH-01,humidity_pct,80
224,2026-08-10T08:00:00Z,MOH-01,temperature_c,28.8
224,2026-08-10T08:00:00Z,MOH-01,pressure_hpa,1002.2
224,2026-08-10T08:00:00Z,MOH-01,humidity_pct,81
225,2026-08-10T09:00:00Z,MOH-01,temperature_c,29.2
225,2026-08-10T09:00:00Z,MOH-01,pressure_hpa,1001.3
225,2026-08-10T09:00:00Z,MOH-01,humidity_pct,78
226,2026-08-10T10:00:00Z,MOH-01,temperature_c,28.9
226,2026-08-10T10:00:00Z,MOH-01,pressure_hpa,1000.9
226,2026-08-10T10:00:00Z,MOH-01,humidity_pct,79
227,2026-08-10T11:00:00Z,MOH-01,temperature_c,28.7
227,2026-08-10T11:00:00Z,MOH-01,pressure_hpa,1000.6
227,2026-08-10T11:00:00Z,MOH-01,humidity_pct,81
228,2026-08-10T12:00:00Z,MOH-01,temperature_c,29.1
228,2026-08-10T12:00:00Z,MOH-01,pressure_hpa,1000.4
228,2026-08-10T12:00:00Z,MOH-01,humidity_pct,78
229,2026-08-10T13:00:00Z,MOH-01,temperature_c,28.4
229,2026-08-10T13:00:00Z,MOH-01,pressure_hpa,1000.5
229,2026-08-10T13:00:00Z,MOH-01,humidity_pct,83
230,2026-08-10T14:00:00Z,MOH-01,temperature_c,27.8
230,2026-08-10T14:00:00Z,MOH-01,pressure_hpa,1001.0
230,2026-08-10T14:00:00Z,MOH-01,humidity_pct,85
231,2026-08-10T15:00:00Z,MOH-01,temperature_c,27.4
231,2026-08-10T15:00:00Z,MOH-01,pressure_hpa,1001.7
231,2026-08-10T15:00:00Z,MOH-01,humidity_pct,87
232,2026-08-10T16:00:00Z,MOH-01,temperature_c,27.2
232,2026-08-10T16:00:00Z,MOH-01,pressure_hpa,1002.4
232,2026-08-10T16:00:00Z,MOH-01,humidity_pct,88
233,2026-08-10T17:00:00Z,MOH-01,temperature_c,27.0
233,2026-08-10T17:00:00Z,MOH-01,pressure_hpa,1002.5
233,2026-08-10T17:00:00Z,MOH-01,humidity_pct,88
234,2026-08-10T18:00:00Z,MOH-01,temperature_c,27.2
234,2026-08-10T18:00:00Z,MOH-01,pressure_hpa,1001.8
234,2026-08-10T18:00:00Z,MOH-01,humidity_pct,87
235,2026-08-10T19:00:00Z,MOH-01,temperature_c,26.8
235,2026-08-10T19:00:00Z,MOH-01,pressure_hpa,1001.4
235,2026-08-10T19:00:00Z,MOH-01,humidity_pct,89
236,2026-08-10T20:00:00Z,MOH-01,temperature_c,26.6
236,2026-08-10T20:00:00Z,MOH-01,pressure_hpa,1001.3
236,2026-08-10T20:00:00Z,MOH-01,humidity_pct,89
237,2026-08-10T21:00:00Z,MOH-01,temperature_c,26.6
237,2026-08-10T21:00:00Z,MOH-01,pressure_hpa,1001.3
237,2026-08-10T21:00:00Z,MOH-01,humidity_pct,89
238,2026-08-10T22:00:00Z,MOH-01,temperature_c,26.3
238,2026-08-10T22:00:00Z,MOH-01,pressure_hpa,1001.3
238,2026-08-10T22:00:00Z,MOH-01,humidity_pct,90
239,2026-08-10T23:00:00Z,MOH-01,temperature_c,26.2
239,2026-08-10T23:00:00Z,MOH-01,pressure_hpa,1001.1
239,2026-08-10T23:00:00Z,MOH-01,humidity_pct,89
240,2026-08-11T00:00:00Z,MOH-01,temperature_c,26.8
240,2026-08-11T00:00:00Z,MOH-01,pressure_hpa,1002.1
240,2026-08-11T00:00:00Z,MOH-01,humidity_pct,89
241,2026-08-11T01:00:00Z,MOH-01,temperature_c,26.8
241,2026-08-11T01:00:00Z,MOH-01,pressure_hpa,1002.2
241,2026-08-11T01:00:00Z,MOH-01,humidity_pct,89
242,2026-08-11T02:00:00Z,MOH-01,temperature_c,27.5
242,2026-08-11T02:00:00Z,MOH-01,pressure_hpa,1002.3
242,2026-08-11T02:00:00Z,MOH-01,humidity_pct,87
243,2026-08-11T03:00:00Z,MOH-01,temperature_c,28.6
243,2026-08-11T03:00:00Z,MOH-01,pressure_hpa,1003.2
243,2026-08-11T03:00:00Z,MOH-01,humidity_pct,79
244,2026-08-11T04:00:00Z,MOH-01,temperature_c,29.1
244,2026-08-11T04:00:00Z,MOH-01,pressure_hpa,1003.4
244,2026-08-11T04:00:00Z,MOH-01,humidity_pct,78
245,2026-08-11T05:00:00Z,MOH-01,temperature_c,30.0
245,2026-08-11T05:00:00Z,MOH-01,pressure_hpa,1003.3
245,2026-08-11T05:00:00Z,MOH-01,humidity_pct,73
246,2026-08-11T06:00:00Z,MOH-01,temperature_c,29.3
246,2026-08-11T06:00:00Z,MOH-01,pressure_hpa,1003.8
246,2026-08-11T06:00:00Z,MOH-01,humidity_pct,74
247,2026-08-11T07:00:00Z,MOH-01,temperature_c,28.2
247,2026-08-11T07:00:00Z,MOH-01,pressure_hpa,1003.6
247,2026-08-11T07:00:00Z,MOH-01,humidity_pct,81
248,2026-08-11T08:00:00Z,MOH-01,temperature_c,27.6
248,2026-08-11T08:00:00Z,MOH-01,pressure_hpa,1002.9
248,2026-08-11T08:00:00Z,MOH-01,humidity_pct,85
249,2026-08-11T09:00:00Z,MOH-01,temperature_c,26.9
249,2026-08-11T09:00:00Z,MOH-01,pressure_hpa,1002.4
249,2026-08-11T09:00:00Z,MOH-01,humidity_pct,90
250,2026-08-11T10:00:00Z,MOH-01,temperature_c,26.4
250,2026-08-11T10:00:00Z,MOH-01,pressure_hpa,1001.8
250,2026-08-11T10:00:00Z,MOH-01,humidity_pct,94
251,2026-08-11T11:00:00Z,MOH-01,temperature_c,26.5
251,2026-08-11T11:00:00Z,MOH-01,pressure_hpa,1000.9
251,2026-08-11T11:00:00Z,MOH-01,humidity_pct,93
252,2026-08-11T12:00:00Z,MOH-01,temperature_c,28.0
252,2026-08-11T12:00:00Z,MOH-01,pressure_hpa,1000.9
252,2026-08-11T12:00:00Z,MOH-01,humidity_pct,83
253,2026-08-11T13:00:00Z,MOH-01,temperature_c,27.5
253,2026-08-11T13:00:00Z,MOH-01,pressure_hpa,1000.8
253,2026-08-11T13:00:00Z,MOH-01,humidity_pct,87
254,2026-08-11T14:00:00Z,MOH-01,temperature_c,26.9
254,2026-08-11T14:00:00Z,MOH-01,pressure_hpa,1000.7
254,2026-08-11T14:00:00Z,MOH-01,humidity_pct,91
255,2026-08-11T15:00:00Z,MOH-01,temperature_c,26.6
255,2026-08-11T15:00:00Z,MOH-01,pressure_hpa,1001.9
255,2026-08-11T15:00:00Z,MOH-01,humidity_pct,92
256,2026-08-11T16:00:00Z,MOH-01,temperature_c,26.2
256,2026-08-11T16:00:00Z,MOH-01,pressure_hpa,1002.3
256,2026-08-11T16:00:00Z,MOH-01,humidity_pct,96
257,2026-08-11T17:00:00Z,MOH-01,temperature_c,26.2
257,2026-08-11T17:00:00Z,MOH-01,pressure_hpa,1002.8
257,2026-08-11T17:00:00Z,MOH-01,humidity_pct,96
258,2026-08-11T18:00:00Z,MOH-01,temperature_c,26.6
258,2026-08-11T18:00:00Z,MOH-01,pressure_hpa,1002.6
258,2026-08-11T18:00:00Z,MOH-01,humidity_pct,96
259,2026-08-11T19:00:00Z,MOH-01,temperature_c,26.0
259,2026-08-11T19:00:00Z,MOH-01,pressure_hpa,1003.0
259,2026-08-11T19:00:00Z,MOH-01,humidity_pct,98
260,2026-08-11T20:00:00Z,MOH-01,temperature_c,25.8
260,2026-08-11T20:00:00Z,MOH-01,pressure_hpa,1003.1
260,2026-08-11T20:00:00Z,MOH-01,humidity_pct,99
261,2026-08-11T21:00:00Z,MOH-01,temperature_c,25.7
261,2026-08-11T21:00:00Z,MOH-01,pressure_hpa,1002.9
261,2026-08-11T21:00:00Z,MOH-01,humidity_pct,99
262,2026-08-11T22:00:00Z,MOH-01,temperature_c,25.6
262,2026-08-11T22:00:00Z,MOH-01,pressure_hpa,1002.7
262,2026-08-11T22:00:00Z,MOH-01,humidity_pct,99
263,2026-08-11T23:00:00Z,MOH-01,temperature_c,25.5
263,2026-08-11T23:00:00Z,MOH-01,pressure_hpa,1002.8
263,2026-08-11T23:00:00Z,MOH-01,humidity_pct,99
264,2026-08-12T00:00:00Z,MOH-01,temperature_c,26.1
264,2026-08-12T00:00:00Z,MOH-01,pressure_hpa,1002.9
264,2026-08-12T00:00:00Z,MOH-01,humidity_pct,99
265,2026-08-12T01:00:00Z,MOH-01,temperature_c,26.1
265,2026-08-12T01:00:00Z,MOH-01,pressure_hpa,1003.1
265,2026-08-12T01:00:00Z,MOH-01,humidity_pct,100
266,2026-08-12T02:00:00Z,MOH-01,temperature_c,27.6
266,2026-08-12T02:00:00Z,MOH-01,pressure_hpa,1003.4
266,2026-08-12T02:00:00Z,MOH-01,humidity_pct,93
267,2026-08-12T03:00:00Z,MOH-01,temperature_c,29.0
267,2026-08-12T03:00:00Z,MOH-01,pressure_hpa,1003.6
267,2026-08-12T03:00:00Z,MOH-01,humidity_pct,83
268,2026-08-12T04:00:00Z,MOH-01,temperature_c,30.0
268,2026-08-12T04:00:00Z,MOH-01,pressure_hpa,1003.4
268,2026-08-12T04:00:00Z,MOH-01,humidity_pct,79
269,2026-08-12T05:00:00Z,MOH-01,temperature_c,31.1
269,2026-08-12T05:00:00Z,MOH-01,pressure_hpa,1003.0
269,2026-08-12T05:00:00Z,MOH-01,humidity_pct,75
270,2026-08-12T06:00:00Z,MOH-01,temperature_c,32.6
270,2026-08-12T06:00:00Z,MOH-01,pressure_hpa,1002.4
270,2026-08-12T06:00:00Z,MOH-01,humidity_pct,70
271,2026-08-12T07:00:00Z,MOH-01,temperature_c,33.2
271,2026-08-12T07:00:00Z,MOH-01,pressure_hpa,1001.7
271,2026-08-12T07:00:00Z,MOH-01,humidity_pct,67
272,2026-08-12T08:00:00Z,MOH-01,temperature_c,33.6
272,2026-08-12T08:00:00Z,MOH-01,pressure_hpa,1001.0
272,2026-08-12T08:00:00Z,MOH-01,humidity_pct,65
273,2026-08-12T09:00:00Z,MOH-01,temperature_c,33.7
273,2026-08-12T09:00:00Z,MOH-01,pressure_hpa,1000.6
273,2026-08-12T09:00:00Z,MOH-01,humidity_pct,65
274,2026-08-12T10:00:00Z,MOH-01,temperature_c,33.8
274,2026-08-12T10:00:00Z,MOH-01,pressure_hpa,1000.1
274,2026-08-12T10:00:00Z,MOH-01,humidity_pct,65
275,2026-08-12T11:00:00Z,MOH-01,temperature_c,33.6
275,2026-08-12T11:00:00Z,MOH-01,pressure_hpa,999.5
275,2026-08-12T11:00:00Z,MOH-01,humidity_pct,66
276,2026-08-12T12:00:00Z,MOH-01,temperature_c,33.2
276,2026-08-12T12:00:00Z,MOH-01,pressure_hpa,999.6
276,2026-08-12T12:00:00Z,MOH-01,humidity_pct,68
277,2026-08-12T13:00:00Z,MOH-01,temperature_c,32.0
277,2026-08-12T13:00:00Z,MOH-01,pressure_hpa,1000.2
277,2026-08-12T13:00:00Z,MOH-01,humidity_pct,77
278,2026-08-12T14:00:00Z,MOH-01,temperature_c,31.0
278,2026-08-12T14:00:00Z,MOH-01,pressure_hpa,1001.3
278,2026-08-12T14:00:00Z,MOH-01,humidity_pct,81
279,2026-08-12T15:00:00Z,MOH-01,temperature_c,30.1
279,2026-08-12T15:00:00Z,MOH-01,pressure_hpa,1002.3
279,2026-08-12T15:00:00Z,MOH-01,humidity_pct,85
280,2026-08-12T16:00:00Z,MOH-01,temperature_c,29.6
280,2026-08-12T16:00:00Z,MOH-01,pressure_hpa,1003.4
280,2026-08-12T16:00:00Z,MOH-01,humidity_pct,86
281,2026-08-12T17:00:00Z,MOH-01,temperature_c,29.1
281,2026-08-12T17:00:00Z,MOH-01,pressure_hpa,1003.8
281,2026-08-12T17:00:00Z,MOH-01,humidity_pct,89
282,2026-08-12T18:00:00Z,MOH-01,temperature_c,29.1
282,2026-08-12T18:00:00Z,MOH-01,pressure_hpa,1003.6
282,2026-08-12T18:00:00Z,MOH-01,humidity_pct,87
283,2026-08-12T19:00:00Z,MOH-01,temperature_c,28.5
283,2026-08-12T19:00:00Z,MOH-01,pressure_hpa,1004.0
283,2026-08-12T19:00:00Z,MOH-01,humidity_pct,90
284,2026-08-12T20:00:00Z,MOH-01,temperature_c,28.1
284,2026-08-12T20:00:00Z,MOH-01,pressure_hpa,1003.6
284,2026-08-12T20:00:00Z,MOH-01,humidity_pct,92
285,2026-08-12T21:00:00Z,MOH-01,temperature_c,28.0
285,2026-08-12T21:00:00Z,MOH-01,pressure_hpa,1003.2
285,2026-08-12T21:00:00Z,MOH-01,humidity_pct,92
286,2026-08-12T22:00:00Z,MOH-01,temperature_c,28.0
286,2026-08-12T22:00:00Z,MOH-01,pressure_hpa,1003.1
286,2026-08-12T22:00:00Z,MOH-01,humidity_pct,91
287,2026-08-12T23:00:00Z,MOH-01,temperature_c,27.8
287,2026-08-12T23:00:00Z,MOH-01,pressure_hpa,1002.9
287,2026-08-12T23:00:00Z,MOH-01,humidity_pct,92
288,2026-08-13T00:00:00Z,MOH-01,temperature_c,28.3
288,2026-08-13T00:00:00Z,MOH-01,pressure_hpa,1002.6
288,2026-08-13T00:00:00Z,MOH-01,humidity_pct,93
289,2026-08-13T01:00:00Z,MOH-01,temperature_c,28.6
289,2026-08-13T01:00:00Z,MOH-01,pressure_hpa,1002.9
289,2026-08-13T01:00:00Z,MOH-01,humidity_pct,92
290,2026-08-13T02:00:00Z,MOH-01,temperature_c,29.8
290,2026-08-13T02:00:00Z,MOH-01,pressure_hpa,1002.7
290,2026-08-13T02:00:00Z,MOH-01,humidity_pct,85
291,2026-08-13T03:00:00Z,MOH-01,temperature_c,30.7
291,2026-08-13T03:00:00Z,MOH-01,pressure_hpa,1002.6
291,2026-08-13T03:00:00Z,MOH-01,humidity_pct,79
292,2026-08-13T04:00:00Z,MOH-01,temperature_c,31.6
292,2026-08-13T04:00:00Z,MOH-01,pressure_hpa,1002.3
292,2026-08-13T04:00:00Z,MOH-01,humidity_pct,74
293,2026-08-13T05:00:00Z,MOH-01,temperature_c,32.5
293,2026-08-13T05:00:00Z,MOH-01,pressure_hpa,1002.3
293,2026-08-13T05:00:00Z,MOH-01,humidity_pct,70
294,2026-08-13T06:00:00Z,MOH-01,temperature_c,33.0
294,2026-08-13T06:00:00Z,MOH-01,pressure_hpa,1002.7
294,2026-08-13T06:00:00Z,MOH-01,humidity_pct,68
295,2026-08-13T07:00:00Z,MOH-01,temperature_c,33.8
295,2026-08-13T07:00:00Z,MOH-01,pressure_hpa,1002.2
295,2026-08-13T07:00:00Z,MOH-01,humidity_pct,61
296,2026-08-13T08:00:00Z,MOH-01,temperature_c,34.2
296,2026-08-13T08:00:00Z,MOH-01,pressure_hpa,1001.3
296,2026-08-13T08:00:00Z,MOH-01,humidity_pct,58
297,2026-08-13T09:00:00Z,MOH-01,temperature_c,34.4
297,2026-08-13T09:00:00Z,MOH-01,pressure_hpa,1000.6
297,2026-08-13T09:00:00Z,MOH-01,humidity_pct,57
298,2026-08-13T10:00:00Z,MOH-01,temperature_c,34.4
298,2026-08-13T10:00:00Z,MOH-01,pressure_hpa,999.9
298,2026-08-13T10:00:00Z,MOH-01,humidity_pct,57
299,2026-08-13T11:00:00Z,MOH-01,temperature_c,34.2
299,2026-08-13T11:00:00Z,MOH-01,pressure_hpa,999.4
299,2026-08-13T11:00:00Z,MOH-01,humidity_pct,58
300,2026-08-13T12:00:00Z,MOH-01,temperature_c,31.0
300,2026-08-13T12:00:00Z,MOH-01,pressure_hpa,999.7
300,2026-08-13T12:00:00Z,MOH-01,humidity_pct,80
301,2026-08-13T13:00:00Z,MOH-01,temperature_c,30.5
301,2026-08-13T13:00:00Z,MOH-01,pressure_hpa,1000.0
301,2026-08-13T13:00:00Z,MOH-01,humidity_pct,85
302,2026-08-13T14:00:00Z,MOH-01,temperature_c,30.1
302,2026-08-13T14:00:00Z,MOH-01,pressure_hpa,1000.5
302,2026-08-13T14:00:00Z,MOH-01,humidity_pct,87
303,2026-08-13T15:00:00Z,MOH-01,temperature_c,29.8
303,2026-08-13T15:00:00Z,MOH-01,pressure_hpa,1001.2
303,2026-08-13T15:00:00Z,MOH-01,humidity_pct,88
304,2026-08-13T16:00:00Z,MOH-01,temperature_c,29.9
304,2026-08-13T16:00:00Z,MOH-01,pressure_hpa,1001.6
304,2026-08-13T16:00:00Z,MOH-01,humidity_pct,88
305,2026-08-13T17:00:00Z,MOH-01,temperature_c,29.8
305,2026-08-13T17:00:00Z,MOH-01,pressure_hpa,1001.8
305,2026-08-13T17:00:00Z,MOH-01,humidity_pct,88
306,2026-08-13T18:00:00Z,MOH-01,temperature_c,29.7
306,2026-08-13T18:00:00Z,MOH-01,pressure_hpa,1001.1
306,2026-08-13T18:00:00Z,MOH-01,humidity_pct,90
307,2026-08-13T19:00:00Z,MOH-01,temperature_c,29.0
307,2026-08-13T19:00:00Z,MOH-01,pressure_hpa,1001.1
307,2026-08-13T19:00:00Z,MOH-01,humidity_pct,92
308,2026-08-13T20:00:00Z,MOH-01,temperature_c,28.6
308,2026-08-13T20:00:00Z,MOH-01,pressure_hpa,1001.1
308,2026-08-13T20:00:00Z,MOH-01,humidity_pct,92
309,2026-08-13T21:00:00Z,MOH-01,temperature_c,28.4
309,2026-08-13T21:00:00Z,MOH-01,pressure_hpa,1001.2
309,2026-08-13T21:00:00Z,MOH-01,humidity_pct,89
310,2026-08-13T22:00:00Z,MOH-01,temperature_c,28.2
310,2026-08-13T22:00:00Z,MOH-01,pressure_hpa,1001.0
310,2026-08-13T22:00:00Z,MOH-01,humidity_pct,88
311,2026-08-13T23:00:00Z,MOH-01,temperature_c,28.0
311,2026-08-13T23:00:00Z,MOH-01,pressure_hpa,1000.8
311,2026-08-13T23:00:00Z,MOH-01,humidity_pct,88
312,2026-08-14T00:00:00Z,MOH-01,temperature_c,27.8
312,2026-08-14T00:00:00Z,MOH-01,pressure_hpa,1001.1
312,2026-08-14T00:00:00Z,MOH-01,humidity_pct,94
313,2026-08-14T01:00:00Z,MOH-01,temperature_c,27.8
313,2026-08-14T01:00:00Z,MOH-01,pressure_hpa,1001.4
313,2026-08-14T01:00:00Z,MOH-01,humidity_pct,94
314,2026-08-14T02:00:00Z,MOH-01,temperature_c,28.7
314,2026-08-14T02:00:00Z,MOH-01,pressure_hpa,1001.3
314,2026-08-14T02:00:00Z,MOH-01,humidity_pct,89
315,2026-08-14T03:00:00Z,MOH-01,temperature_c,30.2
315,2026-08-14T03:00:00Z,MOH-01,pressure_hpa,1001.7
315,2026-08-14T03:00:00Z,MOH-01,humidity_pct,82
316,2026-08-14T04:00:00Z,MOH-01,temperature_c,31.6
316,2026-08-14T04:00:00Z,MOH-01,pressure_hpa,1002.2
316,2026-08-14T04:00:00Z,MOH-01,humidity_pct,75
317,2026-08-14T05:00:00Z,MOH-01,temperature_c,32.2
317,2026-08-14T05:00:00Z,MOH-01,pressure_hpa,1002.7
317,2026-08-14T05:00:00Z,MOH-01,humidity_pct,73
318,2026-08-14T06:00:00Z,MOH-01,temperature_c,30.9
318,2026-08-14T06:00:00Z,MOH-01,pressure_hpa,1003.2
318,2026-08-14T06:00:00Z,MOH-01,humidity_pct,76
319,2026-08-14T07:00:00Z,MOH-01,temperature_c,29.5
319,2026-08-14T07:00:00Z,MOH-01,pressure_hpa,1003.8
319,2026-08-14T07:00:00Z,MOH-01,humidity_pct,84
320,2026-08-14T08:00:00Z,MOH-01,temperature_c,30.2
320,2026-08-14T08:00:00Z,MOH-01,pressure_hpa,1003.2
320,2026-08-14T08:00:00Z,MOH-01,humidity_pct,85
321,2026-08-14T09:00:00Z,MOH-01,temperature_c,30.9
321,2026-08-14T09:00:00Z,MOH-01,pressure_hpa,1002.6
321,2026-08-14T09:00:00Z,MOH-01,humidity_pct,81
322,2026-08-14T10:00:00Z,MOH-01,temperature_c,29.4
322,2026-08-14T10:00:00Z,MOH-01,pressure_hpa,1002.6
322,2026-08-14T10:00:00Z,MOH-01,humidity_pct,85
323,2026-08-14T11:00:00Z,MOH-01,temperature_c,26.9
323,2026-08-14T11:00:00Z,MOH-01,pressure_hpa,1002.4
323,2026-08-14T11:00:00Z,MOH-01,humidity_pct,95
324,2026-08-14T12:00:00Z,MOH-01,temperature_c,29.2
324,2026-08-14T12:00:00Z,MOH-01,pressure_hpa,1002.1
324,2026-08-14T12:00:00Z,MOH-01,humidity_pct,84
325,2026-08-14T13:00:00Z,MOH-01,temperature_c,28.6
325,2026-08-14T13:00:00Z,MOH-01,pressure_hpa,1001.9
325,2026-08-14T13:00:00Z,MOH-01,humidity_pct,87
326,2026-08-14T14:00:00Z,MOH-01,temperature_c,28.0
326,2026-08-14T14:00:00Z,MOH-01,pressure_hpa,1001.7
326,2026-08-14T14:00:00Z,MOH-01,humidity_pct,91
327,2026-08-14T15:00:00Z,MOH-01,temperature_c,27.5
327,2026-08-14T15:00:00Z,MOH-01,pressure_hpa,1002.4
327,2026-08-14T15:00:00Z,MOH-01,humidity_pct,92
328,2026-08-14T16:00:00Z,MOH-01,temperature_c,27.1
328,2026-08-14T16:00:00Z,MOH-01,pressure_hpa,1003.4
328,2026-08-14T16:00:00Z,MOH-01,humidity_pct,94
329,2026-08-14T17:00:00Z,MOH-01,temperature_c,26.7
329,2026-08-14T17:00:00Z,MOH-01,pressure_hpa,1003.8
329,2026-08-14T17:00:00Z,MOH-01,humidity_pct,95
330,2026-08-14T18:00:00Z,MOH-01,temperature_c,26.6
330,2026-08-14T18:00:00Z,MOH-01,pressure_hpa,1003.7
330,2026-08-14T18:00:00Z,MOH-01,humidity_pct,97
331,2026-08-14T19:00:00Z,MOH-01,temperature_c,26.5
331,2026-08-14T19:00:00Z,MOH-01,pressure_hpa,1003.6
331,2026-08-14T19:00:00Z,MOH-01,humidity_pct,95
332,2026-08-14T20:00:00Z,MOH-01,temperature_c,25.8
332,2026-08-14T20:00:00Z,MOH-01,pressure_hpa,1003.3
332,2026-08-14T20:00:00Z,MOH-01,humidity_pct,97
333,2026-08-14T21:00:00Z,MOH-01,temperature_c,25.5
333,2026-08-14T21:00:00Z,MOH-01,pressure_hpa,1003.1
333,2026-08-14T21:00:00Z,MOH-01,humidity_pct,99
334,2026-08-14T22:00:00Z,MOH-01,temperature_c,25.4
334,2026-08-14T22:00:00Z,MOH-01,pressure_hpa,1002.9
334,2026-08-14T22:00:00Z,MOH-01,humidity_pct,99
335,2026-08-14T23:00:00Z,MOH-01,temperature_c,25.5
335,2026-08-14T23:00:00Z,MOH-01,pressure_hpa,1002.9
335,2026-08-14T23:00:00Z,MOH-01,humidity_pct,99
336,2026-08-15T00:00:00Z,MOH-01,temperature_c,26.5
336,2026-08-15T00:00:00Z,MOH-01,pressure_hpa,1003.0
336,2026-08-15T00:00:00Z,MOH-01,humidity_pct,92
337,2026-08-15T01:00:00Z,MOH-01,temperature_c,25.0
337,2026-08-15T01:00:00Z,MOH-01,pressure_hpa,1003.7
337,2026-08-15T01:00:00Z,MOH-01,humidity_pct,96
338,2026-08-15T02:00:00Z,MOH-01,temperature_c,24.7
338,2026-08-15T02:00:00Z,MOH-01,pressure_hpa,1004.2
338,2026-08-15T02:00:00Z,MOH-01,humidity_pct,98
339,2026-08-15T03:00:00Z,MOH-01,temperature_c,25.9
339,2026-08-15T03:00:00Z,MOH-01,pressure_hpa,1004.7
339,2026-08-15T03:00:00Z,MOH-01,humidity_pct,93
340,2026-08-15T04:00:00Z,MOH-01,temperature_c,27.1
340,2026-08-15T04:00:00Z,MOH-01,pressure_hpa,1004.7
340,2026-08-15T04:00:00Z,MOH-01,humidity_pct,86
341,2026-08-15T05:00:00Z,MOH-01,temperature_c,28.8
341,2026-08-15T05:00:00Z,MOH-01,pressure_hpa,1004.6
341,2026-08-15T05:00:00Z,MOH-01,humidity_pct,80
342,2026-08-15T06:00:00Z,MOH-01,temperature_c,29.5
342,2026-08-15T06:00:00Z,MOH-01,pressure_hpa,1004.6
342,2026-08-15T06:00:00Z,MOH-01,humidity_pct,77
343,2026-08-15T07:00:00Z,MOH-01,temperature_c,30.4
343,2026-08-15T07:00:00Z,MOH-01,pressure_hpa,1003.6
343,2026-08-15T07:00:00Z,MOH-01,humidity_pct,73
344,2026-08-15T08:00:00Z,MOH-01,temperature_c,31.4
344,2026-08-15T08:00:00Z,MOH-01,pressure_hpa,1002.5
344,2026-08-15T08:00:00Z,MOH-01,humidity_pct,69
345,2026-08-15T09:00:00Z,MOH-01,temperature_c,32.1
345,2026-08-15T09:00:00Z,MOH-01,pressure_hpa,1001.4
345,2026-08-15T09:00:00Z,MOH-01,humidity_pct,67
346,2026-08-15T10:00:00Z,MOH-01,temperature_c,32.0
346,2026-08-15T10:00:00Z,MOH-01,pressure_hpa,1000.2
346,2026-08-15T10:00:00Z,MOH-01,humidity_pct,67
347,2026-08-15T11:00:00Z,MOH-01,temperature_c,31.8
347,2026-08-15T11:00:00Z,MOH-01,pressure_hpa,999.4
347,2026-08-15T11:00:00Z,MOH-01,humidity_pct,69
348,2026-08-15T12:00:00Z,MOH-01,temperature_c,31.3
348,2026-08-15T12:00:00Z,MOH-01,pressure_hpa,999.1
348,2026-08-15T12:00:00Z,MOH-01,humidity_pct,72
349,2026-08-15T13:00:00Z,MOH-01,temperature_c,30.3
349,2026-08-15T13:00:00Z,MOH-01,pressure_hpa,999.4
349,2026-08-15T13:00:00Z,MOH-01,humidity_pct,78
350,2026-08-15T14:00:00Z,MOH-01,temperature_c,29.3
350,2026-08-15T14:00:00Z,MOH-01,pressure_hpa,1000.1
350,2026-08-15T14:00:00Z,MOH-01,humidity_pct,82
351,2026-08-15T15:00:00Z,MOH-01,temperature_c,29.0
351,2026-08-15T15:00:00Z,MOH-01,pressure_hpa,1001.0
351,2026-08-15T15:00:00Z,MOH-01,humidity_pct,83
352,2026-08-15T16:00:00Z,MOH-01,temperature_c,28.7
352,2026-08-15T16:00:00Z,MOH-01,pressure_hpa,1001.7
352,2026-08-15T16:00:00Z,MOH-01,humidity_pct,85
353,2026-08-15T17:00:00Z,MOH-01,temperature_c,28.2
353,2026-08-15T17:00:00Z,MOH-01,pressure_hpa,1001.9
353,2026-08-15T17:00:00Z,MOH-01,humidity_pct,88
354,2026-08-15T18:00:00Z,MOH-01,temperature_c,27.9
354,2026-08-15T18:00:00Z,MOH-01,pressure_hpa,1001.6
354,2026-08-15T18:00:00Z,MOH-01,humidity_pct,92
355,2026-08-15T19:00:00Z,MOH-01,temperature_c,27.6
355,2026-08-15T19:00:00Z,MOH-01,pressure_hpa,1001.4
355,2026-08-15T19:00:00Z,MOH-01,humidity_pct,92
356,2026-08-15T20:00:00Z,MOH-01,temperature_c,27.6
356,2026-08-15T20:00:00Z,MOH-01,pressure_hpa,1000.8
356,2026-08-15T20:00:00Z,MOH-01,humidity_pct,91
357,2026-08-15T21:00:00Z,MOH-01,temperature_c,27.2
357,2026-08-15T21:00:00Z,MOH-01,pressure_hpa,999.9
357,2026-08-15T21:00:00Z,MOH-01,humidity_pct,93
358,2026-08-15T22:00:00Z,MOH-01,temperature_c,26.9
358,2026-08-15T22:00:00Z,MOH-01,pressure_hpa,999.7
358,2026-08-15T22:00:00Z,MOH-01,humidity_pct,93
359,2026-08-15T23:00:00Z,MOH-01,temperature_c,26.6
359,2026-08-15T23:00:00Z,MOH-01,pressure_hpa,1000.1
359,2026-08-15T23:00:00Z,MOH-01,humidity_pct,96
360,2026-08-16T00:00:00Z,MOH-01,temperature_c,26.6
360,2026-08-16T00:00:00Z,MOH-01,pressure_hpa,1000.1
360,2026-08-16T00:00:00Z,MOH-01,humidity_pct,92
361,2026-08-16T01:00:00Z,MOH-01,temperature_c,26.5
361,2026-08-16T01:00:00Z,MOH-01,pressure_hpa,1000.5
361,2026-08-16T01:00:00Z,MOH-01,humidity_pct,95
362,2026-08-16T02:00:00Z,MOH-01,temperature_c,26.8
362,2026-08-16T02:00:00Z,MOH-01,pressure_hpa,1000.9
362,2026-08-16T02:00:00Z,MOH-01,humidity_pct,92
363,2026-08-16T03:00:00Z,MOH-01,temperature_c,28.5
363,2026-08-16T03:00:00Z,MOH-01,pressure_hpa,1001.1
363,2026-08-16T03:00:00Z,MOH-01,humidity_pct,81
364,2026-08-16T04:00:00Z,MOH-01,temperature_c,30.0
364,2026-08-16T04:00:00Z,MOH-01,pressure_hpa,1001.0
364,2026-08-16T04:00:00Z,MOH-01,humidity_pct,78
365,2026-08-16T05:00:00Z,MOH-01,temperature_c,31.5
365,2026-08-16T05:00:00Z,MOH-01,pressure_hpa,1000.7
365,2026-08-16T05:00:00Z,MOH-01,humidity_pct,72
366,2026-08-16T06:00:00Z,MOH-01,temperature_c,32.6
366,2026-08-16T06:00:00Z,MOH-01,pressure_hpa,1000.8
366,2026-08-16T06:00:00Z,MOH-01,humidity_pct,65
367,2026-08-16T07:00:00Z,MOH-01,temperature_c,33.0
367,2026-08-16T07:00:00Z,MOH-01,pressure_hpa,1000.2
367,2026-08-16T07:00:00Z,MOH-01,humidity_pct,64
368,2026-08-16T08:00:00Z,MOH-01,temperature_c,33.4
368,2026-08-16T08:00:00Z,MOH-01,pressure_hpa,999.8
368,2026-08-16T08:00:00Z,MOH-01,humidity_pct,61
369,2026-08-16T09:00:00Z,MOH-01,temperature_c,33.5
369,2026-08-16T09:00:00Z,MOH-01,pressure_hpa,999.1
369,2026-08-16T09:00:00Z,MOH-01,humidity_pct,60
370,2026-08-16T10:00:00Z,MOH-01,temperature_c,33.0
370,2026-08-16T10:00:00Z,MOH-01,pressure_hpa,998.7
370,2026-08-16T10:00:00Z,MOH-01,humidity_pct,61
371,2026-08-16T11:00:00Z,MOH-01,temperature_c,32.8
371,2026-08-16T11:00:00Z,MOH-01,pressure_hpa,998.5
371,2026-08-16T11:00:00Z,MOH-01,humidity_pct,60
372,2026-08-16T12:00:00Z,MOH-01,temperature_c,32.7
372,2026-08-16T12:00:00Z,MOH-01,pressure_hpa,998.8
372,2026-08-16T12:00:00Z,MOH-01,humidity_pct,67
373,2026-08-16T13:00:00Z,MOH-01,temperature_c,30.6
373,2026-08-16T13:00:00Z,MOH-01,pressure_hpa,999.3
373,2026-08-16T13:00:00Z,MOH-01,humidity_pct,77
374,2026-08-16T14:00:00Z,MOH-01,temperature_c,28.8
374,2026-08-16T14:00:00Z,MOH-01,pressure_hpa,1000.2
374,2026-08-16T14:00:00Z,MOH-01,humidity_pct,86
375,2026-08-16T15:00:00Z,MOH-01,temperature_c,28.9
375,2026-08-16T15:00:00Z,MOH-01,pressure_hpa,1000.9
375,2026-08-16T15:00:00Z,MOH-01,humidity_pct,86
376,2026-08-16T16:00:00Z,MOH-01,temperature_c,28.4
376,2026-08-16T16:00:00Z,MOH-01,pressure_hpa,1001.5
376,2026-08-16T16:00:00Z,MOH-01,humidity_pct,89
377,2026-08-16T17:00:00Z,MOH-01,temperature_c,28.0
377,2026-08-16T17:00:00Z,MOH-01,pressure_hpa,1001.7
377,2026-08-16T17:00:00Z,MOH-01,humidity_pct,89
378,2026-08-16T18:00:00Z,MOH-01,temperature_c,28.4
378,2026-08-16T18:00:00Z,MOH-01,pressure_hpa,1001.0
378,2026-08-16T18:00:00Z,MOH-01,humidity_pct,88
379,2026-08-16T19:00:00Z,MOH-01,temperature_c,27.7
379,2026-08-16T19:00:00Z,MOH-01,pressure_hpa,1000.8
379,2026-08-16T19:00:00Z,MOH-01,humidity_pct,90
380,2026-08-16T20:00:00Z,MOH-01,temperature_c,27.0
380,2026-08-16T20:00:00Z,MOH-01,pressure_hpa,1000.8
380,2026-08-16T20:00:00Z,MOH-01,humidity_pct,90
381,2026-08-16T21:00:00Z,MOH-01,temperature_c,24.5
381,2026-08-16T21:00:00Z,MOH-01,pressure_hpa,1000.8
381,2026-08-16T21:00:00Z,MOH-01,humidity_pct,98
382,2026-08-16T22:00:00Z,MOH-01,temperature_c,24.9
382,2026-08-16T22:00:00Z,MOH-01,pressure_hpa,1000.7
382,2026-08-16T22:00:00Z,MOH-01,humidity_pct,99
383,2026-08-16T23:00:00Z,MOH-01,temperature_c,25.1
383,2026-08-16T23:00:00Z,MOH-01,pressure_hpa,1000.2
383,2026-08-16T23:00:00Z,MOH-01,humidity_pct,97
384,2026-08-17T00:00:00Z,MOH-01,temperature_c,26.0
384,2026-08-17T00:00:00Z,MOH-01,pressure_hpa,1000.8
384,2026-08-17T00:00:00Z,MOH-01,humidity_pct,93
385,2026-08-17T01:00:00Z,MOH-01,temperature_c,26.2
385,2026-08-17T01:00:00Z,MOH-01,pressure_hpa,1001.2
385,2026-08-17T01:00:00Z,MOH-01,humidity_pct,93
386,2026-08-17T02:00:00Z,MOH-01,temperature_c,26.5
386,2026-08-17T02:00:00Z,MOH-01,pressure_hpa,1001.4
386,2026-08-17T02:00:00Z,MOH-01,humidity_pct,95
387,2026-08-17T03:00:00Z,MOH-01,temperature_c,26.4
387,2026-08-17T03:00:00Z,MOH-01,pressure_hpa,1001.8
387,2026-08-17T03:00:00Z,MOH-01,humidity_pct,90
388,2026-08-17T04:00:00Z,MOH-01,temperature_c,28.4
388,2026-08-17T04:00:00Z,MOH-01,pressure_hpa,1002.0
388,2026-08-17T04:00:00Z,MOH-01,humidity_pct,83
389,2026-08-17T05:00:00Z,MOH-01,temperature_c,30.2
389,2026-08-17T05:00:00Z,MOH-01,pressure_hpa,1002.1
389,2026-08-17T05:00:00Z,MOH-01,humidity_pct,77
390,2026-08-17T06:00:00Z,MOH-01,temperature_c,31.5
390,2026-08-17T06:00:00Z,MOH-01,pressure_hpa,1002.0
390,2026-08-17T06:00:00Z,MOH-01,humidity_pct,68
391,2026-08-17T07:00:00Z,MOH-01,temperature_c,32.4
391,2026-08-17T07:00:00Z,MOH-01,pressure_hpa,1001.3
391,2026-08-17T07:00:00Z,MOH-01,humidity_pct,65
392,2026-08-17T08:00:00Z,MOH-01,temperature_c,32.6
392,2026-08-17T08:00:00Z,MOH-01,pressure_hpa,1000.9
392,2026-08-17T08:00:00Z,MOH-01,humidity_pct,65
393,2026-08-17T09:00:00Z,MOH-01,temperature_c,31.0
393,2026-08-17T09:00:00Z,MOH-01,pressure_hpa,1000.5
393,2026-08-17T09:00:00Z,MOH-01,humidity_pct,73
394,2026-08-17T10:00:00Z,MOH-01,temperature_c,31.3
394,2026-08-17T10:00:00Z,MOH-01,pressure_hpa,1000.1
394,2026-08-17T10:00:00Z,MOH-01,humidity_pct,72
395,2026-08-17T11:00:00Z,MOH-01,temperature_c,31.7
395,2026-08-17T11:00:00Z,MOH-01,pressure_hpa,999.5
395,2026-08-17T11:00:00Z,MOH-01,humidity_pct,70
396,2026-08-17T12:00:00Z,MOH-01,temperature_c,31.1
396,2026-08-17T12:00:00Z,MOH-01,pressure_hpa,1000.0
396,2026-08-17T12:00:00Z,MOH-01,humidity_pct,77
397,2026-08-17T13:00:00Z,MOH-01,temperature_c,29.6
397,2026-08-17T13:00:00Z,MOH-01,pressure_hpa,1000.3
397,2026-08-17T13:00:00Z,MOH-01,humidity_pct,85
398,2026-08-17T14:00:00Z,MOH-01,temperature_c,29.0
398,2026-08-17T14:00:00Z,MOH-01,pressure_hpa,1001.1
398,2026-08-17T14:00:00Z,MOH-01,humidity_pct,88
399,2026-08-17T15:00:00Z,MOH-01,temperature_c,28.5
399,2026-08-17T15:00:00Z,MOH-01,pressure_hpa,1001.7
399,2026-08-17T15:00:00Z,MOH-01,humidity_pct,92
400,2026-08-17T16:00:00Z,MOH-01,temperature_c,28.4
400,2026-08-17T16:00:00Z,MOH-01,pressure_hpa,1002.1
400,2026-08-17T16:00:00Z,MOH-01,humidity_pct,92
401,2026-08-17T17:00:00Z,MOH-01,temperature_c,28.2
401,2026-08-17T17:00:00Z,MOH-01,pressure_hpa,1002.5
401,2026-08-17T17:00:00Z,MOH-01,humidity_pct,93
402,2026-08-17T18:00:00Z,MOH-01,temperature_c,28.5
402,2026-08-17T18:00:00Z,MOH-01,pressure_hpa,1002.4
402,2026-08-17T18:00:00Z,MOH-01,humidity_pct,92
403,2026-08-17T19:00:00Z,MOH-01,temperature_c,27.8
403,2026-08-17T19:00:00Z,MOH-01,pressure_hpa,1002.4
403,2026-08-17T19:00:00Z,MOH-01,humidity_pct,95
404,2026-08-17T20:00:00Z,MOH-01,temperature_c,27.3
404,2026-08-17T20:00:00Z,MOH-01,pressure_hpa,1002.4
404,2026-08-17T20:00:00Z,MOH-01,humidity_pct,95
405,2026-08-17T21:00:00Z,MOH-01,temperature_c,26.5
405,2026-08-17T21:00:00Z,MOH-01,pressure_hpa,1002.1
405,2026-08-17T21:00:00Z,MOH-01,humidity_pct,96
406,2026-08-17T22:00:00Z,MOH-01,temperature_c,26.7
406,2026-08-17T22:00:00Z,MOH-01,pressure_hpa,1001.8
406,2026-08-17T22:00:00Z,MOH-01,humidity_pct,95
407,2026-08-17T23:00:00Z,MOH-01,temperature_c,26.5
407,2026-08-17T23:00:00Z,MOH-01,pressure_hpa,1001.8
407,2026-08-17T23:00:00Z,MOH-01,humidity_pct,96
408,2026-08-18T00:00:00Z,MOH-01,temperature_c,25.8
408,2026-08-18T00:00:00Z,MOH-01,pressure_hpa,1002.0
408,2026-08-18T00:00:00Z,MOH-01,humidity_pct,94
409,2026-08-18T01:00:00Z,MOH-01,temperature_c,25.8
409,2026-08-18T01:00:00Z,MOH-01,pressure_hpa,1002.9
409,2026-08-18T01:00:00Z,MOH-01,humidity_pct,93
410,2026-08-18T02:00:00Z,MOH-01,temperature_c,26.8
410,2026-08-18T02:00:00Z,MOH-01,pressure_hpa,1002.8
410,2026-08-18T02:00:00Z,MOH-01,humidity_pct,90
411,2026-08-18T03:00:00Z,MOH-01,temperature_c,28.1
411,2026-08-18T03:00:00Z,MOH-01,pressure_hpa,1002.9
411,2026-08-18T03:00:00Z,MOH-01,humidity_pct,84
412,2026-08-18T04:00:00Z,MOH-01,temperature_c,29.7
412,2026-08-18T04:00:00Z,MOH-01,pressure_hpa,1003.0
412,2026-08-18T04:00:00Z,MOH-01,humidity_pct,79
413,2026-08-18T05:00:00Z,MOH-01,temperature_c,31.2
413,2026-08-18T05:00:00Z,MOH-01,pressure_hpa,1003.0
413,2026-08-18T05:00:00Z,MOH-01,humidity_pct,72
414,2026-08-18T06:00:00Z,MOH-01,temperature_c,31.8
414,2026-08-18T06:00:00Z,MOH-01,pressure_hpa,1003.4
414,2026-08-18T06:00:00Z,MOH-01,humidity_pct,71
415,2026-08-18T07:00:00Z,MOH-01,temperature_c,32.6
415,2026-08-18T07:00:00Z,MOH-01,pressure_hpa,1002.9
415,2026-08-18T07:00:00Z,MOH-01,humidity_pct,66
416,2026-08-18T08:00:00Z,MOH-01,temperature_c,33.0
416,2026-08-18T08:00:00Z,MOH-01,pressure_hpa,1002.5
416,2026-08-18T08:00:00Z,MOH-01,humidity_pct,65
417,2026-08-18T09:00:00Z,MOH-01,temperature_c,32.3
417,2026-08-18T09:00:00Z,MOH-01,pressure_hpa,1002.0
417,2026-08-18T09:00:00Z,MOH-01,humidity_pct,67
418,2026-08-18T10:00:00Z,MOH-01,temperature_c,27.2
418,2026-08-18T10:00:00Z,MOH-01,pressure_hpa,1002.5
418,2026-08-18T10:00:00Z,MOH-01,humidity_pct,87
419,2026-08-18T11:00:00Z,MOH-01,temperature_c,26.0
419,2026-08-18T11:00:00Z,MOH-01,pressure_hpa,1002.6
419,2026-08-18T11:00:00Z,MOH-01,humidity_pct,94
420,2026-08-18T12:00:00Z,MOH-01,temperature_c,28.9
420,2026-08-18T12:00:00Z,MOH-01,pressure_hpa,1002.3
420,2026-08-18T12:00:00Z,MOH-01,humidity_pct,82
421,2026-08-18T13:00:00Z,MOH-01,temperature_c,26.6
421,2026-08-18T13:00:00Z,MOH-01,pressure_hpa,1002.4
421,2026-08-18T13:00:00Z,MOH-01,humidity_pct,91
422,2026-08-18T14:00:00Z,MOH-01,temperature_c,26.2
422,2026-08-18T14:00:00Z,MOH-01,pressure_hpa,1003.6
422,2026-08-18T14:00:00Z,MOH-01,humidity_pct,94
423,2026-08-18T15:00:00Z,MOH-01,temperature_c,25.8
423,2026-08-18T15:00:00Z,MOH-01,pressure_hpa,1003.9
423,2026-08-18T15:00:00Z,MOH-01,humidity_pct,96
424,2026-08-18T16:00:00Z,MOH-01,temperature_c,25.8
424,2026-08-18T16:00:00Z,MOH-01,pressure_hpa,1004.2
424,2026-08-18T16:00:00Z,MOH-01,humidity_pct,96
425,2026-08-18T17:00:00Z,MOH-01,temperature_c,26.0
425,2026-08-18T17:00:00Z,MOH-01,pressure_hpa,1004.6
425,2026-08-18T17:00:00Z,MOH-01,humidity_pct,96
426,2026-08-18T18:00:00Z,MOH-01,temperature_c,26.2
426,2026-08-18T18:00:00Z,MOH-01,pressure_hpa,1004.3
426,2026-08-18T18:00:00Z,MOH-01,humidity_pct,96
427,2026-08-18T19:00:00Z,MOH-01,temperature_c,25.9
427,2026-08-18T19:00:00Z,MOH-01,pressure_hpa,1003.9
427,2026-08-18T19:00:00Z,MOH-01,humidity_pct,96
428,2026-08-18T20:00:00Z,MOH-01,temperature_c,25.0
428,2026-08-18T20:00:00Z,MOH-01,pressure_hpa,1004.1
428,2026-08-18T20:00:00Z,MOH-01,humidity_pct,98
429,2026-08-18T21:00:00Z,MOH-01,temperature_c,24.3
429,2026-08-18T21:00:00Z,MOH-01,pressure_hpa,1004.1
429,2026-08-18T21:00:00Z,MOH-01,humidity_pct,100
430,2026-08-18T22:00:00Z,MOH-01,temperature_c,24.4
430,2026-08-18T22:00:00Z,MOH-01,pressure_hpa,1004.0
430,2026-08-18T22:00:00Z,MOH-01,humidity_pct,97
431,2026-08-18T23:00:00Z,MOH-01,temperature_c,24.4
431,2026-08-18T23:00:00Z,MOH-01,pressure_hpa,1003.8
431,2026-08-18T23:00:00Z,MOH-01,humidity_pct,97
432,2026-08-19T00:00:00Z,MOH-01,temperature_c,25.2
432,2026-08-19T00:00:00Z,MOH-01,pressure_hpa,1003.6
432,2026-08-19T00:00:00Z,MOH-01,humidity_pct,99
433,2026-08-19T01:00:00Z,MOH-01,temperature_c,24.9
433,2026-08-19T01:00:00Z,MOH-01,pressure_hpa,1004.5
433,2026-08-19T01:00:00Z,MOH-01,humidity_pct,100
434,2026-08-19T02:00:00Z,MOH-01,temperature_c,25.7
434,2026-08-19T02:00:00Z,MOH-01,pressure_hpa,1004.5
434,2026-08-19T02:00:00Z,MOH-01,humidity_pct,94
435,2026-08-19T03:00:00Z,MOH-01,temperature_c,26.6
435,2026-08-19T03:00:00Z,MOH-01,pressure_hpa,1004.9
435,2026-08-19T03:00:00Z,MOH-01,humidity_pct,90
436,2026-08-19T04:00:00Z,MOH-01,temperature_c,28.2
436,2026-08-19T04:00:00Z,MOH-01,pressure_hpa,1004.8
436,2026-08-19T04:00:00Z,MOH-01,humidity_pct,84
437,2026-08-19T05:00:00Z,MOH-01,temperature_c,30.0
437,2026-08-19T05:00:00Z,MOH-01,pressure_hpa,1004.7
437,2026-08-19T05:00:00Z,MOH-01,humidity_pct,76
438,2026-08-19T06:00:00Z,MOH-01,temperature_c,30.3
438,2026-08-19T06:00:00Z,MOH-01,pressure_hpa,1004.9
438,2026-08-19T06:00:00Z,MOH-01,humidity_pct,73
439,2026-08-19T07:00:00Z,MOH-01,temperature_c,31.4
439,2026-08-19T07:00:00Z,MOH-01,pressure_hpa,1003.9
439,2026-08-19T07:00:00Z,MOH-01,humidity_pct,70
440,2026-08-19T08:00:00Z,MOH-01,temperature_c,31.9
440,2026-08-19T08:00:00Z,MOH-01,pressure_hpa,1003.4
440,2026-08-19T08:00:00Z,MOH-01,humidity_pct,68
441,2026-08-19T09:00:00Z,MOH-01,temperature_c,32.0
441,2026-08-19T09:00:00Z,MOH-01,pressure_hpa,1002.7
441,2026-08-19T09:00:00Z,MOH-01,humidity_pct,68
442,2026-08-19T10:00:00Z,MOH-01,temperature_c,31.9
442,2026-08-19T10:00:00Z,MOH-01,pressure_hpa,1002.1
442,2026-08-19T10:00:00Z,MOH-01,humidity_pct,68
443,2026-08-19T11:00:00Z,MOH-01,temperature_c,31.6
443,2026-08-19T11:00:00Z,MOH-01,pressure_hpa,1001.9
443,2026-08-19T11:00:00Z,MOH-01,humidity_pct,68
444,2026-08-19T12:00:00Z,MOH-01,temperature_c,31.8
444,2026-08-19T12:00:00Z,MOH-01,pressure_hpa,1002.2
444,2026-08-19T12:00:00Z,MOH-01,humidity_pct,68
445,2026-08-19T13:00:00Z,MOH-01,temperature_c,30.6
445,2026-08-19T13:00:00Z,MOH-01,pressure_hpa,1002.3
445,2026-08-19T13:00:00Z,MOH-01,humidity_pct,75
446,2026-08-19T14:00:00Z,MOH-01,temperature_c,29.5
446,2026-08-19T14:00:00Z,MOH-01,pressure_hpa,1003.1
446,2026-08-19T14:00:00Z,MOH-01,humidity_pct,81
447,2026-08-19T15:00:00Z,MOH-01,temperature_c,28.8
447,2026-08-19T15:00:00Z,MOH-01,pressure_hpa,1003.8
447,2026-08-19T15:00:00Z,MOH-01,humidity_pct,86
448,2026-08-19T16:00:00Z,MOH-01,temperature_c,28.2
448,2026-08-19T16:00:00Z,MOH-01,pressure_hpa,1004.6
448,2026-08-19T16:00:00Z,MOH-01,humidity_pct,90
449,2026-08-19T17:00:00Z,MOH-01,temperature_c,27.9
449,2026-08-19T17:00:00Z,MOH-01,pressure_hpa,1004.6
449,2026-08-19T17:00:00Z,MOH-01,humidity_pct,91
450,2026-08-19T18:00:00Z,MOH-01,temperature_c,28.0
450,2026-08-19T18:00:00Z,MOH-01,pressure_hpa,1004.9
450,2026-08-19T18:00:00Z,MOH-01,humidity_pct,90
451,2026-08-19T19:00:00Z,MOH-01,temperature_c,26.8
451,2026-08-19T19:00:00Z,MOH-01,pressure_hpa,1004.6
451,2026-08-19T19:00:00Z,MOH-01,humidity_pct,96
452,2026-08-19T20:00:00Z,MOH-01,temperature_c,26.4
452,2026-08-19T20:00:00Z,MOH-01,pressure_hpa,1004.7
452,2026-08-19T20:00:00Z,MOH-01,humidity_pct,97
453,2026-08-19T21:00:00Z,MOH-01,temperature_c,26.3
453,2026-08-19T21:00:00Z,MOH-01,pressure_hpa,1004.5
453,2026-08-19T21:00:00Z,MOH-01,humidity_pct,96
454,2026-08-19T22:00:00Z,MOH-01,temperature_c,26.2
454,2026-08-19T22:00:00Z,MOH-01,pressure_hpa,1004.0
454,2026-08-19T22:00:00Z,MOH-01,humidity_pct,97
455,2026-08-19T23:00:00Z,MOH-01,temperature_c,26.0
455,2026-08-19T23:00:00Z,MOH-01,pressure_hpa,1004.2
455,2026-08-19T23:00:00Z,MOH-01,humidity_pct,97
456,2026-08-20T00:00:00Z,MOH-01,temperature_c,26.6
456,2026-08-20T00:00:00Z,MOH-01,pressure_hpa,1004.1
456,2026-08-20T00:00:00Z,MOH-01,humidity_pct,97
457,2026-08-20T01:00:00Z,MOH-01,temperature_c,26.5
457,2026-08-20T01:00:00Z,MOH-01,pressure_hpa,1004.6
457,2026-08-20T01:00:00Z,MOH-01,humidity_pct,97
458,2026-08-20T02:00:00Z,MOH-01,temperature_c,26.9
458,2026-08-20T02:00:00Z,MOH-01,pressure_hpa,1005.0
458,2026-08-20T02:00:00Z,MOH-01,humidity_pct,95
459,2026-08-20T03:00:00Z,MOH-01,temperature_c,28.1
459,2026-08-20T03:00:00Z,MOH-01,pressure_hpa,1005.4
459,2026-08-20T03:00:00Z,MOH-01,humidity_pct,88
460,2026-08-20T04:00:00Z,MOH-01,temperature_c,28.8
460,2026-08-20T04:00:00Z,MOH-01,pressure_hpa,1005.3
460,2026-08-20T04:00:00Z,MOH-01,humidity_pct,85
461,2026-08-20T05:00:00Z,MOH-01,temperature_c,30.3
461,2026-08-20T05:00:00Z,MOH-01,pressure_hpa,1005.4
461,2026-08-20T05:00:00Z,MOH-01,humidity_pct,76
462,2026-08-20T06:00:00Z,MOH-01,temperature_c,31.6
462,2026-08-20T06:00:00Z,MOH-01,pressure_hpa,1005.3
462,2026-08-20T06:00:00Z,MOH-01,humidity_pct,72
463,2026-08-20T07:00:00Z,MOH-01,temperature_c,32.5
463,2026-08-20T07:00:00Z,MOH-01,pressure_hpa,1004.5
463,2026-08-20T07:00:00Z,MOH-01,humidity_pct,68
464,2026-08-20T08:00:00Z,MOH-01,temperature_c,32.6
464,2026-08-20T08:00:00Z,MOH-01,pressure_hpa,1004.2
464,2026-08-20T08:00:00Z,MOH-01,humidity_pct,67
465,2026-08-20T09:00:00Z,MOH-01,temperature_c,32.4
465,2026-08-20T09:00:00Z,MOH-01,pressure_hpa,1003.1
465,2026-08-20T09:00:00Z,MOH-01,humidity_pct,68
466,2026-08-20T10:00:00Z,MOH-01,temperature_c,32.7
466,2026-08-20T10:00:00Z,MOH-01,pressure_hpa,1002.0
466,2026-08-20T10:00:00Z,MOH-01,humidity_pct,64
467,2026-08-20T11:00:00Z,MOH-01,temperature_c,32.5
467,2026-08-20T11:00:00Z,MOH-01,pressure_hpa,1001.4
467,2026-08-20T11:00:00Z,MOH-01,humidity_pct,64
468,2026-08-20T12:00:00Z,MOH-01,temperature_c,31.4
468,2026-08-20T12:00:00Z,MOH-01,pressure_hpa,1001.6
468,2026-08-20T12:00:00Z,MOH-01,humidity_pct,75
469,2026-08-20T13:00:00Z,MOH-01,temperature_c,30.4
469,2026-08-20T13:00:00Z,MOH-01,pressure_hpa,1002.1
469,2026-08-20T13:00:00Z,MOH-01,humidity_pct,81
470,2026-08-20T14:00:00Z,MOH-01,temperature_c,29.2
470,2026-08-20T14:00:00Z,MOH-01,pressure_hpa,1002.5
470,2026-08-20T14:00:00Z,MOH-01,humidity_pct,86
471,2026-08-20T15:00:00Z,MOH-01,temperature_c,28.5
471,2026-08-20T15:00:00Z,MOH-01,pressure_hpa,1003.0
471,2026-08-20T15:00:00Z,MOH-01,humidity_pct,90
472,2026-08-20T16:00:00Z,MOH-01,temperature_c,28.0
472,2026-08-20T16:00:00Z,MOH-01,pressure_hpa,1003.5
472,2026-08-20T16:00:00Z,MOH-01,humidity_pct,92
473,2026-08-20T17:00:00Z,MOH-01,temperature_c,27.7
473,2026-08-20T17:00:00Z,MOH-01,pressure_hpa,1003.6
473,2026-08-20T17:00:00Z,MOH-01,humidity_pct,93
474,2026-08-20T18:00:00Z,MOH-01,temperature_c,28.4
474,2026-08-20T18:00:00Z,MOH-01,pressure_hpa,1003.1
474,2026-08-20T18:00:00Z,MOH-01,humidity_pct,92
475,2026-08-20T19:00:00Z,MOH-01,temperature_c,27.8
475,2026-08-20T19:00:00Z,MOH-01,pressure_hpa,1003.3
475,2026-08-20T19:00:00Z,MOH-01,humidity_pct,94
476,2026-08-20T20:00:00Z,MOH-01,temperature_c,27.0
476,2026-08-20T20:00:00Z,MOH-01,pressure_hpa,1003.3
476,2026-08-20T20:00:00Z,MOH-01,humidity_pct,98
477,2026-08-20T21:00:00Z,MOH-01,temperature_c,25.5
477,2026-08-20T21:00:00Z,MOH-01,pressure_hpa,1003.2
477,2026-08-20T21:00:00Z,MOH-01,humidity_pct,93
478,2026-08-20T22:00:00Z,MOH-01,temperature_c,25.1
478,2026-08-20T22:00:00Z,MOH-01,pressure_hpa,1002.7
478,2026-08-20T22:00:00Z,MOH-01,humidity_pct,99
479,2026-08-20T23:00:00Z,MOH-01,temperature_c,25.1
479,2026-08-20T23:00:00Z,MOH-01,pressure_hpa,1002.8
479,2026-08-20T23:00:00Z,MOH-01,humidity_pct,100
480,2026-08-21T00:00:00Z,MOH-01,temperature_c,26.5
480,2026-08-21T00:00:00Z,MOH-01,pressure_hpa,1002.3
480,2026-08-21T00:00:00Z,MOH-01,humidity_pct,98
481,2026-08-21T01:00:00Z,MOH-01,temperature_c,26.5
481,2026-08-21T01:00:00Z,MOH-01,pressure_hpa,1002.6
481,2026-08-21T01:00:00Z,MOH-01,humidity_pct,98
482,2026-08-21T02:00:00Z,MOH-01,temperature_c,28.0
482,2026-08-21T02:00:00Z,MOH-01,pressure_hpa,1003.2
482,2026-08-21T02:00:00Z,MOH-01,humidity_pct,93
483,2026-08-21T03:00:00Z,MOH-01,temperature_c,29.3
483,2026-08-21T03:00:00Z,MOH-01,pressure_hpa,1003.6
483,2026-08-21T03:00:00Z,MOH-01,humidity_pct,85
484,2026-08-21T04:00:00Z,MOH-01,temperature_c,30.6
484,2026-08-21T04:00:00Z,MOH-01,pressure_hpa,1003.7
484,2026-08-21T04:00:00Z,MOH-01,humidity_pct,75
485,2026-08-21T05:00:00Z,MOH-01,temperature_c,31.5
485,2026-08-21T05:00:00Z,MOH-01,pressure_hpa,1003.7
485,2026-08-21T05:00:00Z,MOH-01,humidity_pct,67
486,2026-08-21T06:00:00Z,MOH-01,temperature_c,29.5
486,2026-08-21T06:00:00Z,MOH-01,pressure_hpa,1004.6
486,2026-08-21T06:00:00Z,MOH-01,humidity_pct,80
487,2026-08-21T07:00:00Z,MOH-01,temperature_c,30.6
487,2026-08-21T07:00:00Z,MOH-01,pressure_hpa,1003.7
487,2026-08-21T07:00:00Z,MOH-01,humidity_pct,72
488,2026-08-21T08:00:00Z,MOH-01,temperature_c,31.4
488,2026-08-21T08:00:00Z,MOH-01,pressure_hpa,1002.5
488,2026-08-21T08:00:00Z,MOH-01,humidity_pct,69
489,2026-08-21T09:00:00Z,MOH-01,temperature_c,31.5
489,2026-08-21T09:00:00Z,MOH-01,pressure_hpa,1001.9
489,2026-08-21T09:00:00Z,MOH-01,humidity_pct,70
490,2026-08-21T10:00:00Z,MOH-01,temperature_c,31.4
490,2026-08-21T10:00:00Z,MOH-01,pressure_hpa,1000.8
490,2026-08-21T10:00:00Z,MOH-01,humidity_pct,70
491,2026-08-21T11:00:00Z,MOH-01,temperature_c,31.0
491,2026-08-21T11:00:00Z,MOH-01,pressure_hpa,1000.1
491,2026-08-21T11:00:00Z,MOH-01,humidity_pct,71
492,2026-08-21T12:00:00Z,MOH-01,temperature_c,30.7
492,2026-08-21T12:00:00Z,MOH-01,pressure_hpa,1000.3
492,2026-08-21T12:00:00Z,MOH-01,humidity_pct,74
493,2026-08-21T13:00:00Z,MOH-01,temperature_c,29.6
493,2026-08-21T13:00:00Z,MOH-01,pressure_hpa,1000.6
493,2026-08-21T13:00:00Z,MOH-01,humidity_pct,81
494,2026-08-21T14:00:00Z,MOH-01,temperature_c,28.8
494,2026-08-21T14:00:00Z,MOH-01,pressure_hpa,1000.9
494,2026-08-21T14:00:00Z,MOH-01,humidity_pct,86
495,2026-08-21T15:00:00Z,MOH-01,temperature_c,28.4
495,2026-08-21T15:00:00Z,MOH-01,pressure_hpa,1001.5
495,2026-08-21T15:00:00Z,MOH-01,humidity_pct,89
496,2026-08-21T16:00:00Z,MOH-01,temperature_c,28.0
496,2026-08-21T16:00:00Z,MOH-01,pressure_hpa,1002.1
496,2026-08-21T16:00:00Z,MOH-01,humidity_pct,91
497,2026-08-21T17:00:00Z,MOH-01,temperature_c,27.7
497,2026-08-21T17:00:00Z,MOH-01,pressure_hpa,1002.2
497,2026-08-21T17:00:00Z,MOH-01,humidity_pct,93
498,2026-08-21T18:00:00Z,MOH-01,temperature_c,26.9
498,2026-08-21T18:00:00Z,MOH-01,pressure_hpa,1002.0
498,2026-08-21T18:00:00Z,MOH-01,humidity_pct,95
499,2026-08-21T19:00:00Z,MOH-01,temperature_c,26.8
499,2026-08-21T19:00:00Z,MOH-01,pressure_hpa,1002.0
499,2026-08-21T19:00:00Z,MOH-01,humidity_pct,96
500,2026-08-21T20:00:00Z,MOH-01,temperature_c,26.5
500,2026-08-21T20:00:00Z,MOH-01,pressure_hpa,1001.7
500,2026-08-21T20:00:00Z,MOH-01,humidity_pct,97
501,2026-08-21T21:00:00Z,MOH-01,temperature_c,26.4
501,2026-08-21T21:00:00Z,MOH-01,pressure_hpa,1001.4
501,2026-08-21T21:00:00Z,MOH-01,humidity_pct,97
502,2026-08-21T22:00:00Z,MOH-01,temperature_c,26.3
502,2026-08-21T22:00:00Z,MOH-01,pressure_hpa,1001.2
502,2026-08-21T22:00:00Z,MOH-01,humidity_pct,97
503,2026-08-21T23:00:00Z,MOH-01,temperature_c,26.3
503,2026-08-21T23:00:00Z,MOH-01,pressure_hpa,1001.3
503,2026-08-21T23:00:00Z,MOH-01,humidity_pct,97
504,2026-08-22T00:00:00Z,MOH-01,temperature_c,27.0
504,2026-08-22T00:00:00Z,MOH-01,pressure_hpa,1001.5
504,2026-08-22T00:00:00Z,MOH-01,humidity_pct,89
505,2026-08-22T01:00:00Z,MOH-01,temperature_c,26.8
505,2026-08-22T01:00:00Z,MOH-01,pressure_hpa,1002.5
505,2026-08-22T01:00:00Z,MOH-01,humidity_pct,89
506,2026-08-22T02:00:00Z,MOH-01,temperature_c,27.6
506,2026-08-22T02:00:00Z,MOH-01,pressure_hpa,1003.1
506,2026-08-22T02:00:00Z,MOH-01,humidity_pct,87
507,2026-08-22T03:00:00Z,MOH-01,temperature_c,28.4
507,2026-08-22T03:00:00Z,MOH-01,pressure_hpa,1003.3
507,2026-08-22T03:00:00Z,MOH-01,humidity_pct,83
508,2026-08-22T04:00:00Z,MOH-01,temperature_c,29.7
508,2026-08-22T04:00:00Z,MOH-01,pressure_hpa,1003.1
508,2026-08-22T04:00:00Z,MOH-01,humidity_pct,78
509,2026-08-22T05:00:00Z,MOH-01,temperature_c,31.0
509,2026-08-22T05:00:00Z,MOH-01,pressure_hpa,1003.1
509,2026-08-22T05:00:00Z,MOH-01,humidity_pct,73
510,2026-08-22T06:00:00Z,MOH-01,temperature_c,31.6
510,2026-08-22T06:00:00Z,MOH-01,pressure_hpa,1003.6
510,2026-08-22T06:00:00Z,MOH-01,humidity_pct,69
511,2026-08-22T07:00:00Z,MOH-01,temperature_c,32.0
511,2026-08-22T07:00:00Z,MOH-01,pressure_hpa,1003.0
511,2026-08-22T07:00:00Z,MOH-01,humidity_pct,66
512,2026-08-22T08:00:00Z,MOH-01,temperature_c,32.3
512,2026-08-22T08:00:00Z,MOH-01,pressure_hpa,1002.3
512,2026-08-22T08:00:00Z,MOH-01,humidity_pct,64
513,2026-08-22T09:00:00Z,MOH-01,temperature_c,32.4
513,2026-08-22T09:00:00Z,MOH-01,pressure_hpa,1001.2
513,2026-08-22T09:00:00Z,MOH-01,humidity_pct,64
514,2026-08-22T10:00:00Z,MOH-01,temperature_c,32.0
514,2026-08-22T10:00:00Z,MOH-01,pressure_hpa,1000.6
514,2026-08-22T10:00:00Z,MOH-01,humidity_pct,66
515,2026-08-22T11:00:00Z,MOH-01,temperature_c,31.3
515,2026-08-22T11:00:00Z,MOH-01,pressure_hpa,1000.1
515,2026-08-22T11:00:00Z,MOH-01,humidity_pct,69
516,2026-08-22T12:00:00Z,MOH-01,temperature_c,30.8
516,2026-08-22T12:00:00Z,MOH-01,pressure_hpa,999.9
516,2026-08-22T12:00:00Z,MOH-01,humidity_pct,78
517,2026-08-22T13:00:00Z,MOH-01,temperature_c,29.7
517,2026-08-22T13:00:00Z,MOH-01,pressure_hpa,1000.3
517,2026-08-22T13:00:00Z,MOH-01,humidity_pct,83
518,2026-08-22T14:00:00Z,MOH-01,temperature_c,28.8
518,2026-08-22T14:00:00Z,MOH-01,pressure_hpa,1001.2
518,2026-08-22T14:00:00Z,MOH-01,humidity_pct,86
519,2026-08-22T15:00:00Z,MOH-01,temperature_c,28.5
519,2026-08-22T15:00:00Z,MOH-01,pressure_hpa,1001.8
519,2026-08-22T15:00:00Z,MOH-01,humidity_pct,87
520,2026-08-22T16:00:00Z,MOH-01,temperature_c,28.5
520,2026-08-22T16:00:00Z,MOH-01,pressure_hpa,1002.5
520,2026-08-22T16:00:00Z,MOH-01,humidity_pct,86
521,2026-08-22T17:00:00Z,MOH-01,temperature_c,28.0
521,2026-08-22T17:00:00Z,MOH-01,pressure_hpa,1002.9
521,2026-08-22T17:00:00Z,MOH-01,humidity_pct,89
522,2026-08-22T18:00:00Z,MOH-01,temperature_c,27.6
522,2026-08-22T18:00:00Z,MOH-01,pressure_hpa,1003.1
522,2026-08-22T18:00:00Z,MOH-01,humidity_pct,92
523,2026-08-22T19:00:00Z,MOH-01,temperature_c,26.8
523,2026-08-22T19:00:00Z,MOH-01,pressure_hpa,1003.1
523,2026-08-22T19:00:00Z,MOH-01,humidity_pct,92
524,2026-08-22T20:00:00Z,MOH-01,temperature_c,26.4
524,2026-08-22T20:00:00Z,MOH-01,pressure_hpa,1002.5
524,2026-08-22T20:00:00Z,MOH-01,humidity_pct,92
525,2026-08-22T21:00:00Z,MOH-01,temperature_c,25.5
525,2026-08-22T21:00:00Z,MOH-01,pressure_hpa,1002.7
525,2026-08-22T21:00:00Z,MOH-01,humidity_pct,93
526,2026-08-22T22:00:00Z,MOH-01,temperature_c,24.8
526,2026-08-22T22:00:00Z,MOH-01,pressure_hpa,1003.3
526,2026-08-22T22:00:00Z,MOH-01,humidity_pct,97
527,2026-08-22T23:00:00Z,MOH-01,temperature_c,24.9
527,2026-08-22T23:00:00Z,MOH-01,pressure_hpa,1003.5
527,2026-08-22T23:00:00Z,MOH-01,humidity_pct,98
528,2026-08-23T00:00:00Z,MOH-01,temperature_c,24.7
528,2026-08-23T00:00:00Z,MOH-01,pressure_hpa,1004.0
528,2026-08-23T00:00:00Z,MOH-01,humidity_pct,97
529,2026-08-23T01:00:00Z,MOH-01,temperature_c,24.4
529,2026-08-23T01:00:00Z,MOH-01,pressure_hpa,1004.1
529,2026-08-23T01:00:00Z,MOH-01,humidity_pct,98
530,2026-08-23T02:00:00Z,MOH-01,temperature_c,25.4
530,2026-08-23T02:00:00Z,MOH-01,pressure_hpa,1004.2
530,2026-08-23T02:00:00Z,MOH-01,humidity_pct,94
531,2026-08-23T03:00:00Z,MOH-01,temperature_c,26.8
531,2026-08-23T03:00:00Z,MOH-01,pressure_hpa,1005.4
531,2026-08-23T03:00:00Z,MOH-01,humidity_pct,89
532,2026-08-23T04:00:00Z,MOH-01,temperature_c,28.5
532,2026-08-23T04:00:00Z,MOH-01,pressure_hpa,1005.3
532,2026-08-23T04:00:00Z,MOH-01,humidity_pct,81
533,2026-08-23T05:00:00Z,MOH-01,temperature_c,29.9
533,2026-08-23T05:00:00Z,MOH-01,pressure_hpa,1005.1
533,2026-08-23T05:00:00Z,MOH-01,humidity_pct,75
534,2026-08-23T06:00:00Z,MOH-01,temperature_c,30.7
534,2026-08-23T06:00:00Z,MOH-01,pressure_hpa,1006.0
534,2026-08-23T06:00:00Z,MOH-01,humidity_pct,73
535,2026-08-23T07:00:00Z,MOH-01,temperature_c,31.7
535,2026-08-23T07:00:00Z,MOH-01,pressure_hpa,1004.7
535,2026-08-23T07:00:00Z,MOH-01,humidity_pct,68
536,2026-08-23T08:00:00Z,MOH-01,temperature_c,32.1
536,2026-08-23T08:00:00Z,MOH-01,pressure_hpa,1003.7
536,2026-08-23T08:00:00Z,MOH-01,humidity_pct,64
537,2026-08-23T09:00:00Z,MOH-01,temperature_c,32.6
537,2026-08-23T09:00:00Z,MOH-01,pressure_hpa,1002.4
537,2026-08-23T09:00:00Z,MOH-01,humidity_pct,62
538,2026-08-23T10:00:00Z,MOH-01,temperature_c,32.5
538,2026-08-23T10:00:00Z,MOH-01,pressure_hpa,1001.9
538,2026-08-23T10:00:00Z,MOH-01,humidity_pct,62
539,2026-08-23T11:00:00Z,MOH-01,temperature_c,32.2
539,2026-08-23T11:00:00Z,MOH-01,pressure_hpa,1001.4
539,2026-08-23T11:00:00Z,MOH-01,humidity_pct,63
540,2026-08-23T12:00:00Z,MOH-01,temperature_c,31.7
540,2026-08-23T12:00:00Z,MOH-01,pressure_hpa,1001.2
540,2026-08-23T12:00:00Z,MOH-01,humidity_pct,69
541,2026-08-23T13:00:00Z,MOH-01,temperature_c,30.4
541,2026-08-23T13:00:00Z,MOH-01,pressure_hpa,1001.7
541,2026-08-23T13:00:00Z,MOH-01,humidity_pct,76
542,2026-08-23T14:00:00Z,MOH-01,temperature_c,29.4
542,2026-08-23T14:00:00Z,MOH-01,pressure_hpa,1002.3
542,2026-08-23T14:00:00Z,MOH-01,humidity_pct,82
543,2026-08-23T15:00:00Z,MOH-01,temperature_c,28.7
543,2026-08-23T15:00:00Z,MOH-01,pressure_hpa,1003.3
543,2026-08-23T15:00:00Z,MOH-01,humidity_pct,85
544,2026-08-23T16:00:00Z,MOH-01,temperature_c,28.2
544,2026-08-23T16:00:00Z,MOH-01,pressure_hpa,1004.0
544,2026-08-23T16:00:00Z,MOH-01,humidity_pct,88
545,2026-08-23T17:00:00Z,MOH-01,temperature_c,27.7
545,2026-08-23T17:00:00Z,MOH-01,pressure_hpa,1004.2
545,2026-08-23T17:00:00Z,MOH-01,humidity_pct,91
546,2026-08-23T18:00:00Z,MOH-01,temperature_c,28.2
546,2026-08-23T18:00:00Z,MOH-01,pressure_hpa,1004.1
546,2026-08-23T18:00:00Z,MOH-01,humidity_pct,88
547,2026-08-23T19:00:00Z,MOH-01,temperature_c,27.3
547,2026-08-23T19:00:00Z,MOH-01,pressure_hpa,1004.0
547,2026-08-23T19:00:00Z,MOH-01,humidity_pct,92
548,2026-08-23T20:00:00Z,MOH-01,temperature_c,26.9
548,2026-08-23T20:00:00Z,MOH-01,pressure_hpa,1003.6
548,2026-08-23T20:00:00Z,MOH-01,humidity_pct,93
549,2026-08-23T21:00:00Z,MOH-01,temperature_c,26.6
549,2026-08-23T21:00:00Z,MOH-01,pressure_hpa,1003.4
549,2026-08-23T21:00:00Z,MOH-01,humidity_pct,94
550,2026-08-23T22:00:00Z,MOH-01,temperature_c,26.3
550,2026-08-23T22:00:00Z,MOH-01,pressure_hpa,1003.1
550,2026-08-23T22:00:00Z,MOH-01,humidity_pct,94
551,2026-08-23T23:00:00Z,MOH-01,temperature_c,26.0
551,2026-08-23T23:00:00Z,MOH-01,pressure_hpa,1003.1
551,2026-08-23T23:00:00Z,MOH-01,humidity_pct,94
552,2026-08-24T00:00:00Z,MOH-01,temperature_c,27.1
552,2026-08-24T00:00:00Z,MOH-01,pressure_hpa,1003.4
552,2026-08-24T00:00:00Z,MOH-01,humidity_pct,90
553,2026-08-24T01:00:00Z,MOH-01,temperature_c,26.8
553,2026-08-24T01:00:00Z,MOH-01,pressure_hpa,1004.2
553,2026-08-24T01:00:00Z,MOH-01,humidity_pct,91
554,2026-08-24T02:00:00Z,MOH-01,temperature_c,27.7
554,2026-08-24T02:00:00Z,MOH-01,pressure_hpa,1003.9
554,2026-08-24T02:00:00Z,MOH-01,humidity_pct,88
555,2026-08-24T03:00:00Z,MOH-01,temperature_c,29.3
555,2026-08-24T03:00:00Z,MOH-01,pressure_hpa,1004.1
555,2026-08-24T03:00:00Z,MOH-01,humidity_pct,80
556,2026-08-24T04:00:00Z,MOH-01,temperature_c,30.7
556,2026-08-24T04:00:00Z,MOH-01,pressure_hpa,1004.3
556,2026-08-24T04:00:00Z,MOH-01,humidity_pct,70
557,2026-08-24T05:00:00Z,MOH-01,temperature_c,31.8
557,2026-08-24T05:00:00Z,MOH-01,pressure_hpa,1004.3
557,2026-08-24T05:00:00Z,MOH-01,humidity_pct,64
558,2026-08-24T06:00:00Z,MOH-01,temperature_c,32.8
558,2026-08-24T06:00:00Z,MOH-01,pressure_hpa,1004.3
558,2026-08-24T06:00:00Z,MOH-01,humidity_pct,59
559,2026-08-24T07:00:00Z,MOH-01,temperature_c,33.4
559,2026-08-24T07:00:00Z,MOH-01,pressure_hpa,1003.7
559,2026-08-24T07:00:00Z,MOH-01,humidity_pct,56
560,2026-08-24T08:00:00Z,MOH-01,temperature_c,33.9
560,2026-08-24T08:00:00Z,MOH-01,pressure_hpa,1002.9
560,2026-08-24T08:00:00Z,MOH-01,humidity_pct,53
561,2026-08-24T09:00:00Z,MOH-01,temperature_c,33.9
561,2026-08-24T09:00:00Z,MOH-01,pressure_hpa,1002.1
561,2026-08-24T09:00:00Z,MOH-01,humidity_pct,54
562,2026-08-24T10:00:00Z,MOH-01,temperature_c,33.8
562,2026-08-24T10:00:00Z,MOH-01,pressure_hpa,1001.5
562,2026-08-24T10:00:00Z,MOH-01,humidity_pct,54
563,2026-08-24T11:00:00Z,MOH-01,temperature_c,33.2
563,2026-08-24T11:00:00Z,MOH-01,pressure_hpa,1001.0
563,2026-08-24T11:00:00Z,MOH-01,humidity_pct,57
564,2026-08-24T12:00:00Z,MOH-01,temperature_c,32.3
564,2026-08-24T12:00:00Z,MOH-01,pressure_hpa,1000.9
564,2026-08-24T12:00:00Z,MOH-01,humidity_pct,64
565,2026-08-24T13:00:00Z,MOH-01,temperature_c,30.8
565,2026-08-24T13:00:00Z,MOH-01,pressure_hpa,1001.5
565,2026-08-24T13:00:00Z,MOH-01,humidity_pct,73
566,2026-08-24T14:00:00Z,MOH-01,temperature_c,30.0
566,2026-08-24T14:00:00Z,MOH-01,pressure_hpa,1002.0
566,2026-08-24T14:00:00Z,MOH-01,humidity_pct,79
567,2026-08-24T15:00:00Z,MOH-01,temperature_c,29.5
567,2026-08-24T15:00:00Z,MOH-01,pressure_hpa,1003.0
567,2026-08-24T15:00:00Z,MOH-01,humidity_pct,83
568,2026-08-24T16:00:00Z,MOH-01,temperature_c,29.2
568,2026-08-24T16:00:00Z,MOH-01,pressure_hpa,1003.8
568,2026-08-24T16:00:00Z,MOH-01,humidity_pct,84
569,2026-08-24T17:00:00Z,MOH-01,temperature_c,28.8
569,2026-08-24T17:00:00Z,MOH-01,pressure_hpa,1003.9
569,2026-08-24T17:00:00Z,MOH-01,humidity_pct,86
570,2026-08-24T18:00:00Z,MOH-01,temperature_c,27.8
570,2026-08-24T18:00:00Z,MOH-01,pressure_hpa,1004.3
570,2026-08-24T18:00:00Z,MOH-01,humidity_pct,87
571,2026-08-24T19:00:00Z,MOH-01,temperature_c,26.7
571,2026-08-24T19:00:00Z,MOH-01,pressure_hpa,1004.4
571,2026-08-24T19:00:00Z,MOH-01,humidity_pct,92
572,2026-08-24T20:00:00Z,MOH-01,temperature_c,26.0
572,2026-08-24T20:00:00Z,MOH-01,pressure_hpa,1004.0
572,2026-08-24T20:00:00Z,MOH-01,humidity_pct,92
573,2026-08-24T21:00:00Z,MOH-01,temperature_c,26.0
573,2026-08-24T21:00:00Z,MOH-01,pressure_hpa,1003.5
573,2026-08-24T21:00:00Z,MOH-01,humidity_pct,93
574,2026-08-24T22:00:00Z,MOH-01,temperature_c,26.1
574,2026-08-24T22:00:00Z,MOH-01,pressure_hpa,1003.5
574,2026-08-24T22:00:00Z,MOH-01,humidity_pct,93
575,2026-08-24T23:00:00Z,MOH-01,temperature_c,25.9
575,2026-08-24T23:00:00Z,MOH-01,pressure_hpa,1003.5
575,2026-08-24T23:00:00Z,MOH-01,humidity_pct,95
576,2026-08-25T00:00:00Z,MOH-01,temperature_c,26.8
576,2026-08-25T00:00:00Z,MOH-01,pressure_hpa,1004.0
576,2026-08-25T00:00:00Z,MOH-01,humidity_pct,95
577,2026-08-25T01:00:00Z,MOH-01,temperature_c,26.5
577,2026-08-25T01:00:00Z,MOH-01,pressure_hpa,1004.4
577,2026-08-25T01:00:00Z,MOH-01,humidity_pct,97
578,2026-08-25T02:00:00Z,MOH-01,temperature_c,27.2
578,2026-08-25T02:00:00Z,MOH-01,pressure_hpa,1004.8
578,2026-08-25T02:00:00Z,MOH-01,humidity_pct,94
579,2026-08-25T03:00:00Z,MOH-01,temperature_c,27.9
579,2026-08-25T03:00:00Z,MOH-01,pressure_hpa,1005.2
579,2026-08-25T03:00:00Z,MOH-01,humidity_pct,88
580,2026-08-25T04:00:00Z,MOH-01,temperature_c,29.0
580,2026-08-25T04:00:00Z,MOH-01,pressure_hpa,1005.1
580,2026-08-25T04:00:00Z,MOH-01,humidity_pct,82
581,2026-08-25T05:00:00Z,MOH-01,temperature_c,30.6
581,2026-08-25T05:00:00Z,MOH-01,pressure_hpa,1005.2
581,2026-08-25T05:00:00Z,MOH-01,humidity_pct,76
582,2026-08-25T06:00:00Z,MOH-01,temperature_c,31.7
582,2026-08-25T06:00:00Z,MOH-01,pressure_hpa,1005.2
582,2026-08-25T06:00:00Z,MOH-01,humidity_pct,68
583,2026-08-25T07:00:00Z,MOH-01,temperature_c,32.3
583,2026-08-25T07:00:00Z,MOH-01,pressure_hpa,1005.1
583,2026-08-25T07:00:00Z,MOH-01,humidity_pct,65
584,2026-08-25T08:00:00Z,MOH-01,temperature_c,32.4
584,2026-08-25T08:00:00Z,MOH-01,pressure_hpa,1004.1
584,2026-08-25T08:00:00Z,MOH-01,humidity_pct,65
585,2026-08-25T09:00:00Z,MOH-01,temperature_c,32.4
585,2026-08-25T09:00:00Z,MOH-01,pressure_hpa,1003.3
585,2026-08-25T09:00:00Z,MOH-01,humidity_pct,65
586,2026-08-25T10:00:00Z,MOH-01,temperature_c,32.3
586,2026-08-25T10:00:00Z,MOH-01,pressure_hpa,1002.7
586,2026-08-25T10:00:00Z,MOH-01,humidity_pct,64
587,2026-08-25T11:00:00Z,MOH-01,temperature_c,31.3
587,2026-08-25T11:00:00Z,MOH-01,pressure_hpa,1002.5
587,2026-08-25T11:00:00Z,MOH-01,humidity_pct,71
588,2026-08-25T12:00:00Z,MOH-01,temperature_c,30.0
588,2026-08-25T12:00:00Z,MOH-01,pressure_hpa,1002.7
588,2026-08-25T12:00:00Z,MOH-01,humidity_pct,77
589,2026-08-25T13:00:00Z,MOH-01,temperature_c,29.2
589,2026-08-25T13:00:00Z,MOH-01,pressure_hpa,1002.9
589,2026-08-25T13:00:00Z,MOH-01,humidity_pct,82
590,2026-08-25T14:00:00Z,MOH-01,temperature_c,28.7
590,2026-08-25T14:00:00Z,MOH-01,pressure_hpa,1003.4
590,2026-08-25T14:00:00Z,MOH-01,humidity_pct,86
591,2026-08-25T15:00:00Z,MOH-01,temperature_c,28.6
591,2026-08-25T15:00:00Z,MOH-01,pressure_hpa,1004.1
591,2026-08-25T15:00:00Z,MOH-01,humidity_pct,86
592,2026-08-25T16:00:00Z,MOH-01,temperature_c,28.2
592,2026-08-25T16:00:00Z,MOH-01,pressure_hpa,1004.4
592,2026-08-25T16:00:00Z,MOH-01,humidity_pct,90
593,2026-08-25T17:00:00Z,MOH-01,temperature_c,27.8
593,2026-08-25T17:00:00Z,MOH-01,pressure_hpa,1004.1
593,2026-08-25T17:00:00Z,MOH-01,humidity_pct,93
594,2026-08-25T18:00:00Z,MOH-01,temperature_c,27.9
594,2026-08-25T18:00:00Z,MOH-01,pressure_hpa,1004.1
594,2026-08-25T18:00:00Z,MOH-01,humidity_pct,90
595,2026-08-25T19:00:00Z,MOH-01,temperature_c,27.2
595,2026-08-25T19:00:00Z,MOH-01,pressure_hpa,1004.0
595,2026-08-25T19:00:00Z,MOH-01,humidity_pct,93
596,2026-08-25T20:00:00Z,MOH-01,temperature_c,26.9
596,2026-08-25T20:00:00Z,MOH-01,pressure_hpa,1004.1
596,2026-08-25T20:00:00Z,MOH-01,humidity_pct,94
597,2026-08-25T21:00:00Z,MOH-01,temperature_c,26.6
597,2026-08-25T21:00:00Z,MOH-01,pressure_hpa,1004.1
597,2026-08-25T21:00:00Z,MOH-01,humidity_pct,95
598,2026-08-25T22:00:00Z,MOH-01,temperature_c,26.5
598,2026-08-25T22:00:00Z,MOH-01,pressure_hpa,1003.8
598,2026-08-25T22:00:00Z,MOH-01,humidity_pct,95
599,2026-08-25T23:00:00Z,MOH-01,temperature_c,26.4
599,2026-08-25T23:00:00Z,MOH-01,pressure_hpa,1003.8
599,2026-08-25T23:00:00Z,MOH-01,humidity_pct,96
600,2026-08-26T00:00:00Z,MOH-01,temperature_c,26.8
600,2026-08-26T00:00:00Z,MOH-01,pressure_hpa,1003.8
600,2026-08-26T00:00:00Z,MOH-01,humidity_pct,97
601,2026-08-26T01:00:00Z,MOH-01,temperature_c,26.7
601,2026-08-26T01:00:00Z,MOH-01,pressure_hpa,1004.1
601,2026-08-26T01:00:00Z,MOH-01,humidity_pct,97
602,2026-08-26T02:00:00Z,MOH-01,temperature_c,27.8
602,2026-08-26T02:00:00Z,MOH-01,pressure_hpa,1004.4
602,2026-08-26T02:00:00Z,MOH-01,humidity_pct,89
603,2026-08-26T03:00:00Z,MOH-01,temperature_c,29.2
603,2026-08-26T03:00:00Z,MOH-01,pressure_hpa,1004.5
603,2026-08-26T03:00:00Z,MOH-01,humidity_pct,81
604,2026-08-26T04:00:00Z,MOH-01,temperature_c,30.3
604,2026-08-26T04:00:00Z,MOH-01,pressure_hpa,1004.4
604,2026-08-26T04:00:00Z,MOH-01,humidity_pct,75
605,2026-08-26T05:00:00Z,MOH-01,temperature_c,31.2
605,2026-08-26T05:00:00Z,MOH-01,pressure_hpa,1004.5
605,2026-08-26T05:00:00Z,MOH-01,humidity_pct,72
606,2026-08-26T06:00:00Z,MOH-01,temperature_c,31.9
606,2026-08-26T06:00:00Z,MOH-01,pressure_hpa,1004.0
606,2026-08-26T06:00:00Z,MOH-01,humidity_pct,70
607,2026-08-26T07:00:00Z,MOH-01,temperature_c,32.5
607,2026-08-26T07:00:00Z,MOH-01,pressure_hpa,1003.5
607,2026-08-26T07:00:00Z,MOH-01,humidity_pct,67
608,2026-08-26T08:00:00Z,MOH-01,temperature_c,32.8
608,2026-08-26T08:00:00Z,MOH-01,pressure_hpa,1002.4
608,2026-08-26T08:00:00Z,MOH-01,humidity_pct,66
609,2026-08-26T09:00:00Z,MOH-01,temperature_c,33.0
609,2026-08-26T09:00:00Z,MOH-01,pressure_hpa,1001.5
609,2026-08-26T09:00:00Z,MOH-01,humidity_pct,65
610,2026-08-26T10:00:00Z,MOH-01,temperature_c,33.1
610,2026-08-26T10:00:00Z,MOH-01,pressure_hpa,1000.7
610,2026-08-26T10:00:00Z,MOH-01,humidity_pct,64
611,2026-08-26T11:00:00Z,MOH-01,temperature_c,32.7
611,2026-08-26T11:00:00Z,MOH-01,pressure_hpa,1000.2
611,2026-08-26T11:00:00Z,MOH-01,humidity_pct,65
612,2026-08-26T12:00:00Z,MOH-01,temperature_c,30.5
612,2026-08-26T12:00:00Z,MOH-01,pressure_hpa,1000.7
612,2026-08-26T12:00:00Z,MOH-01,humidity_pct,76
613,2026-08-26T13:00:00Z,MOH-01,temperature_c,29.7
613,2026-08-26T13:00:00Z,MOH-01,pressure_hpa,1000.9
613,2026-08-26T13:00:00Z,MOH-01,humidity_pct,81
614,2026-08-26T14:00:00Z,MOH-01,temperature_c,29.3
614,2026-08-26T14:00:00Z,MOH-01,pressure_hpa,1001.4
614,2026-08-26T14:00:00Z,MOH-01,humidity_pct,83
615,2026-08-26T15:00:00Z,MOH-01,temperature_c,29.0
615,2026-08-26T15:00:00Z,MOH-01,pressure_hpa,1001.5
615,2026-08-26T15:00:00Z,MOH-01,humidity_pct,84
616,2026-08-26T16:00:00Z,MOH-01,temperature_c,28.7
616,2026-08-26T16:00:00Z,MOH-01,pressure_hpa,1001.8
616,2026-08-26T16:00:00Z,MOH-01,humidity_pct,84
617,2026-08-26T17:00:00Z,MOH-01,temperature_c,28.4
617,2026-08-26T17:00:00Z,MOH-01,pressure_hpa,1002.0
617,2026-08-26T17:00:00Z,MOH-01,humidity_pct,86
618,2026-08-26T18:00:00Z,MOH-01,temperature_c,29.0
618,2026-08-26T18:00:00Z,MOH-01,pressure_hpa,1002.0
618,2026-08-26T18:00:00Z,MOH-01,humidity_pct,87
619,2026-08-26T19:00:00Z,MOH-01,temperature_c,28.4
619,2026-08-26T19:00:00Z,MOH-01,pressure_hpa,1001.9
619,2026-08-26T19:00:00Z,MOH-01,humidity_pct,90
620,2026-08-26T20:00:00Z,MOH-01,temperature_c,28.1
620,2026-08-26T20:00:00Z,MOH-01,pressure_hpa,1001.7
620,2026-08-26T20:00:00Z,MOH-01,humidity_pct,91
621,2026-08-26T21:00:00Z,MOH-01,temperature_c,27.8
621,2026-08-26T21:00:00Z,MOH-01,pressure_hpa,1001.6
621,2026-08-26T21:00:00Z,MOH-01,humidity_pct,92
622,2026-08-26T22:00:00Z,MOH-01,temperature_c,27.7
622,2026-08-26T22:00:00Z,MOH-01,pressure_hpa,1001.5
622,2026-08-26T22:00:00Z,MOH-01,humidity_pct,92
623,2026-08-26T23:00:00Z,MOH-01,temperature_c,27.4
623,2026-08-26T23:00:00Z,MOH-01,pressure_hpa,1001.6
623,2026-08-26T23:00:00Z,MOH-01,humidity_pct,93
624,2026-08-27T00:00:00Z,MOH-01,temperature_c,27.8
624,2026-08-27T00:00:00Z,MOH-01,pressure_hpa,1001.7
624,2026-08-27T00:00:00Z,MOH-01,humidity_pct,83
625,2026-08-27T01:00:00Z,MOH-01,temperature_c,27.6
625,2026-08-27T01:00:00Z,MOH-01,pressure_hpa,1002.0
625,2026-08-27T01:00:00Z,MOH-01,humidity_pct,84
626,2026-08-27T02:00:00Z,MOH-01,temperature_c,28.6
626,2026-08-27T02:00:00Z,MOH-01,pressure_hpa,1002.2
626,2026-08-27T02:00:00Z,MOH-01,humidity_pct,83
627,2026-08-27T03:00:00Z,MOH-01,temperature_c,30.4
627,2026-08-27T03:00:00Z,MOH-01,pressure_hpa,1002.4
627,2026-08-27T03:00:00Z,MOH-01,humidity_pct,74
628,2026-08-27T04:00:00Z,MOH-01,temperature_c,31.7
628,2026-08-27T04:00:00Z,MOH-01,pressure_hpa,1002.6
628,2026-08-27T04:00:00Z,MOH-01,humidity_pct,67
629,2026-08-27T05:00:00Z,MOH-01,temperature_c,32.6
629,2026-08-27T05:00:00Z,MOH-01,pressure_hpa,1002.5
629,2026-08-27T05:00:00Z,MOH-01,humidity_pct,64
630,2026-08-27T06:00:00Z,MOH-01,temperature_c,33.2
630,2026-08-27T06:00:00Z,MOH-01,pressure_hpa,1002.1
630,2026-08-27T06:00:00Z,MOH-01,humidity_pct,60
631,2026-08-27T07:00:00Z,MOH-01,temperature_c,33.9
631,2026-08-27T07:00:00Z,MOH-01,pressure_hpa,1001.6
631,2026-08-27T07:00:00Z,MOH-01,humidity_pct,57
632,2026-08-27T08:00:00Z,MOH-01,temperature_c,34.2
632,2026-08-27T08:00:00Z,MOH-01,pressure_hpa,1000.7
632,2026-08-27T08:00:00Z,MOH-01,humidity_pct,53
633,2026-08-27T09:00:00Z,MOH-01,temperature_c,34.0
633,2026-08-27T09:00:00Z,MOH-01,pressure_hpa,1000.2
633,2026-08-27T09:00:00Z,MOH-01,humidity_pct,53
634,2026-08-27T10:00:00Z,MOH-01,temperature_c,32.5
634,2026-08-27T10:00:00Z,MOH-01,pressure_hpa,999.8
634,2026-08-27T10:00:00Z,MOH-01,humidity_pct,62
635,2026-08-27T11:00:00Z,MOH-01,temperature_c,32.3
635,2026-08-27T11:00:00Z,MOH-01,pressure_hpa,999.8
635,2026-08-27T11:00:00Z,MOH-01,humidity_pct,68
636,2026-08-27T12:00:00Z,MOH-01,temperature_c,32.5
636,2026-08-27T12:00:00Z,MOH-01,pressure_hpa,999.6
636,2026-08-27T12:00:00Z,MOH-01,humidity_pct,71
637,2026-08-27T13:00:00Z,MOH-01,temperature_c,29.6
637,2026-08-27T13:00:00Z,MOH-01,pressure_hpa,1000.3
637,2026-08-27T13:00:00Z,MOH-01,humidity_pct,81
638,2026-08-27T14:00:00Z,MOH-01,temperature_c,26.9
638,2026-08-27T14:00:00Z,MOH-01,pressure_hpa,1001.0
638,2026-08-27T14:00:00Z,MOH-01,humidity_pct,93
639,2026-08-27T15:00:00Z,MOH-01,temperature_c,26.6
639,2026-08-27T15:00:00Z,MOH-01,pressure_hpa,1001.6
639,2026-08-27T15:00:00Z,MOH-01,humidity_pct,93
640,2026-08-27T16:00:00Z,MOH-01,temperature_c,27.0
640,2026-08-27T16:00:00Z,MOH-01,pressure_hpa,1001.7
640,2026-08-27T16:00:00Z,MOH-01,humidity_pct,93
641,2026-08-27T17:00:00Z,MOH-01,temperature_c,26.9
641,2026-08-27T17:00:00Z,MOH-01,pressure_hpa,1001.8
641,2026-08-27T17:00:00Z,MOH-01,humidity_pct,96
642,2026-08-27T18:00:00Z,MOH-01,temperature_c,27.1
642,2026-08-27T18:00:00Z,MOH-01,pressure_hpa,1001.9
642,2026-08-27T18:00:00Z,MOH-01,humidity_pct,96
643,2026-08-27T19:00:00Z,MOH-01,temperature_c,26.5
643,2026-08-27T19:00:00Z,MOH-01,pressure_hpa,1001.9
643,2026-08-27T19:00:00Z,MOH-01,humidity_pct,97
644,2026-08-27T20:00:00Z,MOH-01,temperature_c,26.0
644,2026-08-27T20:00:00Z,MOH-01,pressure_hpa,1001.9
644,2026-08-27T20:00:00Z,MOH-01,humidity_pct,98
645,2026-08-27T21:00:00Z,MOH-01,temperature_c,25.7
645,2026-08-27T21:00:00Z,MOH-01,pressure_hpa,1001.8
645,2026-08-27T21:00:00Z,MOH-01,humidity_pct,98
646,2026-08-27T22:00:00Z,MOH-01,temperature_c,25.6
646,2026-08-27T22:00:00Z,MOH-01,pressure_hpa,1001.6
646,2026-08-27T22:00:00Z,MOH-01,humidity_pct,98
647,2026-08-27T23:00:00Z,MOH-01,temperature_c,25.6
647,2026-08-27T23:00:00Z,MOH-01,pressure_hpa,1001.6
647,2026-08-27T23:00:00Z,MOH-01,humidity_pct,98
648,2026-08-28T00:00:00Z,MOH-01,temperature_c,26.3
648,2026-08-28T00:00:00Z,MOH-01,pressure_hpa,1002.2
648,2026-08-28T00:00:00Z,MOH-01,humidity_pct,97
649,2026-08-28T01:00:00Z,MOH-01,temperature_c,26.3
649,2026-08-28T01:00:00Z,MOH-01,pressure_hpa,1002.6
649,2026-08-28T01:00:00Z,MOH-01,humidity_pct,97
650,2026-08-28T02:00:00Z,MOH-01,temperature_c,27.0
650,2026-08-28T02:00:00Z,MOH-01,pressure_hpa,1003.3
650,2026-08-28T02:00:00Z,MOH-01,humidity_pct,93
651,2026-08-28T03:00:00Z,MOH-01,temperature_c,27.9
651,2026-08-28T03:00:00Z,MOH-01,pressure_hpa,1002.8
651,2026-08-28T03:00:00Z,MOH-01,humidity_pct,87
652,2026-08-28T04:00:00Z,MOH-01,temperature_c,29.7
652,2026-08-28T04:00:00Z,MOH-01,pressure_hpa,1002.8
652,2026-08-28T04:00:00Z,MOH-01,humidity_pct,78
653,2026-08-28T05:00:00Z,MOH-01,temperature_c,31.2
653,2026-08-28T05:00:00Z,MOH-01,pressure_hpa,1002.6
653,2026-08-28T05:00:00Z,MOH-01,humidity_pct,70
654,2026-08-28T06:00:00Z,MOH-01,temperature_c,32.3
654,2026-08-28T06:00:00Z,MOH-01,pressure_hpa,1002.5
654,2026-08-28T06:00:00Z,MOH-01,humidity_pct,63
655,2026-08-28T07:00:00Z,MOH-01,temperature_c,33.0
655,2026-08-28T07:00:00Z,MOH-01,pressure_hpa,1001.9
655,2026-08-28T07:00:00Z,MOH-01,humidity_pct,60
656,2026-08-28T08:00:00Z,MOH-01,temperature_c,33.6
656,2026-08-28T08:00:00Z,MOH-01,pressure_hpa,1001.0
656,2026-08-28T08:00:00Z,MOH-01,humidity_pct,57
657,2026-08-28T09:00:00Z,MOH-01,temperature_c,34.0
657,2026-08-28T09:00:00Z,MOH-01,pressure_hpa,1000.2
657,2026-08-28T09:00:00Z,MOH-01,humidity_pct,55
658,2026-08-28T10:00:00Z,MOH-01,temperature_c,33.8
658,2026-08-28T10:00:00Z,MOH-01,pressure_hpa,999.6
658,2026-08-28T10:00:00Z,MOH-01,humidity_pct,55
659,2026-08-28T11:00:00Z,MOH-01,temperature_c,33.5
659,2026-08-28T11:00:00Z,MOH-01,pressure_hpa,999.1
659,2026-08-28T11:00:00Z,MOH-01,humidity_pct,57
660,2026-08-28T12:00:00Z,MOH-01,temperature_c,32.0
660,2026-08-28T12:00:00Z,MOH-01,pressure_hpa,999.0
660,2026-08-28T12:00:00Z,MOH-01,humidity_pct,66
661,2026-08-28T13:00:00Z,MOH-01,temperature_c,31.1
661,2026-08-28T13:00:00Z,MOH-01,pressure_hpa,999.3
661,2026-08-28T13:00:00Z,MOH-01,humidity_pct,73
662,2026-08-28T14:00:00Z,MOH-01,temperature_c,30.4
662,2026-08-28T14:00:00Z,MOH-01,pressure_hpa,999.7
662,2026-08-28T14:00:00Z,MOH-01,humidity_pct,75
663,2026-08-28T15:00:00Z,MOH-01,temperature_c,29.9
663,2026-08-28T15:00:00Z,MOH-01,pressure_hpa,1000.7
663,2026-08-28T15:00:00Z,MOH-01,humidity_pct,78
664,2026-08-28T16:00:00Z,MOH-01,temperature_c,29.2
664,2026-08-28T16:00:00Z,MOH-01,pressure_hpa,1001.3
664,2026-08-28T16:00:00Z,MOH-01,humidity_pct,82
665,2026-08-28T17:00:00Z,MOH-01,temperature_c,28.8
665,2026-08-28T17:00:00Z,MOH-01,pressure_hpa,1001.7
665,2026-08-28T17:00:00Z,MOH-01,humidity_pct,84
666,2026-08-28T18:00:00Z,MOH-01,temperature_c,29.1
666,2026-08-28T18:00:00Z,MOH-01,pressure_hpa,1001.6
666,2026-08-28T18:00:00Z,MOH-01,humidity_pct,86
667,2026-08-28T19:00:00Z,MOH-01,temperature_c,28.4
667,2026-08-28T19:00:00Z,MOH-01,pressure_hpa,1001.3
667,2026-08-28T19:00:00Z,MOH-01,humidity_pct,89
668,2026-08-28T20:00:00Z,MOH-01,temperature_c,28.1
668,2026-08-28T20:00:00Z,MOH-01,pressure_hpa,1001.0
668,2026-08-28T20:00:00Z,MOH-01,humidity_pct,90
669,2026-08-28T21:00:00Z,MOH-01,temperature_c,27.9
669,2026-08-28T21:00:00Z,MOH-01,pressure_hpa,1000.6
669,2026-08-28T21:00:00Z,MOH-01,humidity_pct,91
670,2026-08-28T22:00:00Z,MOH-01,temperature_c,27.7
670,2026-08-28T22:00:00Z,MOH-01,pressure_hpa,1000.4
670,2026-08-28T22:00:00Z,MOH-01,humidity_pct,91
671,2026-08-28T23:00:00Z,MOH-01,temperature_c,27.5
671,2026-08-28T23:00:00Z,MOH-01,pressure_hpa,1000.6
671,2026-08-28T23:00:00Z,MOH-01,humidity_pct,91
0,2026-08-01T00:00:00Z,PKL-01,temperature_c,26.4
0,2026-08-01T00:00:00Z,PKL-01,pressure_hpa,1000.5
0,2026-08-01T00:00:00Z,PKL-01,humidity_pct,88
1,2026-08-01T01:00:00Z,PKL-01,temperature_c,26.9
1,2026-08-01T01:00:00Z,PKL-01,pressure_hpa,1000.7
1,2026-08-01T01:00:00Z,PKL-01,humidity_pct,89
2,2026-08-01T02:00:00Z,PKL-01,temperature_c,28.1
2,2026-08-01T02:00:00Z,PKL-01,pressure_hpa,1001.4
2,2026-08-01T02:00:00Z,PKL-01,humidity_pct,88
3,2026-08-01T03:00:00Z,PKL-01,temperature_c,29.0
3,2026-08-01T03:00:00Z,PKL-01,pressure_hpa,1002.0
3,2026-08-01T03:00:00Z,PKL-01,humidity_pct,76
4,2026-08-01T04:00:00Z,PKL-01,temperature_c,30.0
4,2026-08-01T04:00:00Z,PKL-01,pressure_hpa,1001.5
4,2026-08-01T04:00:00Z,PKL-01,humidity_pct,72
5,2026-08-01T05:00:00Z,PKL-01,temperature_c,31.4
5,2026-08-01T05:00:00Z,PKL-01,pressure_hpa,1001.2
5,2026-08-01T05:00:00Z,PKL-01,humidity_pct,65
6,2026-08-01T06:00:00Z,PKL-01,temperature_c,31.8
6,2026-08-01T06:00:00Z,PKL-01,pressure_hpa,1001.1
6,2026-08-01T06:00:00Z,PKL-01,humidity_pct,64
7,2026-08-01T07:00:00Z,PKL-01,temperature_c,32.5
7,2026-08-01T07:00:00Z,PKL-01,pressure_hpa,1000.2
7,2026-08-01T07:00:00Z,PKL-01,humidity_pct,62
8,2026-08-01T08:00:00Z,PKL-01,temperature_c,32.9
8,2026-08-01T08:00:00Z,PKL-01,pressure_hpa,999.6
8,2026-08-01T08:00:00Z,PKL-01,humidity_pct,62
9,2026-08-01T09:00:00Z,PKL-01,temperature_c,32.4
9,2026-08-01T09:00:00Z,PKL-01,pressure_hpa,998.7
9,2026-08-01T09:00:00Z,PKL-01,humidity_pct,63
10,2026-08-01T10:00:00Z,PKL-01,temperature_c,32.0
10,2026-08-01T10:00:00Z,PKL-01,pressure_hpa,998.4
10,2026-08-01T10:00:00Z,PKL-01,humidity_pct,68
11,2026-08-01T11:00:00Z,PKL-01,temperature_c,32.1
11,2026-08-01T11:00:00Z,PKL-01,pressure_hpa,997.8
11,2026-08-01T11:00:00Z,PKL-01,humidity_pct,67
12,2026-08-01T12:00:00Z,PKL-01,temperature_c,31.8
12,2026-08-01T12:00:00Z,PKL-01,pressure_hpa,998.0
12,2026-08-01T12:00:00Z,PKL-01,humidity_pct,72
13,2026-08-01T13:00:00Z,PKL-01,temperature_c,31.1
13,2026-08-01T13:00:00Z,PKL-01,pressure_hpa,998.5
13,2026-08-01T13:00:00Z,PKL-01,humidity_pct,78
14,2026-08-01T14:00:00Z,PKL-01,temperature_c,30.0
14,2026-08-01T14:00:00Z,PKL-01,pressure_hpa,999.2
14,2026-08-01T14:00:00Z,PKL-01,humidity_pct,85
15,2026-08-01T15:00:00Z,PKL-01,temperature_c,29.4
15,2026-08-01T15:00:00Z,PKL-01,pressure_hpa,999.3
15,2026-08-01T15:00:00Z,PKL-01,humidity_pct,87
16,2026-08-01T16:00:00Z,PKL-01,temperature_c,28.8
16,2026-08-01T16:00:00Z,PKL-01,pressure_hpa,1000.1
16,2026-08-01T16:00:00Z,PKL-01,humidity_pct,89
17,2026-08-01T17:00:00Z,PKL-01,temperature_c,28.5
17,2026-08-01T17:00:00Z,PKL-01,pressure_hpa,1000.8
17,2026-08-01T17:00:00Z,PKL-01,humidity_pct,88
18,2026-08-01T18:00:00Z,PKL-01,temperature_c,29.1
18,2026-08-01T18:00:00Z,PKL-01,pressure_hpa,1000.4
18,2026-08-01T18:00:00Z,PKL-01,humidity_pct,83
19,2026-08-01T19:00:00Z,PKL-01,temperature_c,28.6
19,2026-08-01T19:00:00Z,PKL-01,pressure_hpa,1000.3
19,2026-08-01T19:00:00Z,PKL-01,humidity_pct,84
20,2026-08-01T20:00:00Z,PKL-01,temperature_c,28.2
20,2026-08-01T20:00:00Z,PKL-01,pressure_hpa,1000.7
20,2026-08-01T20:00:00Z,PKL-01,humidity_pct,86
21,2026-08-01T21:00:00Z,PKL-01,temperature_c,28.2
21,2026-08-01T21:00:00Z,PKL-01,pressure_hpa,1000.8
21,2026-08-01T21:00:00Z,PKL-01,humidity_pct,84
22,2026-08-01T22:00:00Z,PKL-01,temperature_c,27.6
22,2026-08-01T22:00:00Z,PKL-01,pressure_hpa,1000.3
22,2026-08-01T22:00:00Z,PKL-01,humidity_pct,87
23,2026-08-01T23:00:00Z,PKL-01,temperature_c,27.7
23,2026-08-01T23:00:00Z,PKL-01,pressure_hpa,1001.0
23,2026-08-01T23:00:00Z,PKL-01,humidity_pct,83
24,2026-08-02T00:00:00Z,PKL-01,temperature_c,27.6
24,2026-08-02T00:00:00Z,PKL-01,pressure_hpa,1001.1
24,2026-08-02T00:00:00Z,PKL-01,humidity_pct,87
25,2026-08-02T01:00:00Z,PKL-01,temperature_c,27.9
25,2026-08-02T01:00:00Z,PKL-01,pressure_hpa,1001.6
25,2026-08-02T01:00:00Z,PKL-01,humidity_pct,86
26,2026-08-02T02:00:00Z,PKL-01,temperature_c,29.1
26,2026-08-02T02:00:00Z,PKL-01,pressure_hpa,1001.1
26,2026-08-02T02:00:00Z,PKL-01,humidity_pct,81
27,2026-08-02T03:00:00Z,PKL-01,temperature_c,30.2
27,2026-08-02T03:00:00Z,PKL-01,pressure_hpa,1001.8
27,2026-08-02T03:00:00Z,PKL-01,humidity_pct,76
28,2026-08-02T04:00:00Z,PKL-01,temperature_c,31.1
28,2026-08-02T04:00:00Z,PKL-01,pressure_hpa,1001.9
28,2026-08-02T04:00:00Z,PKL-01,humidity_pct,71
29,2026-08-02T05:00:00Z,PKL-01,temperature_c,31.7
29,2026-08-02T05:00:00Z,PKL-01,pressure_hpa,1001.6
29,2026-08-02T05:00:00Z,PKL-01,humidity_pct,69
30,2026-08-02T06:00:00Z,PKL-01,temperature_c,31.0
30,2026-08-02T06:00:00Z,PKL-01,pressure_hpa,1001.6
30,2026-08-02T06:00:00Z,PKL-01,humidity_pct,72
31,2026-08-02T07:00:00Z,PKL-01,temperature_c,31.4
31,2026-08-02T07:00:00Z,PKL-01,pressure_hpa,1001.1
31,2026-08-02T07:00:00Z,PKL-01,humidity_pct,71
32,2026-08-02T08:00:00Z,PKL-01,temperature_c,32.4
32,2026-08-02T08:00:00Z,PKL-01,pressure_hpa,1000.7
32,2026-08-02T08:00:00Z,PKL-01,humidity_pct,67
33,2026-08-02T09:00:00Z,PKL-01,temperature_c,32.7
33,2026-08-02T09:00:00Z,PKL-01,pressure_hpa,999.6
33,2026-08-02T09:00:00Z,PKL-01,humidity_pct,65
34,2026-08-02T10:00:00Z,PKL-01,temperature_c,33.2
34,2026-08-02T10:00:00Z,PKL-01,pressure_hpa,998.9
34,2026-08-02T10:00:00Z,PKL-01,humidity_pct,63
35,2026-08-02T11:00:00Z,PKL-01,temperature_c,33.2
35,2026-08-02T11:00:00Z,PKL-01,pressure_hpa,998.4
35,2026-08-02T11:00:00Z,PKL-01,humidity_pct,63
36,2026-08-02T12:00:00Z,PKL-01,temperature_c,32.8
36,2026-08-02T12:00:00Z,PKL-01,pressure_hpa,998.2
36,2026-08-02T12:00:00Z,PKL-01,humidity_pct,63
37,2026-08-02T13:00:00Z,PKL-01,temperature_c,32.3
37,2026-08-02T13:00:00Z,PKL-01,pressure_hpa,999.1
37,2026-08-02T13:00:00Z,PKL-01,humidity_pct,70
38,2026-08-02T14:00:00Z,PKL-01,temperature_c,30.7
38,2026-08-02T14:00:00Z,PKL-01,pressure_hpa,1000.0
38,2026-08-02T14:00:00Z,PKL-01,humidity_pct,77
39,2026-08-02T15:00:00Z,PKL-01,temperature_c,29.7
39,2026-08-02T15:00:00Z,PKL-01,pressure_hpa,1000.9
39,2026-08-02T15:00:00Z,PKL-01,humidity_pct,82
40,2026-08-02T16:00:00Z,PKL-01,temperature_c,28.4
40,2026-08-02T16:00:00Z,PKL-01,pressure_hpa,1002.0
40,2026-08-02T16:00:00Z,PKL-01,humidity_pct,83
41,2026-08-02T17:00:00Z,PKL-01,temperature_c,27.9
41,2026-08-02T17:00:00Z,PKL-01,pressure_hpa,1002.1
41,2026-08-02T17:00:00Z,PKL-01,humidity_pct,84
42,2026-08-02T18:00:00Z,PKL-01,temperature_c,27.6
42,2026-08-02T18:00:00Z,PKL-01,pressure_hpa,1001.8
42,2026-08-02T18:00:00Z,PKL-01,humidity_pct,87
43,2026-08-02T19:00:00Z,PKL-01,temperature_c,27.8
43,2026-08-02T19:00:00Z,PKL-01,pressure_hpa,1001.3
43,2026-08-02T19:00:00Z,PKL-01,humidity_pct,87
44,2026-08-02T20:00:00Z,PKL-01,temperature_c,27.9
44,2026-08-02T20:00:00Z,PKL-01,pressure_hpa,1000.9
44,2026-08-02T20:00:00Z,PKL-01,humidity_pct,85
45,2026-08-02T21:00:00Z,PKL-01,temperature_c,27.9
45,2026-08-02T21:00:00Z,PKL-01,pressure_hpa,1001.0
45,2026-08-02T21:00:00Z,PKL-01,humidity_pct,82
46,2026-08-02T22:00:00Z,PKL-01,temperature_c,27.4
46,2026-08-02T22:00:00Z,PKL-01,pressure_hpa,1000.5
46,2026-08-02T22:00:00Z,PKL-01,humidity_pct,82
47,2026-08-02T23:00:00Z,PKL-01,temperature_c,26.9
47,2026-08-02T23:00:00Z,PKL-01,pressure_hpa,1000.6
47,2026-08-02T23:00:00Z,PKL-01,humidity_pct,86
48,2026-08-03T00:00:00Z,PKL-01,temperature_c,28.5
48,2026-08-03T00:00:00Z,PKL-01,pressure_hpa,1000.7
48,2026-08-03T00:00:00Z,PKL-01,humidity_pct,81
49,2026-08-03T01:00:00Z,PKL-01,temperature_c,28.1
49,2026-08-03T01:00:00Z,PKL-01,pressure_hpa,1000.5
49,2026-08-03T01:00:00Z,PKL-01,humidity_pct,84
50,2026-08-03T02:00:00Z,PKL-01,temperature_c,28.8
50,2026-08-03T02:00:00Z,PKL-01,pressure_hpa,1001.3
50,2026-08-03T02:00:00Z,PKL-01,humidity_pct,83
51,2026-08-03T03:00:00Z,PKL-01,temperature_c,29.5
51,2026-08-03T03:00:00Z,PKL-01,pressure_hpa,1001.9
51,2026-08-03T03:00:00Z,PKL-01,humidity_pct,78
52,2026-08-03T04:00:00Z,PKL-01,temperature_c,30.0
52,2026-08-03T04:00:00Z,PKL-01,pressure_hpa,1001.8
52,2026-08-03T04:00:00Z,PKL-01,humidity_pct,75
53,2026-08-03T05:00:00Z,PKL-01,temperature_c,30.0
53,2026-08-03T05:00:00Z,PKL-01,pressure_hpa,1002.3
53,2026-08-03T05:00:00Z,PKL-01,humidity_pct,74
54,2026-08-03T06:00:00Z,PKL-01,temperature_c,31.6
54,2026-08-03T06:00:00Z,PKL-01,pressure_hpa,1002.1
54,2026-08-03T06:00:00Z,PKL-01,humidity_pct,70
55,2026-08-03T07:00:00Z,PKL-01,temperature_c,32.0
55,2026-08-03T07:00:00Z,PKL-01,pressure_hpa,1001.9
55,2026-08-03T07:00:00Z,PKL-01,humidity_pct,68
56,2026-08-03T08:00:00Z,PKL-01,temperature_c,32.7
56,2026-08-03T08:00:00Z,PKL-01,pressure_hpa,1001.0
56,2026-08-03T08:00:00Z,PKL-01,humidity_pct,65
57,2026-08-03T09:00:00Z,PKL-01,temperature_c,33.0
57,2026-08-03T09:00:00Z,PKL-01,pressure_hpa,1000.5
57,2026-08-03T09:00:00Z,PKL-01,humidity_pct,64
58,2026-08-03T10:00:00Z,PKL-01,temperature_c,32.7
58,2026-08-03T10:00:00Z,PKL-01,pressure_hpa,999.8
58,2026-08-03T10:00:00Z,PKL-01,humidity_pct,66
59,2026-08-03T11:00:00Z,PKL-01,temperature_c,32.4
59,2026-08-03T11:00:00Z,PKL-01,pressure_hpa,999.3
59,2026-08-03T11:00:00Z,PKL-01,humidity_pct,65
60,2026-08-03T12:00:00Z,PKL-01,temperature_c,32.1
60,2026-08-03T12:00:00Z,PKL-01,pressure_hpa,999.0
60,2026-08-03T12:00:00Z,PKL-01,humidity_pct,68
61,2026-08-03T13:00:00Z,PKL-01,temperature_c,30.6
61,2026-08-03T13:00:00Z,PKL-01,pressure_hpa,1000.0
61,2026-08-03T13:00:00Z,PKL-01,humidity_pct,80
62,2026-08-03T14:00:00Z,PKL-01,temperature_c,28.1
62,2026-08-03T14:00:00Z,PKL-01,pressure_hpa,1000.8
62,2026-08-03T14:00:00Z,PKL-01,humidity_pct,95
63,2026-08-03T15:00:00Z,PKL-01,temperature_c,28.2
63,2026-08-03T15:00:00Z,PKL-01,pressure_hpa,1001.4
63,2026-08-03T15:00:00Z,PKL-01,humidity_pct,92
64,2026-08-03T16:00:00Z,PKL-01,temperature_c,28.0
64,2026-08-03T16:00:00Z,PKL-01,pressure_hpa,1002.6
64,2026-08-03T16:00:00Z,PKL-01,humidity_pct,92
65,2026-08-03T17:00:00Z,PKL-01,temperature_c,27.9
65,2026-08-03T17:00:00Z,PKL-01,pressure_hpa,1002.1
65,2026-08-03T17:00:00Z,PKL-01,humidity_pct,91
66,2026-08-03T18:00:00Z,PKL-01,temperature_c,27.8
66,2026-08-03T18:00:00Z,PKL-01,pressure_hpa,1002.2
66,2026-08-03T18:00:00Z,PKL-01,humidity_pct,93
67,2026-08-03T19:00:00Z,PKL-01,temperature_c,27.6
67,2026-08-03T19:00:00Z,PKL-01,pressure_hpa,1001.9
67,2026-08-03T19:00:00Z,PKL-01,humidity_pct,90
68,2026-08-03T20:00:00Z,PKL-01,temperature_c,27.7
68,2026-08-03T20:00:00Z,PKL-01,pressure_hpa,1001.7
68,2026-08-03T20:00:00Z,PKL-01,humidity_pct,87
69,2026-08-03T21:00:00Z,PKL-01,temperature_c,27.5
69,2026-08-03T21:00:00Z,PKL-01,pressure_hpa,1001.7
69,2026-08-03T21:00:00Z,PKL-01,humidity_pct,86
70,2026-08-03T22:00:00Z,PKL-01,temperature_c,27.5
70,2026-08-03T22:00:00Z,PKL-01,pressure_hpa,1002.1
70,2026-08-03T22:00:00Z,PKL-01,humidity_pct,86
71,2026-08-03T23:00:00Z,PKL-01,temperature_c,27.1
71,2026-08-03T23:00:00Z,PKL-01,pressure_hpa,1002.2
71,2026-08-03T23:00:00Z,PKL-01,humidity_pct,88
72,2026-08-04T00:00:00Z,PKL-01,temperature_c,26.3
72,2026-08-04T00:00:00Z,PKL-01,pressure_hpa,1001.4
72,2026-08-04T00:00:00Z,PKL-01,humidity_pct,94
73,2026-08-04T01:00:00Z,PKL-01,temperature_c,26.5
73,2026-08-04T01:00:00Z,PKL-01,pressure_hpa,1002.2
73,2026-08-04T01:00:00Z,PKL-01,humidity_pct,95
74,2026-08-04T02:00:00Z,PKL-01,temperature_c,25.9
74,2026-08-04T02:00:00Z,PKL-01,pressure_hpa,1003.2
74,2026-08-04T02:00:00Z,PKL-01,humidity_pct,94
75,2026-08-04T03:00:00Z,PKL-01,temperature_c,26.5
75,2026-08-04T03:00:00Z,PKL-01,pressure_hpa,1003.4
75,2026-08-04T03:00:00Z,PKL-01,humidity_pct,92
76,2026-08-04T04:00:00Z,PKL-01,temperature_c,27.9
76,2026-08-04T04:00:00Z,PKL-01,pressure_hpa,1004.1
76,2026-08-04T04:00:00Z,PKL-01,humidity_pct,86
77,2026-08-04T05:00:00Z,PKL-01,temperature_c,27.8
77,2026-08-04T05:00:00Z,PKL-01,pressure_hpa,1004.0
77,2026-08-04T05:00:00Z,PKL-01,humidity_pct,86
78,2026-08-04T06:00:00Z,PKL-01,temperature_c,26.5
78,2026-08-04T06:00:00Z,PKL-01,pressure_hpa,1004.3
78,2026-08-04T06:00:00Z,PKL-01,humidity_pct,94
79,2026-08-04T07:00:00Z,PKL-01,temperature_c,28.0
79,2026-08-04T07:00:00Z,PKL-01,pressure_hpa,1004.1
79,2026-08-04T07:00:00Z,PKL-01,humidity_pct,87
80,2026-08-04T08:00:00Z,PKL-01,temperature_c,28.0
80,2026-08-04T08:00:00Z,PKL-01,pressure_hpa,1003.6
80,2026-08-04T08:00:00Z,PKL-01,humidity_pct,86
81,2026-08-04T09:00:00Z,PKL-01,temperature_c,28.3
81,2026-08-04T09:00:00Z,PKL-01,pressure_hpa,1002.3
81,2026-08-04T09:00:00Z,PKL-01,humidity_pct,86
82,2026-08-04T10:00:00Z,PKL-01,temperature_c,29.7
82,2026-08-04T10:00:00Z,PKL-01,pressure_hpa,1001.2
82,2026-08-04T10:00:00Z,PKL-01,humidity_pct,80
83,2026-08-04T11:00:00Z,PKL-01,temperature_c,30.1
83,2026-08-04T11:00:00Z,PKL-01,pressure_hpa,1000.3
83,2026-08-04T11:00:00Z,PKL-01,humidity_pct,77
84,2026-08-04T12:00:00Z,PKL-01,temperature_c,30.1
84,2026-08-04T12:00:00Z,PKL-01,pressure_hpa,1000.2
84,2026-08-04T12:00:00Z,PKL-01,humidity_pct,69
85,2026-08-04T13:00:00Z,PKL-01,temperature_c,28.2
85,2026-08-04T13:00:00Z,PKL-01,pressure_hpa,1000.8
85,2026-08-04T13:00:00Z,PKL-01,humidity_pct,84
86,2026-08-04T14:00:00Z,PKL-01,temperature_c,27.6
86,2026-08-04T14:00:00Z,PKL-01,pressure_hpa,1001.3
86,2026-08-04T14:00:00Z,PKL-01,humidity_pct,88
87,2026-08-04T15:00:00Z,PKL-01,temperature_c,27.4
87,2026-08-04T15:00:00Z,PKL-01,pressure_hpa,1001.9
87,2026-08-04T15:00:00Z,PKL-01,humidity_pct,89
88,2026-08-04T16:00:00Z,PKL-01,temperature_c,27.1
88,2026-08-04T16:00:00Z,PKL-01,pressure_hpa,1002.3
88,2026-08-04T16:00:00Z,PKL-01,humidity_pct,88
89,2026-08-04T17:00:00Z,PKL-01,temperature_c,26.7
89,2026-08-04T17:00:00Z,PKL-01,pressure_hpa,1002.5
89,2026-08-04T17:00:00Z,PKL-01,humidity_pct,90
90,2026-08-04T18:00:00Z,PKL-01,temperature_c,26.7
90,2026-08-04T18:00:00Z,PKL-01,pressure_hpa,1001.8
90,2026-08-04T18:00:00Z,PKL-01,humidity_pct,94
91,2026-08-04T19:00:00Z,PKL-01,temperature_c,26.3
91,2026-08-04T19:00:00Z,PKL-01,pressure_hpa,1001.4
91,2026-08-04T19:00:00Z,PKL-01,humidity_pct,94
92,2026-08-04T20:00:00Z,PKL-01,temperature_c,26.2
92,2026-08-04T20:00:00Z,PKL-01,pressure_hpa,1001.1
92,2026-08-04T20:00:00Z,PKL-01,humidity_pct,94
93,2026-08-04T21:00:00Z,PKL-01,temperature_c,25.9
93,2026-08-04T21:00:00Z,PKL-01,pressure_hpa,1000.8
93,2026-08-04T21:00:00Z,PKL-01,humidity_pct,95
94,2026-08-04T22:00:00Z,PKL-01,temperature_c,25.6
94,2026-08-04T22:00:00Z,PKL-01,pressure_hpa,1000.7
94,2026-08-04T22:00:00Z,PKL-01,humidity_pct,96
95,2026-08-04T23:00:00Z,PKL-01,temperature_c,25.4
95,2026-08-04T23:00:00Z,PKL-01,pressure_hpa,1000.9
95,2026-08-04T23:00:00Z,PKL-01,humidity_pct,98
96,2026-08-05T00:00:00Z,PKL-01,temperature_c,26.6
96,2026-08-05T00:00:00Z,PKL-01,pressure_hpa,1000.3
96,2026-08-05T00:00:00Z,PKL-01,humidity_pct,95
97,2026-08-05T01:00:00Z,PKL-01,temperature_c,26.6
97,2026-08-05T01:00:00Z,PKL-01,pressure_hpa,1000.6
97,2026-08-05T01:00:00Z,PKL-01,humidity_pct,91
98,2026-08-05T02:00:00Z,PKL-01,temperature_c,27.2
98,2026-08-05T02:00:00Z,PKL-01,pressure_hpa,1000.8
98,2026-08-05T02:00:00Z,PKL-01,humidity_pct,89
99,2026-08-05T03:00:00Z,PKL-01,temperature_c,27.9
99,2026-08-05T03:00:00Z,PKL-01,pressure_hpa,1000.6
99,2026-08-05T03:00:00Z,PKL-01,humidity_pct,86
100,2026-08-05T04:00:00Z,PKL-01,temperature_c,28.7
100,2026-08-05T04:00:00Z,PKL-01,pressure_hpa,1000.6
100,2026-08-05T04:00:00Z,PKL-01,humidity_pct,80
101,2026-08-05T05:00:00Z,PKL-01,temperature_c,29.2
101,2026-08-05T05:00:00Z,PKL-01,pressure_hpa,1000.7
101,2026-08-05T05:00:00Z,PKL-01,humidity_pct,77
102,2026-08-05T06:00:00Z,PKL-01,temperature_c,29.9
102,2026-08-05T06:00:00Z,PKL-01,pressure_hpa,1000.6
102,2026-08-05T06:00:00Z,PKL-01,humidity_pct,74
103,2026-08-05T07:00:00Z,PKL-01,temperature_c,30.6
103,2026-08-05T07:00:00Z,PKL-01,pressure_hpa,999.6
103,2026-08-05T07:00:00Z,PKL-01,humidity_pct,71
104,2026-08-05T08:00:00Z,PKL-01,temperature_c,31.8
104,2026-08-05T08:00:00Z,PKL-01,pressure_hpa,998.7
104,2026-08-05T08:00:00Z,PKL-01,humidity_pct,66
105,2026-08-05T09:00:00Z,PKL-01,temperature_c,32.4
105,2026-08-05T09:00:00Z,PKL-01,pressure_hpa,997.8
105,2026-08-05T09:00:00Z,PKL-01,humidity_pct,63
106,2026-08-05T10:00:00Z,PKL-01,temperature_c,32.5
106,2026-08-05T10:00:00Z,PKL-01,pressure_hpa,996.8
106,2026-08-05T10:00:00Z,PKL-01,humidity_pct,63
107,2026-08-05T11:00:00Z,PKL-01,temperature_c,32.4
107,2026-08-05T11:00:00Z,PKL-01,pressure_hpa,996.4
107,2026-08-05T11:00:00Z,PKL-01,humidity_pct,64
108,2026-08-05T12:00:00Z,PKL-01,temperature_c,32.5
108,2026-08-05T12:00:00Z,PKL-01,pressure_hpa,996.2
108,2026-08-05T12:00:00Z,PKL-01,humidity_pct,63
109,2026-08-05T13:00:00Z,PKL-01,temperature_c,31.1
109,2026-08-05T13:00:00Z,PKL-01,pressure_hpa,996.9
109,2026-08-05T13:00:00Z,PKL-01,humidity_pct,72
110,2026-08-05T14:00:00Z,PKL-01,temperature_c,30.0
110,2026-08-05T14:00:00Z,PKL-01,pressure_hpa,997.7
110,2026-08-05T14:00:00Z,PKL-01,humidity_pct,78
111,2026-08-05T15:00:00Z,PKL-01,temperature_c,29.3
111,2026-08-05T15:00:00Z,PKL-01,pressure_hpa,998.5
111,2026-08-05T15:00:00Z,PKL-01,humidity_pct,82
112,2026-08-05T16:00:00Z,PKL-01,temperature_c,28.8
112,2026-08-05T16:00:00Z,PKL-01,pressure_hpa,999.5
112,2026-08-05T16:00:00Z,PKL-01,humidity_pct,87
113,2026-08-05T17:00:00Z,PKL-01,temperature_c,28.5
113,2026-08-05T17:00:00Z,PKL-01,pressure_hpa,999.8
113,2026-08-05T17:00:00Z,PKL-01,humidity_pct,86
114,2026-08-05T18:00:00Z,PKL-01,temperature_c,28.6
114,2026-08-05T18:00:00Z,PKL-01,pressure_hpa,999.2
114,2026-08-05T18:00:00Z,PKL-01,humidity_pct,90
115,2026-08-05T19:00:00Z,PKL-01,temperature_c,27.7
115,2026-08-05T19:00:00Z,PKL-01,pressure_hpa,999.0
115,2026-08-05T19:00:00Z,PKL-01,humidity_pct,93
116,2026-08-05T20:00:00Z,PKL-01,temperature_c,27.4
116,2026-08-05T20:00:00Z,PKL-01,pressure_hpa,998.8
116,2026-08-05T20:00:00Z,PKL-01,humidity_pct,93
117,2026-08-05T21:00:00Z,PKL-01,temperature_c,27.1
117,2026-08-05T21:00:00Z,PKL-01,pressure_hpa,998.6
117,2026-08-05T21:00:00Z,PKL-01,humidity_pct,93
118,2026-08-05T22:00:00Z,PKL-01,temperature_c,26.3
118,2026-08-05T22:00:00Z,PKL-01,pressure_hpa,998.5
118,2026-08-05T22:00:00Z,PKL-01,humidity_pct,93
119,2026-08-05T23:00:00Z,PKL-01,temperature_c,25.9
119,2026-08-05T23:00:00Z,PKL-01,pressure_hpa,998.9
119,2026-08-05T23:00:00Z,PKL-01,humidity_pct,93
120,2026-08-06T00:00:00Z,PKL-01,temperature_c,26.6
120,2026-08-06T00:00:00Z,PKL-01,pressure_hpa,998.3
120,2026-08-06T00:00:00Z,PKL-01,humidity_pct,89
121,2026-08-06T01:00:00Z,PKL-01,temperature_c,26.6
121,2026-08-06T01:00:00Z,PKL-01,pressure_hpa,999.3
121,2026-08-06T01:00:00Z,PKL-01,humidity_pct,88
122,2026-08-06T02:00:00Z,PKL-01,temperature_c,27.4
122,2026-08-06T02:00:00Z,PKL-01,pressure_hpa,999.9
122,2026-08-06T02:00:00Z,PKL-01,humidity_pct,83
123,2026-08-06T03:00:00Z,PKL-01,temperature_c,27.6
123,2026-08-06T03:00:00Z,PKL-01,pressure_hpa,1000.9
123,2026-08-06T03:00:00Z,PKL-01,humidity_pct,83
124,2026-08-06T04:00:00Z,PKL-01,temperature_c,26.6
124,2026-08-06T04:00:00Z,PKL-01,pressure_hpa,1001.5
124,2026-08-06T04:00:00Z,PKL-01,humidity_pct,92
125,2026-08-06T05:00:00Z,PKL-01,temperature_c,26.6
125,2026-08-06T05:00:00Z,PKL-01,pressure_hpa,1001.6
125,2026-08-06T05:00:00Z,PKL-01,humidity_pct,93
126,2026-08-06T06:00:00Z,PKL-01,temperature_c,27.9
126,2026-08-06T06:00:00Z,PKL-01,pressure_hpa,1001.7
126,2026-08-06T06:00:00Z,PKL-01,humidity_pct,80
127,2026-08-06T07:00:00Z,PKL-01,temperature_c,27.3
127,2026-08-06T07:00:00Z,PKL-01,pressure_hpa,1001.5
127,2026-08-06T07:00:00Z,PKL-01,humidity_pct,84
128,2026-08-06T08:00:00Z,PKL-01,temperature_c,27.5
128,2026-08-06T08:00:00Z,PKL-01,pressure_hpa,1001.2
128,2026-08-06T08:00:00Z,PKL-01,humidity_pct,84
129,2026-08-06T09:00:00Z,PKL-01,temperature_c,27.6
129,2026-08-06T09:00:00Z,PKL-01,pressure_hpa,1000.8
129,2026-08-06T09:00:00Z,PKL-01,humidity_pct,84
130,2026-08-06T10:00:00Z,PKL-01,temperature_c,27.7
130,2026-08-06T10:00:00Z,PKL-01,pressure_hpa,1000.3
130,2026-08-06T10:00:00Z,PKL-01,humidity_pct,84
131,2026-08-06T11:00:00Z,PKL-01,temperature_c,27.0
131,2026-08-06T11:00:00Z,PKL-01,pressure_hpa,1000.1
131,2026-08-06T11:00:00Z,PKL-01,humidity_pct,88
132,2026-08-06T12:00:00Z,PKL-01,temperature_c,27.0
132,2026-08-06T12:00:00Z,PKL-01,pressure_hpa,999.9
132,2026-08-06T12:00:00Z,PKL-01,humidity_pct,85
133,2026-08-06T13:00:00Z,PKL-01,temperature_c,25.7
133,2026-08-06T13:00:00Z,PKL-01,pressure_hpa,1000.3
133,2026-08-06T13:00:00Z,PKL-01,humidity_pct,91
134,2026-08-06T14:00:00Z,PKL-01,temperature_c,25.9
134,2026-08-06T14:00:00Z,PKL-01,pressure_hpa,1000.9
134,2026-08-06T14:00:00Z,PKL-01,humidity_pct,91
135,2026-08-06T15:00:00Z,PKL-01,temperature_c,25.9
135,2026-08-06T15:00:00Z,PKL-01,pressure_hpa,1001.5
135,2026-08-06T15:00:00Z,PKL-01,humidity_pct,91
136,2026-08-06T16:00:00Z,PKL-01,temperature_c,26.0
136,2026-08-06T16:00:00Z,PKL-01,pressure_hpa,1001.9
136,2026-08-06T16:00:00Z,PKL-01,humidity_pct,94
137,2026-08-06T17:00:00Z,PKL-01,temperature_c,26.1
137,2026-08-06T17:00:00Z,PKL-01,pressure_hpa,1002.1
137,2026-08-06T17:00:00Z,PKL-01,humidity_pct,95
138,2026-08-06T18:00:00Z,PKL-01,temperature_c,26.3
138,2026-08-06T18:00:00Z,PKL-01,pressure_hpa,1002.0
138,2026-08-06T18:00:00Z,PKL-01,humidity_pct,94
139,2026-08-06T19:00:00Z,PKL-01,temperature_c,26.1
139,2026-08-06T19:00:00Z,PKL-01,pressure_hpa,1001.4
139,2026-08-06T19:00:00Z,PKL-01,humidity_pct,94
140,2026-08-06T20:00:00Z,PKL-01,temperature_c,26.3
140,2026-08-06T20:00:00Z,PKL-01,pressure_hpa,1001.0
140,2026-08-06T20:00:00Z,PKL-01,humidity_pct,93
141,2026-08-06T21:00:00Z,PKL-01,temperature_c,26.2
141,2026-08-06T21:00:00Z,PKL-01,pressure_hpa,1000.5
141,2026-08-06T21:00:00Z,PKL-01,humidity_pct,93
142,2026-08-06T22:00:00Z,PKL-01,temperature_c,26.2
142,2026-08-06T22:00:00Z,PKL-01,pressure_hpa,1000.5
142,2026-08-06T22:00:00Z,PKL-01,humidity_pct,95
143,2026-08-06T23:00:00Z,PKL-01,temperature_c,26.3
143,2026-08-06T23:00:00Z,PKL-01,pressure_hpa,1000.6
143,2026-08-06T23:00:00Z,PKL-01,humidity_pct,96
144,2026-08-07T00:00:00Z,PKL-01,temperature_c,27.3
144,2026-08-07T00:00:00Z,PKL-01,pressure_hpa,1000.5
144,2026-08-07T00:00:00Z,PKL-01,humidity_pct,86
145,2026-08-07T01:00:00Z,PKL-01,temperature_c,27.3
145,2026-08-07T01:00:00Z,PKL-01,pressure_hpa,1000.6
145,2026-08-07T01:00:00Z,PKL-01,humidity_pct,85
146,2026-08-07T02:00:00Z,PKL-01,temperature_c,27.6
146,2026-08-07T02:00:00Z,PKL-01,pressure_hpa,1000.9
146,2026-08-07T02:00:00Z,PKL-01,humidity_pct,87
147,2026-08-07T03:00:00Z,PKL-01,temperature_c,28.6
147,2026-08-07T03:00:00Z,PKL-01,pressure_hpa,1000.9
147,2026-08-07T03:00:00Z,PKL-01,humidity_pct,78
148,2026-08-07T04:00:00Z,PKL-01,temperature_c,29.4
148,2026-08-07T04:00:00Z,PKL-01,pressure_hpa,1001.4
148,2026-08-07T04:00:00Z,PKL-01,humidity_pct,71
149,2026-08-07T05:00:00Z,PKL-01,temperature_c,30.8
149,2026-08-07T05:00:00Z,PKL-01,pressure_hpa,1001.3
149,2026-08-07T05:00:00Z,PKL-01,humidity_pct,66
150,2026-08-07T06:00:00Z,PKL-01,temperature_c,30.9
150,2026-08-07T06:00:00Z,PKL-01,pressure_hpa,1002.0
150,2026-08-07T06:00:00Z,PKL-01,humidity_pct,64
151,2026-08-07T07:00:00Z,PKL-01,temperature_c,29.8
151,2026-08-07T07:00:00Z,PKL-01,pressure_hpa,1001.2
151,2026-08-07T07:00:00Z,PKL-01,humidity_pct,71
152,2026-08-07T08:00:00Z,PKL-01,temperature_c,29.8
152,2026-08-07T08:00:00Z,PKL-01,pressure_hpa,1000.7
152,2026-08-07T08:00:00Z,PKL-01,humidity_pct,73
153,2026-08-07T09:00:00Z,PKL-01,temperature_c,30.0
153,2026-08-07T09:00:00Z,PKL-01,pressure_hpa,999.9
153,2026-08-07T09:00:00Z,PKL-01,humidity_pct,71
154,2026-08-07T10:00:00Z,PKL-01,temperature_c,29.6
154,2026-08-07T10:00:00Z,PKL-01,pressure_hpa,999.3
154,2026-08-07T10:00:00Z,PKL-01,humidity_pct,74
155,2026-08-07T11:00:00Z,PKL-01,temperature_c,29.1
155,2026-08-07T11:00:00Z,PKL-01,pressure_hpa,998.8
155,2026-08-07T11:00:00Z,PKL-01,humidity_pct,80
156,2026-08-07T12:00:00Z,PKL-01,temperature_c,28.5
156,2026-08-07T12:00:00Z,PKL-01,pressure_hpa,999.4
156,2026-08-07T12:00:00Z,PKL-01,humidity_pct,91
157,2026-08-07T13:00:00Z,PKL-01,temperature_c,28.3
157,2026-08-07T13:00:00Z,PKL-01,pressure_hpa,999.5
157,2026-08-07T13:00:00Z,PKL-01,humidity_pct,91
158,2026-08-07T14:00:00Z,PKL-01,temperature_c,28.0
158,2026-08-07T14:00:00Z,PKL-01,pressure_hpa,999.7
158,2026-08-07T14:00:00Z,PKL-01,humidity_pct,91
159,2026-08-07T15:00:00Z,PKL-01,temperature_c,28.0
159,2026-08-07T15:00:00Z,PKL-01,pressure_hpa,1000.4
159,2026-08-07T15:00:00Z,PKL-01,humidity_pct,89
160,2026-08-07T16:00:00Z,PKL-01,temperature_c,27.9
160,2026-08-07T16:00:00Z,PKL-01,pressure_hpa,1001.0
160,2026-08-07T16:00:00Z,PKL-01,humidity_pct,90
161,2026-08-07T17:00:00Z,PKL-01,temperature_c,27.7
161,2026-08-07T17:00:00Z,PKL-01,pressure_hpa,1001.7
161,2026-08-07T17:00:00Z,PKL-01,humidity_pct,94
162,2026-08-07T18:00:00Z,PKL-01,temperature_c,28.0
162,2026-08-07T18:00:00Z,PKL-01,pressure_hpa,1001.3
162,2026-08-07T18:00:00Z,PKL-01,humidity_pct,94
163,2026-08-07T19:00:00Z,PKL-01,temperature_c,27.6
163,2026-08-07T19:00:00Z,PKL-01,pressure_hpa,1001.4
163,2026-08-07T19:00:00Z,PKL-01,humidity_pct,96
164,2026-08-07T20:00:00Z,PKL-01,temperature_c,27.4
164,2026-08-07T20:00:00Z,PKL-01,pressure_hpa,1001.0
164,2026-08-07T20:00:00Z,PKL-01,humidity_pct,95
165,2026-08-07T21:00:00Z,PKL-01,temperature_c,27.3
165,2026-08-07T21:00:00Z,PKL-01,pressure_hpa,1000.6
165,2026-08-07T21:00:00Z,PKL-01,humidity_pct,93
166,2026-08-07T22:00:00Z,PKL-01,temperature_c,27.1
166,2026-08-07T22:00:00Z,PKL-01,pressure_hpa,1000.6
166,2026-08-07T22:00:00Z,PKL-01,humidity_pct,91
167,2026-08-07T23:00:00Z,PKL-01,temperature_c,26.9
167,2026-08-07T23:00:00Z,PKL-01,pressure_hpa,1000.5
167,2026-08-07T23:00:00Z,PKL-01,humidity_pct,93
168,2026-08-08T00:00:00Z,PKL-01,temperature_c,26.3
168,2026-08-08T00:00:00Z,PKL-01,pressure_hpa,1001.2
168,2026-08-08T00:00:00Z,PKL-01,humidity_pct,98
169,2026-08-08T01:00:00Z,PKL-01,temperature_c,26.6
169,2026-08-08T01:00:00Z,PKL-01,pressure_hpa,1001.6
169,2026-08-08T01:00:00Z,PKL-01,humidity_pct,96
170,2026-08-08T02:00:00Z,PKL-01,temperature_c,27.0
170,2026-08-08T02:00:00Z,PKL-01,pressure_hpa,1001.6
170,2026-08-08T02:00:00Z,PKL-01,humidity_pct,96
171,2026-08-08T03:00:00Z,PKL-01,temperature_c,28.9
171,2026-08-08T03:00:00Z,PKL-01,pressure_hpa,1002.3
171,2026-08-08T03:00:00Z,PKL-01,humidity_pct,83
172,2026-08-08T04:00:00Z,PKL-01,temperature_c,26.8
172,2026-08-08T04:00:00Z,PKL-01,pressure_hpa,1003.4
172,2026-08-08T04:00:00Z,PKL-01,humidity_pct,93
173,2026-08-08T05:00:00Z,PKL-01,temperature_c,28.4
173,2026-08-08T05:00:00Z,PKL-01,pressure_hpa,1003.2
173,2026-08-08T05:00:00Z,PKL-01,humidity_pct,86
174,2026-08-08T06:00:00Z,PKL-01,temperature_c,30.2
174,2026-08-08T06:00:00Z,PKL-01,pressure_hpa,1003.3
174,2026-08-08T06:00:00Z,PKL-01,humidity_pct,75
175,2026-08-08T07:00:00Z,PKL-01,temperature_c,31.2
175,2026-08-08T07:00:00Z,PKL-01,pressure_hpa,1003.0
175,2026-08-08T07:00:00Z,PKL-01,humidity_pct,71
176,2026-08-08T08:00:00Z,PKL-01,temperature_c,31.9
176,2026-08-08T08:00:00Z,PKL-01,pressure_hpa,1002.2
176,2026-08-08T08:00:00Z,PKL-01,humidity_pct,68
177,2026-08-08T09:00:00Z,PKL-01,temperature_c,32.4
177,2026-08-08T09:00:00Z,PKL-01,pressure_hpa,1001.4
177,2026-08-08T09:00:00Z,PKL-01,humidity_pct,67
178,2026-08-08T10:00:00Z,PKL-01,temperature_c,31.8
178,2026-08-08T10:00:00Z,PKL-01,pressure_hpa,1001.0
178,2026-08-08T10:00:00Z,PKL-01,humidity_pct,69
179,2026-08-08T11:00:00Z,PKL-01,temperature_c,31.6
179,2026-08-08T11:00:00Z,PKL-01,pressure_hpa,1000.0
179,2026-08-08T11:00:00Z,PKL-01,humidity_pct,71
180,2026-08-08T12:00:00Z,PKL-01,temperature_c,29.4
180,2026-08-08T12:00:00Z,PKL-01,pressure_hpa,1001.0
180,2026-08-08T12:00:00Z,PKL-01,humidity_pct,84
181,2026-08-08T13:00:00Z,PKL-01,temperature_c,29.5
181,2026-08-08T13:00:00Z,PKL-01,pressure_hpa,1000.9
181,2026-08-08T13:00:00Z,PKL-01,humidity_pct,80
182,2026-08-08T14:00:00Z,PKL-01,temperature_c,28.6
182,2026-08-08T14:00:00Z,PKL-01,pressure_hpa,1001.6
182,2026-08-08T14:00:00Z,PKL-01,humidity_pct,89
183,2026-08-08T15:00:00Z,PKL-01,temperature_c,28.0
183,2026-08-08T15:00:00Z,PKL-01,pressure_hpa,1002.4
183,2026-08-08T15:00:00Z,PKL-01,humidity_pct,92
184,2026-08-08T16:00:00Z,PKL-01,temperature_c,27.9
184,2026-08-08T16:00:00Z,PKL-01,pressure_hpa,1003.3
184,2026-08-08T16:00:00Z,PKL-01,humidity_pct,93
185,2026-08-08T17:00:00Z,PKL-01,temperature_c,27.9
185,2026-08-08T17:00:00Z,PKL-01,pressure_hpa,1003.7
185,2026-08-08T17:00:00Z,PKL-01,humidity_pct,93
186,2026-08-08T18:00:00Z,PKL-01,temperature_c,28.1
186,2026-08-08T18:00:00Z,PKL-01,pressure_hpa,1003.4
186,2026-08-08T18:00:00Z,PKL-01,humidity_pct,94
187,2026-08-08T19:00:00Z,PKL-01,temperature_c,28.1
187,2026-08-08T19:00:00Z,PKL-01,pressure_hpa,1003.5
187,2026-08-08T19:00:00Z,PKL-01,humidity_pct,92
188,2026-08-08T20:00:00Z,PKL-01,temperature_c,27.8
188,2026-08-08T20:00:00Z,PKL-01,pressure_hpa,1003.1
188,2026-08-08T20:00:00Z,PKL-01,humidity_pct,92
189,2026-08-08T21:00:00Z,PKL-01,temperature_c,27.3
189,2026-08-08T21:00:00Z,PKL-01,pressure_hpa,1003.0
189,2026-08-08T21:00:00Z,PKL-01,humidity_pct,91
190,2026-08-08T22:00:00Z,PKL-01,temperature_c,27.1
190,2026-08-08T22:00:00Z,PKL-01,pressure_hpa,1002.8
190,2026-08-08T22:00:00Z,PKL-01,humidity_pct,91
191,2026-08-08T23:00:00Z,PKL-01,temperature_c,27.0
191,2026-08-08T23:00:00Z,PKL-01,pressure_hpa,1003.0
191,2026-08-08T23:00:00Z,PKL-01,humidity_pct,90
192,2026-08-09T00:00:00Z,PKL-01,temperature_c,27.8
192,2026-08-09T00:00:00Z,PKL-01,pressure_hpa,1003.2
192,2026-08-09T00:00:00Z,PKL-01,humidity_pct,86
193,2026-08-09T01:00:00Z,PKL-01,temperature_c,27.7
193,2026-08-09T01:00:00Z,PKL-01,pressure_hpa,1003.4
193,2026-08-09T01:00:00Z,PKL-01,humidity_pct,86
194,2026-08-09T02:00:00Z,PKL-01,temperature_c,29.0
194,2026-08-09T02:00:00Z,PKL-01,pressure_hpa,1003.7
194,2026-08-09T02:00:00Z,PKL-01,humidity_pct,82
195,2026-08-09T03:00:00Z,PKL-01,temperature_c,30.3
195,2026-08-09T03:00:00Z,PKL-01,pressure_hpa,1003.9
195,2026-08-09T03:00:00Z,PKL-01,humidity_pct,73
196,2026-08-09T04:00:00Z,PKL-01,temperature_c,31.0
196,2026-08-09T04:00:00Z,PKL-01,pressure_hpa,1004.1
196,2026-08-09T04:00:00Z,PKL-01,humidity_pct,69
197,2026-08-09T05:00:00Z,PKL-01,temperature_c,31.8
197,2026-08-09T05:00:00Z,PKL-01,pressure_hpa,1004.0
197,2026-08-09T05:00:00Z,PKL-01,humidity_pct,65
198,2026-08-09T06:00:00Z,PKL-01,temperature_c,32.5
198,2026-08-09T06:00:00Z,PKL-01,pressure_hpa,1003.6
198,2026-08-09T06:00:00Z,PKL-01,humidity_pct,60
199,2026-08-09T07:00:00Z,PKL-01,temperature_c,32.7
199,2026-08-09T07:00:00Z,PKL-01,pressure_hpa,1003.0
199,2026-08-09T07:00:00Z,PKL-01,humidity_pct,60
200,2026-08-09T08:00:00Z,PKL-01,temperature_c,33.2
200,2026-08-09T08:00:00Z,PKL-01,pressure_hpa,1002.6
200,2026-08-09T08:00:00Z,PKL-01,humidity_pct,59
201,2026-08-09T09:00:00Z,PKL-01,temperature_c,33.4
201,2026-08-09T09:00:00Z,PKL-01,pressure_hpa,1001.4
201,2026-08-09T09:00:00Z,PKL-01,humidity_pct,58
202,2026-08-09T10:00:00Z,PKL-01,temperature_c,33.3
202,2026-08-09T10:00:00Z,PKL-01,pressure_hpa,1000.8
202,2026-08-09T10:00:00Z,PKL-01,humidity_pct,59
203,2026-08-09T11:00:00Z,PKL-01,temperature_c,33.1
203,2026-08-09T11:00:00Z,PKL-01,pressure_hpa,1000.3
203,2026-08-09T11:00:00Z,PKL-01,humidity_pct,60
204,2026-08-09T12:00:00Z,PKL-01,temperature_c,33.0
204,2026-08-09T12:00:00Z,PKL-01,pressure_hpa,999.7
204,2026-08-09T12:00:00Z,PKL-01,humidity_pct,63
205,2026-08-09T13:00:00Z,PKL-01,temperature_c,31.5
205,2026-08-09T13:00:00Z,PKL-01,pressure_hpa,999.8
205,2026-08-09T13:00:00Z,PKL-01,humidity_pct,74
206,2026-08-09T14:00:00Z,PKL-01,temperature_c,30.3
206,2026-08-09T14:00:00Z,PKL-01,pressure_hpa,1000.6
206,2026-08-09T14:00:00Z,PKL-01,humidity_pct,77
207,2026-08-09T15:00:00Z,PKL-01,temperature_c,29.6
207,2026-08-09T15:00:00Z,PKL-01,pressure_hpa,1001.4
207,2026-08-09T15:00:00Z,PKL-01,humidity_pct,80
208,2026-08-09T16:00:00Z,PKL-01,temperature_c,29.1
208,2026-08-09T16:00:00Z,PKL-01,pressure_hpa,1002.2
208,2026-08-09T16:00:00Z,PKL-01,humidity_pct,82
209,2026-08-09T17:00:00Z,PKL-01,temperature_c,28.7
209,2026-08-09T17:00:00Z,PKL-01,pressure_hpa,1002.4
209,2026-08-09T17:00:00Z,PKL-01,humidity_pct,86
210,2026-08-09T18:00:00Z,PKL-01,temperature_c,29.2
210,2026-08-09T18:00:00Z,PKL-01,pressure_hpa,1002.1
210,2026-08-09T18:00:00Z,PKL-01,humidity_pct,81
211,2026-08-09T19:00:00Z,PKL-01,temperature_c,28.4
211,2026-08-09T19:00:00Z,PKL-01,pressure_hpa,1001.9
211,2026-08-09T19:00:00Z,PKL-01,humidity_pct,82
212,2026-08-09T20:00:00Z,PKL-01,temperature_c,28.3
212,2026-08-09T20:00:00Z,PKL-01,pressure_hpa,1001.6
212,2026-08-09T20:00:00Z,PKL-01,humidity_pct,81
213,2026-08-09T21:00:00Z,PKL-01,temperature_c,28.1
213,2026-08-09T21:00:00Z,PKL-01,pressure_hpa,1001.5
213,2026-08-09T21:00:00Z,PKL-01,humidity_pct,81
214,2026-08-09T22:00:00Z,PKL-01,temperature_c,27.8
214,2026-08-09T22:00:00Z,PKL-01,pressure_hpa,1001.2
214,2026-08-09T22:00:00Z,PKL-01,humidity_pct,82
215,2026-08-09T23:00:00Z,PKL-01,temperature_c,27.5
215,2026-08-09T23:00:00Z,PKL-01,pressure_hpa,1001.5
215,2026-08-09T23:00:00Z,PKL-01,humidity_pct,84
216,2026-08-10T00:00:00Z,PKL-01,temperature_c,26.2
216,2026-08-10T00:00:00Z,PKL-01,pressure_hpa,1001.4
216,2026-08-10T00:00:00Z,PKL-01,humidity_pct,97
217,2026-08-10T01:00:00Z,PKL-01,temperature_c,26.3
217,2026-08-10T01:00:00Z,PKL-01,pressure_hpa,1002.0
217,2026-08-10T01:00:00Z,PKL-01,humidity_pct,98
218,2026-08-10T02:00:00Z,PKL-01,temperature_c,26.5
218,2026-08-10T02:00:00Z,PKL-01,pressure_hpa,1002.3
218,2026-08-10T02:00:00Z,PKL-01,humidity_pct,95
219,2026-08-10T03:00:00Z,PKL-01,temperature_c,27.5
219,2026-08-10T03:00:00Z,PKL-01,pressure_hpa,1002.4
219,2026-08-10T03:00:00Z,PKL-01,humidity_pct,89
220,2026-08-10T04:00:00Z,PKL-01,temperature_c,28.4
220,2026-08-10T04:00:00Z,PKL-01,pressure_hpa,1002.6
220,2026-08-10T04:00:00Z,PKL-01,humidity_pct,82
221,2026-08-10T05:00:00Z,PKL-01,temperature_c,29.1
221,2026-08-10T05:00:00Z,PKL-01,pressure_hpa,1002.7
221,2026-08-10T05:00:00Z,PKL-01,humidity_pct,80
222,2026-08-10T06:00:00Z,PKL-01,temperature_c,28.7
222,2026-08-10T06:00:00Z,PKL-01,pressure_hpa,1002.8
222,2026-08-10T06:00:00Z,PKL-01,humidity_pct,81
223,2026-08-10T07:00:00Z,PKL-01,temperature_c,29.0
223,2026-08-10T07:00:00Z,PKL-01,pressure_hpa,1002.7
223,2026-08-10T07:00:00Z,PKL-01,humidity_pct,80
224,2026-08-10T08:00:00Z,PKL-01,temperature_c,28.7
224,2026-08-10T08:00:00Z,PKL-01,pressure_hpa,1002.1
224,2026-08-10T08:00:00Z,PKL-01,humidity_pct,80
225,2026-08-10T09:00:00Z,PKL-01,temperature_c,29.2
225,2026-08-10T09:00:00Z,PKL-01,pressure_hpa,1001.3
225,2026-08-10T09:00:00Z,PKL-01,humidity_pct,77
226,2026-08-10T10:00:00Z,PKL-01,temperature_c,29.0
226,2026-08-10T10:00:00Z,PKL-01,pressure_hpa,1000.9
226,2026-08-10T10:00:00Z,PKL-01,humidity_pct,78
227,2026-08-10T11:00:00Z,PKL-01,temperature_c,29.0
227,2026-08-10T11:00:00Z,PKL-01,pressure_hpa,1000.4
227,2026-08-10T11:00:00Z,PKL-01,humidity_pct,78
228,2026-08-10T12:00:00Z,PKL-01,temperature_c,29.4
228,2026-08-10T12:00:00Z,PKL-01,pressure_hpa,1000.3
228,2026-08-10T12:00:00Z,PKL-01,humidity_pct,76
229,2026-08-10T13:00:00Z,PKL-01,temperature_c,28.6
229,2026-08-10T13:00:00Z,PKL-01,pressure_hpa,1000.4
229,2026-08-10T13:00:00Z,PKL-01,humidity_pct,81
230,2026-08-10T14:00:00Z,PKL-01,temperature_c,27.8
230,2026-08-10T14:00:00Z,PKL-01,pressure_hpa,1000.8
230,2026-08-10T14:00:00Z,PKL-01,humidity_pct,84
231,2026-08-10T15:00:00Z,PKL-01,temperature_c,27.5
231,2026-08-10T15:00:00Z,PKL-01,pressure_hpa,1001.6
231,2026-08-10T15:00:00Z,PKL-01,humidity_pct,86
232,2026-08-10T16:00:00Z,PKL-01,temperature_c,27.3
232,2026-08-10T16:00:00Z,PKL-01,pressure_hpa,1002.2
232,2026-08-10T16:00:00Z,PKL-01,humidity_pct,86
233,2026-08-10T17:00:00Z,PKL-01,temperature_c,27.2
233,2026-08-10T17:00:00Z,PKL-01,pressure_hpa,1002.4
233,2026-08-10T17:00:00Z,PKL-01,humidity_pct,84
234,2026-08-10T18:00:00Z,PKL-01,temperature_c,27.2
234,2026-08-10T18:00:00Z,PKL-01,pressure_hpa,1001.6
234,2026-08-10T18:00:00Z,PKL-01,humidity_pct,85
235,2026-08-10T19:00:00Z,PKL-01,temperature_c,26.8
235,2026-08-10T19:00:00Z,PKL-01,pressure_hpa,1001.4
235,2026-08-10T19:00:00Z,PKL-01,humidity_pct,87
236,2026-08-10T20:00:00Z,PKL-01,temperature_c,26.7
236,2026-08-10T20:00:00Z,PKL-01,pressure_hpa,1001.1
236,2026-08-10T20:00:00Z,PKL-01,humidity_pct,86
237,2026-08-10T21:00:00Z,PKL-01,temperature_c,26.7
237,2026-08-10T21:00:00Z,PKL-01,pressure_hpa,1001.2
237,2026-08-10T21:00:00Z,PKL-01,humidity_pct,86
238,2026-08-10T22:00:00Z,PKL-01,temperature_c,26.4
238,2026-08-10T22:00:00Z,PKL-01,pressure_hpa,1001.2
238,2026-08-10T22:00:00Z,PKL-01,humidity_pct,87
239,2026-08-10T23:00:00Z,PKL-01,temperature_c,26.3
239,2026-08-10T23:00:00Z,PKL-01,pressure_hpa,1001.0
239,2026-08-10T23:00:00Z,PKL-01,humidity_pct,86
240,2026-08-11T00:00:00Z,PKL-01,temperature_c,26.8
240,2026-08-11T00:00:00Z,PKL-01,pressure_hpa,1002.1
240,2026-08-11T00:00:00Z,PKL-01,humidity_pct,88
241,2026-08-11T01:00:00Z,PKL-01,temperature_c,26.9
241,2026-08-11T01:00:00Z,PKL-01,pressure_hpa,1002.1
241,2026-08-11T01:00:00Z,PKL-01,humidity_pct,86
242,2026-08-11T02:00:00Z,PKL-01,temperature_c,27.7
242,2026-08-11T02:00:00Z,PKL-01,pressure_hpa,1002.2
242,2026-08-11T02:00:00Z,PKL-01,humidity_pct,84
243,2026-08-11T03:00:00Z,PKL-01,temperature_c,28.6
243,2026-08-11T03:00:00Z,PKL-01,pressure_hpa,1003.1
243,2026-08-11T03:00:00Z,PKL-01,humidity_pct,79
244,2026-08-11T04:00:00Z,PKL-01,temperature_c,29.4
244,2026-08-11T04:00:00Z,PKL-01,pressure_hpa,1003.2
244,2026-08-11T04:00:00Z,PKL-01,humidity_pct,75
245,2026-08-11T05:00:00Z,PKL-01,temperature_c,30.3
245,2026-08-11T05:00:00Z,PKL-01,pressure_hpa,1003.1
245,2026-08-11T05:00:00Z,PKL-01,humidity_pct,68
246,2026-08-11T06:00:00Z,PKL-01,temperature_c,29.0
246,2026-08-11T06:00:00Z,PKL-01,pressure_hpa,1003.8
246,2026-08-11T06:00:00Z,PKL-01,humidity_pct,76
247,2026-08-11T07:00:00Z,PKL-01,temperature_c,27.5
247,2026-08-11T07:00:00Z,PKL-01,pressure_hpa,1003.5
247,2026-08-11T07:00:00Z,PKL-01,humidity_pct,87
248,2026-08-11T08:00:00Z,PKL-01,temperature_c,27.0
248,2026-08-11T08:00:00Z,PKL-01,pressure_hpa,1002.9
248,2026-08-11T08:00:00Z,PKL-01,humidity_pct,91
249,2026-08-11T09:00:00Z,PKL-01,temperature_c,26.8
249,2026-08-11T09:00:00Z,PKL-01,pressure_hpa,1002.2
249,2026-08-11T09:00:00Z,PKL-01,humidity_pct,94
250,2026-08-11T10:00:00Z,PKL-01,temperature_c,26.6
250,2026-08-11T10:00:00Z,PKL-01,pressure_hpa,1001.6
250,2026-08-11T10:00:00Z,PKL-01,humidity_pct,94
251,2026-08-11T11:00:00Z,PKL-01,temperature_c,26.8
251,2026-08-11T11:00:00Z,PKL-01,pressure_hpa,1000.7
251,2026-08-11T11:00:00Z,PKL-01,humidity_pct,92
252,2026-08-11T12:00:00Z,PKL-01,temperature_c,28.4
252,2026-08-11T12:00:00Z,PKL-01,pressure_hpa,1000.6
252,2026-08-11T12:00:00Z,PKL-01,humidity_pct,82
253,2026-08-11T13:00:00Z,PKL-01,temperature_c,27.6
253,2026-08-11T13:00:00Z,PKL-01,pressure_hpa,1000.6
253,2026-08-11T13:00:00Z,PKL-01,humidity_pct,86
254,2026-08-11T14:00:00Z,PKL-01,temperature_c,27.1
254,2026-08-11T14:00:00Z,PKL-01,pressure_hpa,1000.5
254,2026-08-11T14:00:00Z,PKL-01,humidity_pct,90
255,2026-08-11T15:00:00Z,PKL-01,temperature_c,26.8
255,2026-08-11T15:00:00Z,PKL-01,pressure_hpa,1001.7
255,2026-08-11T15:00:00Z,PKL-01,humidity_pct,94
256,2026-08-11T16:00:00Z,PKL-01,temperature_c,26.8
256,2026-08-11T16:00:00Z,PKL-01,pressure_hpa,1002.2
256,2026-08-11T16:00:00Z,PKL-01,humidity_pct,95
257,2026-08-11T17:00:00Z,PKL-01,temperature_c,26.6
257,2026-08-11T17:00:00Z,PKL-01,pressure_hpa,1002.6
257,2026-08-11T17:00:00Z,PKL-01,humidity_pct,97
258,2026-08-11T18:00:00Z,PKL-01,temperature_c,27.0
258,2026-08-11T18:00:00Z,PKL-01,pressure_hpa,1002.4
258,2026-08-11T18:00:00Z,PKL-01,humidity_pct,96
259,2026-08-11T19:00:00Z,PKL-01,temperature_c,26.6
259,2026-08-11T19:00:00Z,PKL-01,pressure_hpa,1002.9
259,2026-08-11T19:00:00Z,PKL-01,humidity_pct,96
260,2026-08-11T20:00:00Z,PKL-01,temperature_c,26.3
260,2026-08-11T20:00:00Z,PKL-01,pressure_hpa,1002.9
260,2026-08-11T20:00:00Z,PKL-01,humidity_pct,97
261,2026-08-11T21:00:00Z,PKL-01,temperature_c,26.2
261,2026-08-11T21:00:00Z,PKL-01,pressure_hpa,1002.7
261,2026-08-11T21:00:00Z,PKL-01,humidity_pct,97
262,2026-08-11T22:00:00Z,PKL-01,temperature_c,25.9
262,2026-08-11T22:00:00Z,PKL-01,pressure_hpa,1002.6
262,2026-08-11T22:00:00Z,PKL-01,humidity_pct,98
263,2026-08-11T23:00:00Z,PKL-01,temperature_c,25.7
263,2026-08-11T23:00:00Z,PKL-01,pressure_hpa,1002.6
263,2026-08-11T23:00:00Z,PKL-01,humidity_pct,99
264,2026-08-12T00:00:00Z,PKL-01,temperature_c,26.2
264,2026-08-12T00:00:00Z,PKL-01,pressure_hpa,1002.7
264,2026-08-12T00:00:00Z,PKL-01,humidity_pct,99
265,2026-08-12T01:00:00Z,PKL-01,temperature_c,26.3
265,2026-08-12T01:00:00Z,PKL-01,pressure_hpa,1002.9
265,2026-08-12T01:00:00Z,PKL-01,humidity_pct,98
266,2026-08-12T02:00:00Z,PKL-01,temperature_c,27.6
266,2026-08-12T02:00:00Z,PKL-01,pressure_hpa,1003.2
266,2026-08-12T02:00:00Z,PKL-01,humidity_pct,94
267,2026-08-12T03:00:00Z,PKL-01,temperature_c,29.0
267,2026-08-12T03:00:00Z,PKL-01,pressure_hpa,1003.4
267,2026-08-12T03:00:00Z,PKL-01,humidity_pct,85
268,2026-08-12T04:00:00Z,PKL-01,temperature_c,30.4
268,2026-08-12T04:00:00Z,PKL-01,pressure_hpa,1003.1
268,2026-08-12T04:00:00Z,PKL-01,humidity_pct,79
269,2026-08-12T05:00:00Z,PKL-01,temperature_c,31.4
269,2026-08-12T05:00:00Z,PKL-01,pressure_hpa,1002.7
269,2026-08-12T05:00:00Z,PKL-01,humidity_pct,76
270,2026-08-12T06:00:00Z,PKL-01,temperature_c,33.0
270,2026-08-12T06:00:00Z,PKL-01,pressure_hpa,1002.1
270,2026-08-12T06:00:00Z,PKL-01,humidity_pct,69
271,2026-08-12T07:00:00Z,PKL-01,temperature_c,33.8
271,2026-08-12T07:00:00Z,PKL-01,pressure_hpa,1001.4
271,2026-08-12T07:00:00Z,PKL-01,humidity_pct,65
272,2026-08-12T08:00:00Z,PKL-01,temperature_c,34.3
272,2026-08-12T08:00:00Z,PKL-01,pressure_hpa,1000.6
272,2026-08-12T08:00:00Z,PKL-01,humidity_pct,62
273,2026-08-12T09:00:00Z,PKL-01,temperature_c,34.5
273,2026-08-12T09:00:00Z,PKL-01,pressure_hpa,1000.2
273,2026-08-12T09:00:00Z,PKL-01,humidity_pct,61
274,2026-08-12T10:00:00Z,PKL-01,temperature_c,34.3
274,2026-08-12T10:00:00Z,PKL-01,pressure_hpa,999.8
274,2026-08-12T10:00:00Z,PKL-01,humidity_pct,62
275,2026-08-12T11:00:00Z,PKL-01,temperature_c,34.0
275,2026-08-12T11:00:00Z,PKL-01,pressure_hpa,999.3
275,2026-08-12T11:00:00Z,PKL-01,humidity_pct,64
276,2026-08-12T12:00:00Z,PKL-01,temperature_c,34.0
276,2026-08-12T12:00:00Z,PKL-01,pressure_hpa,999.4
276,2026-08-12T12:00:00Z,PKL-01,humidity_pct,64
277,2026-08-12T13:00:00Z,PKL-01,temperature_c,32.5
277,2026-08-12T13:00:00Z,PKL-01,pressure_hpa,1000.0
277,2026-08-12T13:00:00Z,PKL-01,humidity_pct,77
278,2026-08-12T14:00:00Z,PKL-01,temperature_c,31.4
278,2026-08-12T14:00:00Z,PKL-01,pressure_hpa,1001.2
278,2026-08-12T14:00:00Z,PKL-01,humidity_pct,82
279,2026-08-12T15:00:00Z,PKL-01,temperature_c,30.3
279,2026-08-12T15:00:00Z,PKL-01,pressure_hpa,1002.2
279,2026-08-12T15:00:00Z,PKL-01,humidity_pct,86
280,2026-08-12T16:00:00Z,PKL-01,temperature_c,29.7
280,2026-08-12T16:00:00Z,PKL-01,pressure_hpa,1003.4
280,2026-08-12T16:00:00Z,PKL-01,humidity_pct,88
281,2026-08-12T17:00:00Z,PKL-01,temperature_c,29.3
281,2026-08-12T17:00:00Z,PKL-01,pressure_hpa,1003.7
281,2026-08-12T17:00:00Z,PKL-01,humidity_pct,88
282,2026-08-12T18:00:00Z,PKL-01,temperature_c,29.5
282,2026-08-12T18:00:00Z,PKL-01,pressure_hpa,1003.5
282,2026-08-12T18:00:00Z,PKL-01,humidity_pct,86
283,2026-08-12T19:00:00Z,PKL-01,temperature_c,28.9
283,2026-08-12T19:00:00Z,PKL-01,pressure_hpa,1003.8
283,2026-08-12T19:00:00Z,PKL-01,humidity_pct,89
284,2026-08-12T20:00:00Z,PKL-01,temperature_c,28.6
284,2026-08-12T20:00:00Z,PKL-01,pressure_hpa,1003.4
284,2026-08-12T20:00:00Z,PKL-01,humidity_pct,90
285,2026-08-12T21:00:00Z,PKL-01,temperature_c,28.2
285,2026-08-12T21:00:00Z,PKL-01,pressure_hpa,1003.0
285,2026-08-12T21:00:00Z,PKL-01,humidity_pct,91
286,2026-08-12T22:00:00Z,PKL-01,temperature_c,27.8
286,2026-08-12T22:00:00Z,PKL-01,pressure_hpa,1002.9
286,2026-08-12T22:00:00Z,PKL-01,humidity_pct,93
287,2026-08-12T23:00:00Z,PKL-01,temperature_c,27.3
287,2026-08-12T23:00:00Z,PKL-01,pressure_hpa,1002.8
287,2026-08-12T23:00:00Z,PKL-01,humidity_pct,94
288,2026-08-13T00:00:00Z,PKL-01,temperature_c,28.4
288,2026-08-13T00:00:00Z,PKL-01,pressure_hpa,1002.4
288,2026-08-13T00:00:00Z,PKL-01,humidity_pct,90
289,2026-08-13T01:00:00Z,PKL-01,temperature_c,28.6
289,2026-08-13T01:00:00Z,PKL-01,pressure_hpa,1002.7
289,2026-08-13T01:00:00Z,PKL-01,humidity_pct,89
290,2026-08-13T02:00:00Z,PKL-01,temperature_c,30.1
290,2026-08-13T02:00:00Z,PKL-01,pressure_hpa,1002.5
290,2026-08-13T02:00:00Z,PKL-01,humidity_pct,83
291,2026-08-13T03:00:00Z,PKL-01,temperature_c,31.2
291,2026-08-13T03:00:00Z,PKL-01,pressure_hpa,1002.3
291,2026-08-13T03:00:00Z,PKL-01,humidity_pct,75
292,2026-08-13T04:00:00Z,PKL-01,temperature_c,32.1
292,2026-08-13T04:00:00Z,PKL-01,pressure_hpa,1002.0
292,2026-08-13T04:00:00Z,PKL-01,humidity_pct,71
293,2026-08-13T05:00:00Z,PKL-01,temperature_c,32.9
293,2026-08-13T05:00:00Z,PKL-01,pressure_hpa,1002.0
293,2026-08-13T05:00:00Z,PKL-01,humidity_pct,69
294,2026-08-13T06:00:00Z,PKL-01,temperature_c,33.5
294,2026-08-13T06:00:00Z,PKL-01,pressure_hpa,1002.5
294,2026-08-13T06:00:00Z,PKL-01,humidity_pct,65
295,2026-08-13T07:00:00Z,PKL-01,temperature_c,33.9
295,2026-08-13T07:00:00Z,PKL-01,pressure_hpa,1002.1
295,2026-08-13T07:00:00Z,PKL-01,humidity_pct,63
296,2026-08-13T08:00:00Z,PKL-01,temperature_c,33.7
296,2026-08-13T08:00:00Z,PKL-01,pressure_hpa,1001.3
296,2026-08-13T08:00:00Z,PKL-01,humidity_pct,64
297,2026-08-13T09:00:00Z,PKL-01,temperature_c,34.3
297,2026-08-13T09:00:00Z,PKL-01,pressure_hpa,1000.6
297,2026-08-13T09:00:00Z,PKL-01,humidity_pct,61
298,2026-08-13T10:00:00Z,PKL-01,temperature_c,34.3
298,2026-08-13T10:00:00Z,PKL-01,pressure_hpa,999.8
298,2026-08-13T10:00:00Z,PKL-01,humidity_pct,60
299,2026-08-13T11:00:00Z,PKL-01,temperature_c,34.0
299,2026-08-13T11:00:00Z,PKL-01,pressure_hpa,999.3
299,2026-08-13T11:00:00Z,PKL-01,humidity_pct,61
300,2026-08-13T12:00:00Z,PKL-01,temperature_c,31.3
300,2026-08-13T12:00:00Z,PKL-01,pressure_hpa,999.5
300,2026-08-13T12:00:00Z,PKL-01,humidity_pct,78
301,2026-08-13T13:00:00Z,PKL-01,temperature_c,31.3
301,2026-08-13T13:00:00Z,PKL-01,pressure_hpa,999.8
301,2026-08-13T13:00:00Z,PKL-01,humidity_pct,82
302,2026-08-13T14:00:00Z,PKL-01,temperature_c,30.6
302,2026-08-13T14:00:00Z,PKL-01,pressure_hpa,1000.2
302,2026-08-13T14:00:00Z,PKL-01,humidity_pct,88
303,2026-08-13T15:00:00Z,PKL-01,temperature_c,30.1
303,2026-08-13T15:00:00Z,PKL-01,pressure_hpa,1001.0
303,2026-08-13T15:00:00Z,PKL-01,humidity_pct,92
304,2026-08-13T16:00:00Z,PKL-01,temperature_c,29.7
304,2026-08-13T16:00:00Z,PKL-01,pressure_hpa,1001.4
304,2026-08-13T16:00:00Z,PKL-01,humidity_pct,94
305,2026-08-13T17:00:00Z,PKL-01,temperature_c,29.4
305,2026-08-13T17:00:00Z,PKL-01,pressure_hpa,1001.7
305,2026-08-13T17:00:00Z,PKL-01,humidity_pct,95
306,2026-08-13T18:00:00Z,PKL-01,temperature_c,29.6
306,2026-08-13T18:00:00Z,PKL-01,pressure_hpa,1001.1
306,2026-08-13T18:00:00Z,PKL-01,humidity_pct,92
307,2026-08-13T19:00:00Z,PKL-01,temperature_c,28.9
307,2026-08-13T19:00:00Z,PKL-01,pressure_hpa,1001.1
307,2026-08-13T19:00:00Z,PKL-01,humidity_pct,92
308,2026-08-13T20:00:00Z,PKL-01,temperature_c,28.7
308,2026-08-13T20:00:00Z,PKL-01,pressure_hpa,1000.9
308,2026-08-13T20:00:00Z,PKL-01,humidity_pct,87
309,2026-08-13T21:00:00Z,PKL-01,temperature_c,28.4
309,2026-08-13T21:00:00Z,PKL-01,pressure_hpa,1001.1
309,2026-08-13T21:00:00Z,PKL-01,humidity_pct,87
310,2026-08-13T22:00:00Z,PKL-01,temperature_c,28.1
310,2026-08-13T22:00:00Z,PKL-01,pressure_hpa,1000.8
310,2026-08-13T22:00:00Z,PKL-01,humidity_pct,87
311,2026-08-13T23:00:00Z,PKL-01,temperature_c,27.9
311,2026-08-13T23:00:00Z,PKL-01,pressure_hpa,1000.7
311,2026-08-13T23:00:00Z,PKL-01,humidity_pct,87
312,2026-08-14T00:00:00Z,PKL-01,temperature_c,27.7
312,2026-08-14T00:00:00Z,PKL-01,pressure_hpa,1000.9
312,2026-08-14T00:00:00Z,PKL-01,humidity_pct,93
313,2026-08-14T01:00:00Z,PKL-01,temperature_c,27.8
313,2026-08-14T01:00:00Z,PKL-01,pressure_hpa,1001.2
313,2026-08-14T01:00:00Z,PKL-01,humidity_pct,92
314,2026-08-14T02:00:00Z,PKL-01,temperature_c,29.0
314,2026-08-14T02:00:00Z,PKL-01,pressure_hpa,1001.0
314,2026-08-14T02:00:00Z,PKL-01,humidity_pct,87
315,2026-08-14T03:00:00Z,PKL-01,temperature_c,30.5
315,2026-08-14T03:00:00Z,PKL-01,pressure_hpa,1001.4
315,2026-08-14T03:00:00Z,PKL-01,humidity_pct,80
316,2026-08-14T04:00:00Z,PKL-01,temperature_c,32.0
316,2026-08-14T04:00:00Z,PKL-01,pressure_hpa,1002.0
316,2026-08-14T04:00:00Z,PKL-01,humidity_pct,73
317,2026-08-14T05:00:00Z,PKL-01,temperature_c,31.0
317,2026-08-14T05:00:00Z,PKL-01,pressure_hpa,1002.8
317,2026-08-14T05:00:00Z,PKL-01,humidity_pct,75
318,2026-08-14T06:00:00Z,PKL-01,temperature_c,29.2
318,2026-08-14T06:00:00Z,PKL-01,pressure_hpa,1003.5
318,2026-08-14T06:00:00Z,PKL-01,humidity_pct,88
319,2026-08-14T07:00:00Z,PKL-01,temperature_c,30.0
319,2026-08-14T07:00:00Z,PKL-01,pressure_hpa,1003.6
319,2026-08-14T07:00:00Z,PKL-01,humidity_pct,83
320,2026-08-14T08:00:00Z,PKL-01,temperature_c,31.1
320,2026-08-14T08:00:00Z,PKL-01,pressure_hpa,1002.9
320,2026-08-14T08:00:00Z,PKL-01,humidity_pct,78
321,2026-08-14T09:00:00Z,PKL-01,temperature_c,30.5
321,2026-08-14T09:00:00Z,PKL-01,pressure_hpa,1002.6
321,2026-08-14T09:00:00Z,PKL-01,humidity_pct,82
322,2026-08-14T10:00:00Z,PKL-01,temperature_c,29.3
322,2026-08-14T10:00:00Z,PKL-01,pressure_hpa,1002.7
322,2026-08-14T10:00:00Z,PKL-01,humidity_pct,83
323,2026-08-14T11:00:00Z,PKL-01,temperature_c,26.8
323,2026-08-14T11:00:00Z,PKL-01,pressure_hpa,1002.4
323,2026-08-14T11:00:00Z,PKL-01,humidity_pct,96
324,2026-08-14T12:00:00Z,PKL-01,temperature_c,29.3
324,2026-08-14T12:00:00Z,PKL-01,pressure_hpa,1002.1
324,2026-08-14T12:00:00Z,PKL-01,humidity_pct,83
325,2026-08-14T13:00:00Z,PKL-01,temperature_c,28.8
325,2026-08-14T13:00:00Z,PKL-01,pressure_hpa,1001.8
325,2026-08-14T13:00:00Z,PKL-01,humidity_pct,85
326,2026-08-14T14:00:00Z,PKL-01,temperature_c,28.0
326,2026-08-14T14:00:00Z,PKL-01,pressure_hpa,1001.6
326,2026-08-14T14:00:00Z,PKL-01,humidity_pct,89
327,2026-08-14T15:00:00Z,PKL-01,temperature_c,27.3
327,2026-08-14T15:00:00Z,PKL-01,pressure_hpa,1002.3
327,2026-08-14T15:00:00Z,PKL-01,humidity_pct,93
328,2026-08-14T16:00:00Z,PKL-01,temperature_c,26.9
328,2026-08-14T16:00:00Z,PKL-01,pressure_hpa,1003.4
328,2026-08-14T16:00:00Z,PKL-01,humidity_pct,94
329,2026-08-14T17:00:00Z,PKL-01,temperature_c,26.8
329,2026-08-14T17:00:00Z,PKL-01,pressure_hpa,1003.7
329,2026-08-14T17:00:00Z,PKL-01,humidity_pct,93
330,2026-08-14T18:00:00Z,PKL-01,temperature_c,26.9
330,2026-08-14T18:00:00Z,PKL-01,pressure_hpa,1003.4
330,2026-08-14T18:00:00Z,PKL-01,humidity_pct,94
331,2026-08-14T19:00:00Z,PKL-01,temperature_c,26.5
331,2026-08-14T19:00:00Z,PKL-01,pressure_hpa,1003.4
331,2026-08-14T19:00:00Z,PKL-01,humidity_pct,95
332,2026-08-14T20:00:00Z,PKL-01,temperature_c,25.8
332,2026-08-14T20:00:00Z,PKL-01,pressure_hpa,1003.2
332,2026-08-14T20:00:00Z,PKL-01,humidity_pct,97
333,2026-08-14T21:00:00Z,PKL-01,temperature_c,25.7
333,2026-08-14T21:00:00Z,PKL-01,pressure_hpa,1003.0
333,2026-08-14T21:00:00Z,PKL-01,humidity_pct,98
334,2026-08-14T22:00:00Z,PKL-01,temperature_c,25.4
334,2026-08-14T22:00:00Z,PKL-01,pressure_hpa,1002.8
334,2026-08-14T22:00:00Z,PKL-01,humidity_pct,98
335,2026-08-14T23:00:00Z,PKL-01,temperature_c,25.5
335,2026-08-14T23:00:00Z,PKL-01,pressure_hpa,1002.8
335,2026-08-14T23:00:00Z,PKL-01,humidity_pct,98
336,2026-08-15T00:00:00Z,PKL-01,temperature_c,26.5
336,2026-08-15T00:00:00Z,PKL-01,pressure_hpa,1002.9
336,2026-08-15T00:00:00Z,PKL-01,humidity_pct,96
337,2026-08-15T01:00:00Z,PKL-01,temperature_c,25.2
337,2026-08-15T01:00:00Z,PKL-01,pressure_hpa,1003.5
337,2026-08-15T01:00:00Z,PKL-01,humidity_pct,99
338,2026-08-15T02:00:00Z,PKL-01,temperature_c,24.9
338,2026-08-15T02:00:00Z,PKL-01,pressure_hpa,1004.0
338,2026-08-15T02:00:00Z,PKL-01,humidity_pct,99
339,2026-08-15T03:00:00Z,PKL-01,temperature_c,25.7
339,2026-08-15T03:00:00Z,PKL-01,pressure_hpa,1004.7
339,2026-08-15T03:00:00Z,PKL-01,humidity_pct,94
340,2026-08-15T04:00:00Z,PKL-01,temperature_c,27.1
340,2026-08-15T04:00:00Z,PKL-01,pressure_hpa,1004.6
340,2026-08-15T04:00:00Z,PKL-01,humidity_pct,86
341,2026-08-15T05:00:00Z,PKL-01,temperature_c,28.9
341,2026-08-15T05:00:00Z,PKL-01,pressure_hpa,1004.4
341,2026-08-15T05:00:00Z,PKL-01,humidity_pct,81
342,2026-08-15T06:00:00Z,PKL-01,temperature_c,29.1
342,2026-08-15T06:00:00Z,PKL-01,pressure_hpa,1004.6
342,2026-08-15T06:00:00Z,PKL-01,humidity_pct,78
343,2026-08-15T07:00:00Z,PKL-01,temperature_c,29.8
343,2026-08-15T07:00:00Z,PKL-01,pressure_hpa,1003.6
343,2026-08-15T07:00:00Z,PKL-01,humidity_pct,77
344,2026-08-15T08:00:00Z,PKL-01,temperature_c,31.2
344,2026-08-15T08:00:00Z,PKL-01,pressure_hpa,1002.4
344,2026-08-15T08:00:00Z,PKL-01,humidity_pct,71
345,2026-08-15T09:00:00Z,PKL-01,temperature_c,32.2
345,2026-08-15T09:00:00Z,PKL-01,pressure_hpa,1001.2
345,2026-08-15T09:00:00Z,PKL-01,humidity_pct,66
346,2026-08-15T10:00:00Z,PKL-01,temperature_c,32.3
346,2026-08-15T10:00:00Z,PKL-01,pressure_hpa,1000.0
346,2026-08-15T10:00:00Z,PKL-01,humidity_pct,64
347,2026-08-15T11:00:00Z,PKL-01,temperature_c,32.2
347,2026-08-15T11:00:00Z,PKL-01,pressure_hpa,999.1
347,2026-08-15T11:00:00Z,PKL-01,humidity_pct,65
348,2026-08-15T12:00:00Z,PKL-01,temperature_c,31.7
348,2026-08-15T12:00:00Z,PKL-01,pressure_hpa,998.8
348,2026-08-15T12:00:00Z,PKL-01,humidity_pct,70
349,2026-08-15T13:00:00Z,PKL-01,temperature_c,30.5
349,2026-08-15T13:00:00Z,PKL-01,pressure_hpa,999.1
349,2026-08-15T13:00:00Z,PKL-01,humidity_pct,77
350,2026-08-15T14:00:00Z,PKL-01,temperature_c,29.6
350,2026-08-15T14:00:00Z,PKL-01,pressure_hpa,999.9
350,2026-08-15T14:00:00Z,PKL-01,humidity_pct,82
351,2026-08-15T15:00:00Z,PKL-01,temperature_c,29.0
351,2026-08-15T15:00:00Z,PKL-01,pressure_hpa,1000.9
351,2026-08-15T15:00:00Z,PKL-01,humidity_pct,86
352,2026-08-15T16:00:00Z,PKL-01,temperature_c,28.6
352,2026-08-15T16:00:00Z,PKL-01,pressure_hpa,1001.6
352,2026-08-15T16:00:00Z,PKL-01,humidity_pct,88
353,2026-08-15T17:00:00Z,PKL-01,temperature_c,28.3
353,2026-08-15T17:00:00Z,PKL-01,pressure_hpa,1001.7
353,2026-08-15T17:00:00Z,PKL-01,humidity_pct,88
354,2026-08-15T18:00:00Z,PKL-01,temperature_c,28.2
354,2026-08-15T18:00:00Z,PKL-01,pressure_hpa,1001.3
354,2026-08-15T18:00:00Z,PKL-01,humidity_pct,88
355,2026-08-15T19:00:00Z,PKL-01,temperature_c,27.8
355,2026-08-15T19:00:00Z,PKL-01,pressure_hpa,1001.2
355,2026-08-15T19:00:00Z,PKL-01,humidity_pct,90
356,2026-08-15T20:00:00Z,PKL-01,temperature_c,27.6
356,2026-08-15T20:00:00Z,PKL-01,pressure_hpa,1000.6
356,2026-08-15T20:00:00Z,PKL-01,humidity_pct,89
357,2026-08-15T21:00:00Z,PKL-01,temperature_c,27.4
357,2026-08-15T21:00:00Z,PKL-01,pressure_hpa,999.7
357,2026-08-15T21:00:00Z,PKL-01,humidity_pct,89
358,2026-08-15T22:00:00Z,PKL-01,temperature_c,27.1
358,2026-08-15T22:00:00Z,PKL-01,pressure_hpa,999.4
358,2026-08-15T22:00:00Z,PKL-01,humidity_pct,91
359,2026-08-15T23:00:00Z,PKL-01,temperature_c,26.9
359,2026-08-15T23:00:00Z,PKL-01,pressure_hpa,999.9
359,2026-08-15T23:00:00Z,PKL-01,humidity_pct,92
360,2026-08-16T00:00:00Z,PKL-01,temperature_c,27.1
360,2026-08-16T00:00:00Z,PKL-01,pressure_hpa,999.7
360,2026-08-16T00:00:00Z,PKL-01,humidity_pct,93
361,2026-08-16T01:00:00Z,PKL-01,temperature_c,26.6
361,2026-08-16T01:00:00Z,PKL-01,pressure_hpa,1000.5
361,2026-08-16T01:00:00Z,PKL-01,humidity_pct,96
362,2026-08-16T02:00:00Z,PKL-01,temperature_c,27.1
362,2026-08-16T02:00:00Z,PKL-01,pressure_hpa,1000.5
362,2026-08-16T02:00:00Z,PKL-01,humidity_pct,87
363,2026-08-16T03:00:00Z,PKL-01,temperature_c,29.0
363,2026-08-16T03:00:00Z,PKL-01,pressure_hpa,1000.8
363,2026-08-16T03:00:00Z,PKL-01,humidity_pct,81
364,2026-08-16T04:00:00Z,PKL-01,temperature_c,30.5
364,2026-08-16T04:00:00Z,PKL-01,pressure_hpa,1000.7
364,2026-08-16T04:00:00Z,PKL-01,humidity_pct,74
365,2026-08-16T05:00:00Z,PKL-01,temperature_c,31.9
365,2026-08-16T05:00:00Z,PKL-01,pressure_hpa,1000.4
365,2026-08-16T05:00:00Z,PKL-01,humidity_pct,69
366,2026-08-16T06:00:00Z,PKL-01,temperature_c,33.1
366,2026-08-16T06:00:00Z,PKL-01,pressure_hpa,1000.5
366,2026-08-16T06:00:00Z,PKL-01,humidity_pct,63
367,2026-08-16T07:00:00Z,PKL-01,temperature_c,33.4
367,2026-08-16T07:00:00Z,PKL-01,pressure_hpa,999.9
367,2026-08-16T07:00:00Z,PKL-01,humidity_pct,61
368,2026-08-16T08:00:00Z,PKL-01,temperature_c,33.8
368,2026-08-16T08:00:00Z,PKL-01,pressure_hpa,999.5
368,2026-08-16T08:00:00Z,PKL-01,humidity_pct,59
369,2026-08-16T09:00:00Z,PKL-01,temperature_c,34.0
369,2026-08-16T09:00:00Z,PKL-01,pressure_hpa,998.8
369,2026-08-16T09:00:00Z,PKL-01,humidity_pct,57
370,2026-08-16T10:00:00Z,PKL-01,temperature_c,33.7
370,2026-08-16T10:00:00Z,PKL-01,pressure_hpa,998.4
370,2026-08-16T10:00:00Z,PKL-01,humidity_pct,57
371,2026-08-16T11:00:00Z,PKL-01,temperature_c,33.2
371,2026-08-16T11:00:00Z,PKL-01,pressure_hpa,998.2
371,2026-08-16T11:00:00Z,PKL-01,humidity_pct,60
372,2026-08-16T12:00:00Z,PKL-01,temperature_c,32.5
372,2026-08-16T12:00:00Z,PKL-01,pressure_hpa,998.6
372,2026-08-16T12:00:00Z,PKL-01,humidity_pct,72
373,2026-08-16T13:00:00Z,PKL-01,temperature_c,30.9
373,2026-08-16T13:00:00Z,PKL-01,pressure_hpa,999.1
373,2026-08-16T13:00:00Z,PKL-01,humidity_pct,79
374,2026-08-16T14:00:00Z,PKL-01,temperature_c,28.3
374,2026-08-16T14:00:00Z,PKL-01,pressure_hpa,1000.2
374,2026-08-16T14:00:00Z,PKL-01,humidity_pct,87
375,2026-08-16T15:00:00Z,PKL-01,temperature_c,28.8
375,2026-08-16T15:00:00Z,PKL-01,pressure_hpa,1000.7
375,2026-08-16T15:00:00Z,PKL-01,humidity_pct,89
376,2026-08-16T16:00:00Z,PKL-01,temperature_c,28.5
376,2026-08-16T16:00:00Z,PKL-01,pressure_hpa,1001.2
376,2026-08-16T16:00:00Z,PKL-01,humidity_pct,91
377,2026-08-16T17:00:00Z,PKL-01,temperature_c,28.1
377,2026-08-16T17:00:00Z,PKL-01,pressure_hpa,1001.6
377,2026-08-16T17:00:00Z,PKL-01,humidity_pct,93
378,2026-08-16T18:00:00Z,PKL-01,temperature_c,28.3
378,2026-08-16T18:00:00Z,PKL-01,pressure_hpa,1000.9
378,2026-08-16T18:00:00Z,PKL-01,humidity_pct,92
379,2026-08-16T19:00:00Z,PKL-01,temperature_c,27.7
379,2026-08-16T19:00:00Z,PKL-01,pressure_hpa,1000.6
379,2026-08-16T19:00:00Z,PKL-01,humidity_pct,93
380,2026-08-16T20:00:00Z,PKL-01,temperature_c,27.5
380,2026-08-16T20:00:00Z,PKL-01,pressure_hpa,1000.4
380,2026-08-16T20:00:00Z,PKL-01,humidity_pct,90
381,2026-08-16T21:00:00Z,PKL-01,temperature_c,25.2
381,2026-08-16T21:00:00Z,PKL-01,pressure_hpa,1000.6
381,2026-08-16T21:00:00Z,PKL-01,humidity_pct,96
382,2026-08-16T22:00:00Z,PKL-01,temperature_c,25.5
382,2026-08-16T22:00:00Z,PKL-01,pressure_hpa,1000.4
382,2026-08-16T22:00:00Z,PKL-01,humidity_pct,98
383,2026-08-16T23:00:00Z,PKL-01,temperature_c,25.4
383,2026-08-16T23:00:00Z,PKL-01,pressure_hpa,1000.1
383,2026-08-16T23:00:00Z,PKL-01,humidity_pct,99
384,2026-08-17T00:00:00Z,PKL-01,temperature_c,26.6
384,2026-08-17T00:00:00Z,PKL-01,pressure_hpa,1000.4
384,2026-08-17T00:00:00Z,PKL-01,humidity_pct,91
385,2026-08-17T01:00:00Z,PKL-01,temperature_c,27.0
385,2026-08-17T01:00:00Z,PKL-01,pressure_hpa,1000.8
385,2026-08-17T01:00:00Z,PKL-01,humidity_pct,89
386,2026-08-17T02:00:00Z,PKL-01,temperature_c,27.3
386,2026-08-17T02:00:00Z,PKL-01,pressure_hpa,1001.0
386,2026-08-17T02:00:00Z,PKL-01,humidity_pct,92
387,2026-08-17T03:00:00Z,PKL-01,temperature_c,26.7
387,2026-08-17T03:00:00Z,PKL-01,pressure_hpa,1001.7
387,2026-08-17T03:00:00Z,PKL-01,humidity_pct,89
388,2026-08-17T04:00:00Z,PKL-01,temperature_c,28.8
388,2026-08-17T04:00:00Z,PKL-01,pressure_hpa,1001.9
388,2026-08-17T04:00:00Z,PKL-01,humidity_pct,80
389,2026-08-17T05:00:00Z,PKL-01,temperature_c,30.4
389,2026-08-17T05:00:00Z,PKL-01,pressure_hpa,1002.0
389,2026-08-17T05:00:00Z,PKL-01,humidity_pct,74
390,2026-08-17T06:00:00Z,PKL-01,temperature_c,31.7
390,2026-08-17T06:00:00Z,PKL-01,pressure_hpa,1001.8
390,2026-08-17T06:00:00Z,PKL-01,humidity_pct,67
391,2026-08-17T07:00:00Z,PKL-01,temperature_c,32.9
391,2026-08-17T07:00:00Z,PKL-01,pressure_hpa,1001.1
391,2026-08-17T07:00:00Z,PKL-01,humidity_pct,63
392,2026-08-17T08:00:00Z,PKL-01,temperature_c,33.5
392,2026-08-17T08:00:00Z,PKL-01,pressure_hpa,1000.6
392,2026-08-17T08:00:00Z,PKL-01,humidity_pct,61
393,2026-08-17T09:00:00Z,PKL-01,temperature_c,33.0
393,2026-08-17T09:00:00Z,PKL-01,pressure_hpa,1000.1
393,2026-08-17T09:00:00Z,PKL-01,humidity_pct,63
394,2026-08-17T10:00:00Z,PKL-01,temperature_c,31.2
394,2026-08-17T10:00:00Z,PKL-01,pressure_hpa,1000.0
394,2026-08-17T10:00:00Z,PKL-01,humidity_pct,72
395,2026-08-17T11:00:00Z,PKL-01,temperature_c,31.4
395,2026-08-17T11:00:00Z,PKL-01,pressure_hpa,999.5
395,2026-08-17T11:00:00Z,PKL-01,humidity_pct,70
396,2026-08-17T12:00:00Z,PKL-01,temperature_c,29.8
396,2026-08-17T12:00:00Z,PKL-01,pressure_hpa,1000.1
396,2026-08-17T12:00:00Z,PKL-01,humidity_pct,88
397,2026-08-17T13:00:00Z,PKL-01,temperature_c,29.1
397,2026-08-17T13:00:00Z,PKL-01,pressure_hpa,1000.1
397,2026-08-17T13:00:00Z,PKL-01,humidity_pct,91
398,2026-08-17T14:00:00Z,PKL-01,temperature_c,28.9
398,2026-08-17T14:00:00Z,PKL-01,pressure_hpa,1000.8
398,2026-08-17T14:00:00Z,PKL-01,humidity_pct,91
399,2026-08-17T15:00:00Z,PKL-01,temperature_c,28.4
399,2026-08-17T15:00:00Z,PKL-01,pressure_hpa,1001.5
399,2026-08-17T15:00:00Z,PKL-01,humidity_pct,95
400,2026-08-17T16:00:00Z,PKL-01,temperature_c,28.2
400,2026-08-17T16:00:00Z,PKL-01,pressure_hpa,1002.0
400,2026-08-17T16:00:00Z,PKL-01,humidity_pct,97
401,2026-08-17T17:00:00Z,PKL-01,temperature_c,27.7
401,2026-08-17T17:00:00Z,PKL-01,pressure_hpa,1002.4
401,2026-08-17T17:00:00Z,PKL-01,humidity_pct,98
402,2026-08-17T18:00:00Z,PKL-01,temperature_c,28.2
402,2026-08-17T18:00:00Z,PKL-01,pressure_hpa,1002.2
402,2026-08-17T18:00:00Z,PKL-01,humidity_pct,96
403,2026-08-17T19:00:00Z,PKL-01,temperature_c,27.7
403,2026-08-17T19:00:00Z,PKL-01,pressure_hpa,1002.2
403,2026-08-17T19:00:00Z,PKL-01,humidity_pct,98
404,2026-08-17T20:00:00Z,PKL-01,temperature_c,27.3
404,2026-08-17T20:00:00Z,PKL-01,pressure_hpa,1002.2
404,2026-08-17T20:00:00Z,PKL-01,humidity_pct,100
405,2026-08-17T21:00:00Z,PKL-01,temperature_c,26.6
405,2026-08-17T21:00:00Z,PKL-01,pressure_hpa,1002.1
405,2026-08-17T21:00:00Z,PKL-01,humidity_pct,97
406,2026-08-17T22:00:00Z,PKL-01,temperature_c,26.4
406,2026-08-17T22:00:00Z,PKL-01,pressure_hpa,1001.6
406,2026-08-17T22:00:00Z,PKL-01,humidity_pct,99
407,2026-08-17T23:00:00Z,PKL-01,temperature_c,26.4
407,2026-08-17T23:00:00Z,PKL-01,pressure_hpa,1001.5
407,2026-08-17T23:00:00Z,PKL-01,humidity_pct,97
408,2026-08-18T00:00:00Z,PKL-01,temperature_c,26.2
408,2026-08-18T00:00:00Z,PKL-01,pressure_hpa,1001.9
408,2026-08-18T00:00:00Z,PKL-01,humidity_pct,96
409,2026-08-18T01:00:00Z,PKL-01,temperature_c,26.1
409,2026-08-18T01:00:00Z,PKL-01,pressure_hpa,1002.7
409,2026-08-18T01:00:00Z,PKL-01,humidity_pct,96
410,2026-08-18T02:00:00Z,PKL-01,temperature_c,26.7
410,2026-08-18T02:00:00Z,PKL-01,pressure_hpa,1002.6
410,2026-08-18T02:00:00Z,PKL-01,humidity_pct,95
411,2026-08-18T03:00:00Z,PKL-01,temperature_c,28.3
411,2026-08-18T03:00:00Z,PKL-01,pressure_hpa,1002.6
411,2026-08-18T03:00:00Z,PKL-01,humidity_pct,85
412,2026-08-18T04:00:00Z,PKL-01,temperature_c,30.2
412,2026-08-18T04:00:00Z,PKL-01,pressure_hpa,1002.8
412,2026-08-18T04:00:00Z,PKL-01,humidity_pct,77
413,2026-08-18T05:00:00Z,PKL-01,temperature_c,31.7
413,2026-08-18T05:00:00Z,PKL-01,pressure_hpa,1002.8
413,2026-08-18T05:00:00Z,PKL-01,humidity_pct,69
414,2026-08-18T06:00:00Z,PKL-01,temperature_c,32.4
414,2026-08-18T06:00:00Z,PKL-01,pressure_hpa,1003.1
414,2026-08-18T06:00:00Z,PKL-01,humidity_pct,67
415,2026-08-18T07:00:00Z,PKL-01,temperature_c,33.0
415,2026-08-18T07:00:00Z,PKL-01,pressure_hpa,1002.6
415,2026-08-18T07:00:00Z,PKL-01,humidity_pct,64
416,2026-08-18T08:00:00Z,PKL-01,temperature_c,33.2
416,2026-08-18T08:00:00Z,PKL-01,pressure_hpa,1002.3
416,2026-08-18T08:00:00Z,PKL-01,humidity_pct,64
417,2026-08-18T09:00:00Z,PKL-01,temperature_c,33.1
417,2026-08-18T09:00:00Z,PKL-01,pressure_hpa,1001.8
417,2026-08-18T09:00:00Z,PKL-01,humidity_pct,64
418,2026-08-18T10:00:00Z,PKL-01,temperature_c,27.3
418,2026-08-18T10:00:00Z,PKL-01,pressure_hpa,1002.5
418,2026-08-18T10:00:00Z,PKL-01,humidity_pct,88
419,2026-08-18T11:00:00Z,PKL-01,temperature_c,26.6
419,2026-08-18T11:00:00Z,PKL-01,pressure_hpa,1002.3
419,2026-08-18T11:00:00Z,PKL-01,humidity_pct,93
420,2026-08-18T12:00:00Z,PKL-01,temperature_c,27.5
420,2026-08-18T12:00:00Z,PKL-01,pressure_hpa,1002.4
420,2026-08-18T12:00:00Z,PKL-01,humidity_pct,90
421,2026-08-18T13:00:00Z,PKL-01,temperature_c,26.8
421,2026-08-18T13:00:00Z,PKL-01,pressure_hpa,1002.2
421,2026-08-18T13:00:00Z,PKL-01,humidity_pct,92
422,2026-08-18T14:00:00Z,PKL-01,temperature_c,26.8
422,2026-08-18T14:00:00Z,PKL-01,pressure_hpa,1003.2
422,2026-08-18T14:00:00Z,PKL-01,humidity_pct,95
423,2026-08-18T15:00:00Z,PKL-01,temperature_c,26.1
423,2026-08-18T15:00:00Z,PKL-01,pressure_hpa,1004.0
423,2026-08-18T15:00:00Z,PKL-01,humidity_pct,96
424,2026-08-18T16:00:00Z,PKL-01,temperature_c,26.0
424,2026-08-18T16:00:00Z,PKL-01,pressure_hpa,1004.2
424,2026-08-18T16:00:00Z,PKL-01,humidity_pct,98
425,2026-08-18T17:00:00Z,PKL-01,temperature_c,26.3
425,2026-08-18T17:00:00Z,PKL-01,pressure_hpa,1004.4
425,2026-08-18T17:00:00Z,PKL-01,humidity_pct,96
426,2026-08-18T18:00:00Z,PKL-01,temperature_c,26.3
426,2026-08-18T18:00:00Z,PKL-01,pressure_hpa,1004.2
426,2026-08-18T18:00:00Z,PKL-01,humidity_pct,95
427,2026-08-18T19:00:00Z,PKL-01,temperature_c,26.0
427,2026-08-18T19:00:00Z,PKL-01,pressure_hpa,1003.7
427,2026-08-18T19:00:00Z,PKL-01,humidity_pct,95
428,2026-08-18T20:00:00Z,PKL-01,temperature_c,25.0
428,2026-08-18T20:00:00Z,PKL-01,pressure_hpa,1004.0
428,2026-08-18T20:00:00Z,PKL-01,humidity_pct,97
429,2026-08-18T21:00:00Z,PKL-01,temperature_c,24.3
429,2026-08-18T21:00:00Z,PKL-01,pressure_hpa,1004.1
429,2026-08-18T21:00:00Z,PKL-01,humidity_pct,99
430,2026-08-18T22:00:00Z,PKL-01,temperature_c,24.6
430,2026-08-18T22:00:00Z,PKL-01,pressure_hpa,1003.8
430,2026-08-18T22:00:00Z,PKL-01,humidity_pct,98
431,2026-08-18T23:00:00Z,PKL-01,temperature_c,24.7
431,2026-08-18T23:00:00Z,PKL-01,pressure_hpa,1003.6
431,2026-08-18T23:00:00Z,PKL-01,humidity_pct,97
432,2026-08-19T00:00:00Z,PKL-01,temperature_c,25.8
432,2026-08-19T00:00:00Z,PKL-01,pressure_hpa,1003.3
432,2026-08-19T00:00:00Z,PKL-01,humidity_pct,96
433,2026-08-19T01:00:00Z,PKL-01,temperature_c,25.2
433,2026-08-19T01:00:00Z,PKL-01,pressure_hpa,1004.2
433,2026-08-19T01:00:00Z,PKL-01,humidity_pct,97
434,2026-08-19T02:00:00Z,PKL-01,temperature_c,25.6
434,2026-08-19T02:00:00Z,PKL-01,pressure_hpa,1004.4
434,2026-08-19T02:00:00Z,PKL-01,humidity_pct,97
435,2026-08-19T03:00:00Z,PKL-01,temperature_c,26.7
435,2026-08-19T03:00:00Z,PKL-01,pressure_hpa,1004.6
435,2026-08-19T03:00:00Z,PKL-01,humidity_pct,93
436,2026-08-19T04:00:00Z,PKL-01,temperature_c,28.4
436,2026-08-19T04:00:00Z,PKL-01,pressure_hpa,1004.6
436,2026-08-19T04:00:00Z,PKL-01,humidity_pct,86
437,2026-08-19T05:00:00Z,PKL-01,temperature_c,30.4
437,2026-08-19T05:00:00Z,PKL-01,pressure_hpa,1004.4
437,2026-08-19T05:00:00Z,PKL-01,humidity_pct,75
438,2026-08-19T06:00:00Z,PKL-01,temperature_c,30.9
438,2026-08-19T06:00:00Z,PKL-01,pressure_hpa,1004.6
438,2026-08-19T06:00:00Z,PKL-01,humidity_pct,70
439,2026-08-19T07:00:00Z,PKL-01,temperature_c,31.7
439,2026-08-19T07:00:00Z,PKL-01,pressure_hpa,1003.7
439,2026-08-19T07:00:00Z,PKL-01,humidity_pct,67
440,2026-08-19T08:00:00Z,PKL-01,temperature_c,32.3
440,2026-08-19T08:00:00Z,PKL-01,pressure_hpa,1003.1
440,2026-08-19T08:00:00Z,PKL-01,humidity_pct,65
441,2026-08-19T09:00:00Z,PKL-01,temperature_c,32.7
441,2026-08-19T09:00:00Z,PKL-01,pressure_hpa,1002.4
441,2026-08-19T09:00:00Z,PKL-01,humidity_pct,65
442,2026-08-19T10:00:00Z,PKL-01,temperature_c,32.5
442,2026-08-19T10:00:00Z,PKL-01,pressure_hpa,1001.7
442,2026-08-19T10:00:00Z,PKL-01,humidity_pct,65
443,2026-08-19T11:00:00Z,PKL-01,temperature_c,31.9
443,2026-08-19T11:00:00Z,PKL-01,pressure_hpa,1001.7
443,2026-08-19T11:00:00Z,PKL-01,humidity_pct,67
444,2026-08-19T12:00:00Z,PKL-01,temperature_c,32.2
444,2026-08-19T12:00:00Z,PKL-01,pressure_hpa,1002.0
444,2026-08-19T12:00:00Z,PKL-01,humidity_pct,66
445,2026-08-19T13:00:00Z,PKL-01,temperature_c,31.0
445,2026-08-19T13:00:00Z,PKL-01,pressure_hpa,1002.2
445,2026-08-19T13:00:00Z,PKL-01,humidity_pct,74
446,2026-08-19T14:00:00Z,PKL-01,temperature_c,29.8
446,2026-08-19T14:00:00Z,PKL-01,pressure_hpa,1002.9
446,2026-08-19T14:00:00Z,PKL-01,humidity_pct,80
447,2026-08-19T15:00:00Z,PKL-01,temperature_c,29.0
447,2026-08-19T15:00:00Z,PKL-01,pressure_hpa,1003.6
447,2026-08-19T15:00:00Z,PKL-01,humidity_pct,84
448,2026-08-19T16:00:00Z,PKL-01,temperature_c,28.5
448,2026-08-19T16:00:00Z,PKL-01,pressure_hpa,1004.4
448,2026-08-19T16:00:00Z,PKL-01,humidity_pct,87
449,2026-08-19T17:00:00Z,PKL-01,temperature_c,28.1
449,2026-08-19T17:00:00Z,PKL-01,pressure_hpa,1004.5
449,2026-08-19T17:00:00Z,PKL-01,humidity_pct,88
450,2026-08-19T18:00:00Z,PKL-01,temperature_c,27.9
450,2026-08-19T18:00:00Z,PKL-01,pressure_hpa,1004.8
450,2026-08-19T18:00:00Z,PKL-01,humidity_pct,90
451,2026-08-19T19:00:00Z,PKL-01,temperature_c,27.1
451,2026-08-19T19:00:00Z,PKL-01,pressure_hpa,1004.5
451,2026-08-19T19:00:00Z,PKL-01,humidity_pct,93
452,2026-08-19T20:00:00Z,PKL-01,temperature_c,26.9
452,2026-08-19T20:00:00Z,PKL-01,pressure_hpa,1004.5
452,2026-08-19T20:00:00Z,PKL-01,humidity_pct,94
453,2026-08-19T21:00:00Z,PKL-01,temperature_c,26.6
453,2026-08-19T21:00:00Z,PKL-01,pressure_hpa,1004.3
453,2026-08-19T21:00:00Z,PKL-01,humidity_pct,96
454,2026-08-19T22:00:00Z,PKL-01,temperature_c,26.2
454,2026-08-19T22:00:00Z,PKL-01,pressure_hpa,1004.0
454,2026-08-19T22:00:00Z,PKL-01,humidity_pct,97
455,2026-08-19T23:00:00Z,PKL-01,temperature_c,26.0
455,2026-08-19T23:00:00Z,PKL-01,pressure_hpa,1004.1
455,2026-08-19T23:00:00Z,PKL-01,humidity_pct,99
456,2026-08-20T00:00:00Z,PKL-01,temperature_c,26.7
456,2026-08-20T00:00:00Z,PKL-01,pressure_hpa,1004.0
456,2026-08-20T00:00:00Z,PKL-01,humidity_pct,95
457,2026-08-20T01:00:00Z,PKL-01,temperature_c,26.5
457,2026-08-20T01:00:00Z,PKL-01,pressure_hpa,1004.5
457,2026-08-20T01:00:00Z,PKL-01,humidity_pct,97
458,2026-08-20T02:00:00Z,PKL-01,temperature_c,27.0
458,2026-08-20T02:00:00Z,PKL-01,pressure_hpa,1004.9
458,2026-08-20T02:00:00Z,PKL-01,humidity_pct,93
459,2026-08-20T03:00:00Z,PKL-01,temperature_c,28.2
459,2026-08-20T03:00:00Z,PKL-01,pressure_hpa,1005.3
459,2026-08-20T03:00:00Z,PKL-01,humidity_pct,87
460,2026-08-20T04:00:00Z,PKL-01,temperature_c,29.1
460,2026-08-20T04:00:00Z,PKL-01,pressure_hpa,1005.1
460,2026-08-20T04:00:00Z,PKL-01,humidity_pct,82
461,2026-08-20T05:00:00Z,PKL-01,temperature_c,30.6
461,2026-08-20T05:00:00Z,PKL-01,pressure_hpa,1005.3
461,2026-08-20T05:00:00Z,PKL-01,humidity_pct,75
462,2026-08-20T06:00:00Z,PKL-01,temperature_c,31.9
462,2026-08-20T06:00:00Z,PKL-01,pressure_hpa,1005.1
462,2026-08-20T06:00:00Z,PKL-01,humidity_pct,72
463,2026-08-20T07:00:00Z,PKL-01,temperature_c,32.4
463,2026-08-20T07:00:00Z,PKL-01,pressure_hpa,1004.4
463,2026-08-20T07:00:00Z,PKL-01,humidity_pct,70
464,2026-08-20T08:00:00Z,PKL-01,temperature_c,32.9
464,2026-08-20T08:00:00Z,PKL-01,pressure_hpa,1004.0
464,2026-08-20T08:00:00Z,PKL-01,humidity_pct,67
465,2026-08-20T09:00:00Z,PKL-01,temperature_c,33.2
465,2026-08-20T09:00:00Z,PKL-01,pressure_hpa,1002.8
465,2026-08-20T09:00:00Z,PKL-01,humidity_pct,66
466,2026-08-20T10:00:00Z,PKL-01,temperature_c,32.7
466,2026-08-20T10:00:00Z,PKL-01,pressure_hpa,1001.9
466,2026-08-20T10:00:00Z,PKL-01,humidity_pct,68
467,2026-08-20T11:00:00Z,PKL-01,temperature_c,32.7
467,2026-08-20T11:00:00Z,PKL-01,pressure_hpa,1001.2
467,2026-08-20T11:00:00Z,PKL-01,humidity_pct,65
468,2026-08-20T12:00:00Z,PKL-01,temperature_c,31.7
468,2026-08-20T12:00:00Z,PKL-01,pressure_hpa,1001.4
468,2026-08-20T12:00:00Z,PKL-01,humidity_pct,73
469,2026-08-20T13:00:00Z,PKL-01,temperature_c,30.7
469,2026-08-20T13:00:00Z,PKL-01,pressure_hpa,1001.9
469,2026-08-20T13:00:00Z,PKL-01,humidity_pct,80
470,2026-08-20T14:00:00Z,PKL-01,temperature_c,29.3
470,2026-08-20T14:00:00Z,PKL-01,pressure_hpa,1002.4
470,2026-08-20T14:00:00Z,PKL-01,humidity_pct,86
471,2026-08-20T15:00:00Z,PKL-01,temperature_c,28.7
471,2026-08-20T15:00:00Z,PKL-01,pressure_hpa,1002.7
471,2026-08-20T15:00:00Z,PKL-01,humidity_pct,89
472,2026-08-20T16:00:00Z,PKL-01,temperature_c,28.0
472,2026-08-20T16:00:00Z,PKL-01,pressure_hpa,1003.2
472,2026-08-20T16:00:00Z,PKL-01,humidity_pct,93
473,2026-08-20T17:00:00Z,PKL-01,temperature_c,27.7
473,2026-08-20T17:00:00Z,PKL-01,pressure_hpa,1003.4
473,2026-08-20T17:00:00Z,PKL-01,humidity_pct,94
474,2026-08-20T18:00:00Z,PKL-01,temperature_c,28.6
474,2026-08-20T18:00:00Z,PKL-01,pressure_hpa,1003.0
474,2026-08-20T18:00:00Z,PKL-01,humidity_pct,94
475,2026-08-20T19:00:00Z,PKL-01,temperature_c,27.7
475,2026-08-20T19:00:00Z,PKL-01,pressure_hpa,1003.3
475,2026-08-20T19:00:00Z,PKL-01,humidity_pct,96
476,2026-08-20T20:00:00Z,PKL-01,temperature_c,26.5
476,2026-08-20T20:00:00Z,PKL-01,pressure_hpa,1003.3
476,2026-08-20T20:00:00Z,PKL-01,humidity_pct,96
477,2026-08-20T21:00:00Z,PKL-01,temperature_c,25.8
477,2026-08-20T21:00:00Z,PKL-01,pressure_hpa,1003.0
477,2026-08-20T21:00:00Z,PKL-01,humidity_pct,98
478,2026-08-20T22:00:00Z,PKL-01,temperature_c,25.4
478,2026-08-20T22:00:00Z,PKL-01,pressure_hpa,1002.6
478,2026-08-20T22:00:00Z,PKL-01,humidity_pct,100
479,2026-08-20T23:00:00Z,PKL-01,temperature_c,25.6
479,2026-08-20T23:00:00Z,PKL-01,pressure_hpa,1002.7
479,2026-08-20T23:00:00Z,PKL-01,humidity_pct,99
480,2026-08-21T00:00:00Z,PKL-01,temperature_c,26.8
480,2026-08-21T00:00:00Z,PKL-01,pressure_hpa,1002.0
480,2026-08-21T00:00:00Z,PKL-01,humidity_pct,97
481,2026-08-21T01:00:00Z,PKL-01,temperature_c,26.9
481,2026-08-21T01:00:00Z,PKL-01,pressure_hpa,1002.4
481,2026-08-21T01:00:00Z,PKL-01,humidity_pct,97
482,2026-08-21T02:00:00Z,PKL-01,temperature_c,28.0
482,2026-08-21T02:00:00Z,PKL-01,pressure_hpa,1003.0
482,2026-08-21T02:00:00Z,PKL-01,humidity_pct,93
483,2026-08-21T03:00:00Z,PKL-01,temperature_c,29.7
483,2026-08-21T03:00:00Z,PKL-01,pressure_hpa,1003.4
483,2026-08-21T03:00:00Z,PKL-01,humidity_pct,84
484,2026-08-21T04:00:00Z,PKL-01,temperature_c,31.0
484,2026-08-21T04:00:00Z,PKL-01,pressure_hpa,1003.5
484,2026-08-21T04:00:00Z,PKL-01,humidity_pct,73
485,2026-08-21T05:00:00Z,PKL-01,temperature_c,32.1
485,2026-08-21T05:00:00Z,PKL-01,pressure_hpa,1003.4
485,2026-08-21T05:00:00Z,PKL-01,humidity_pct,65
486,2026-08-21T06:00:00Z,PKL-01,temperature_c,30.7
486,2026-08-21T06:00:00Z,PKL-01,pressure_hpa,1004.2
486,2026-08-21T06:00:00Z,PKL-01,humidity_pct,69
487,2026-08-21T07:00:00Z,PKL-01,temperature_c,31.0
487,2026-08-21T07:00:00Z,PKL-01,pressure_hpa,1003.4
487,2026-08-21T07:00:00Z,PKL-01,humidity_pct,70
488,2026-08-21T08:00:00Z,PKL-01,temperature_c,32.1
488,2026-08-21T08:00:00Z,PKL-01,pressure_hpa,1002.3
488,2026-08-21T08:00:00Z,PKL-01,humidity_pct,65
489,2026-08-21T09:00:00Z,PKL-01,temperature_c,32.2
489,2026-08-21T09:00:00Z,PKL-01,pressure_hpa,1001.6
489,2026-08-21T09:00:00Z,PKL-01,humidity_pct,65
490,2026-08-21T10:00:00Z,PKL-01,temperature_c,32.1
490,2026-08-21T10:00:00Z,PKL-01,pressure_hpa,1000.5
490,2026-08-21T10:00:00Z,PKL-01,humidity_pct,65
491,2026-08-21T11:00:00Z,PKL-01,temperature_c,31.8
491,2026-08-21T11:00:00Z,PKL-01,pressure_hpa,999.7
491,2026-08-21T11:00:00Z,PKL-01,humidity_pct,65
492,2026-08-21T12:00:00Z,PKL-01,temperature_c,31.4
492,2026-08-21T12:00:00Z,PKL-01,pressure_hpa,1000.0
492,2026-08-21T12:00:00Z,PKL-01,humidity_pct,70
493,2026-08-21T13:00:00Z,PKL-01,temperature_c,29.7
493,2026-08-21T13:00:00Z,PKL-01,pressure_hpa,1000.4
493,2026-08-21T13:00:00Z,PKL-01,humidity_pct,80
494,2026-08-21T14:00:00Z,PKL-01,temperature_c,29.0
494,2026-08-21T14:00:00Z,PKL-01,pressure_hpa,1000.7
494,2026-08-21T14:00:00Z,PKL-01,humidity_pct,85
495,2026-08-21T15:00:00Z,PKL-01,temperature_c,28.6
495,2026-08-21T15:00:00Z,PKL-01,pressure_hpa,1001.3
495,2026-08-21T15:00:00Z,PKL-01,humidity_pct,87
496,2026-08-21T16:00:00Z,PKL-01,temperature_c,28.2
496,2026-08-21T16:00:00Z,PKL-01,pressure_hpa,1001.9
496,2026-08-21T16:00:00Z,PKL-01,humidity_pct,89
497,2026-08-21T17:00:00Z,PKL-01,temperature_c,27.9
497,2026-08-21T17:00:00Z,PKL-01,pressure_hpa,1002.0
497,2026-08-21T17:00:00Z,PKL-01,humidity_pct,91
498,2026-08-21T18:00:00Z,PKL-01,temperature_c,27.2
498,2026-08-21T18:00:00Z,PKL-01,pressure_hpa,1001.7
498,2026-08-21T18:00:00Z,PKL-01,humidity_pct,96
499,2026-08-21T19:00:00Z,PKL-01,temperature_c,27.0
499,2026-08-21T19:00:00Z,PKL-01,pressure_hpa,1001.8
499,2026-08-21T19:00:00Z,PKL-01,humidity_pct,96
500,2026-08-21T20:00:00Z,PKL-01,temperature_c,26.8
500,2026-08-21T20:00:00Z,PKL-01,pressure_hpa,1001.5
500,2026-08-21T20:00:00Z,PKL-01,humidity_pct,96
501,2026-08-21T21:00:00Z,PKL-01,temperature_c,26.7
501,2026-08-21T21:00:00Z,PKL-01,pressure_hpa,1001.3
501,2026-08-21T21:00:00Z,PKL-01,humidity_pct,96
502,2026-08-21T22:00:00Z,PKL-01,temperature_c,26.6
502,2026-08-21T22:00:00Z,PKL-01,pressure_hpa,1001.1
502,2026-08-21T22:00:00Z,PKL-01,humidity_pct,96
503,2026-08-21T23:00:00Z,PKL-01,temperature_c,26.3
503,2026-08-21T23:00:00Z,PKL-01,pressure_hpa,1001.2
503,2026-08-21T23:00:00Z,PKL-01,humidity_pct,97
504,2026-08-22T00:00:00Z,PKL-01,temperature_c,27.0
504,2026-08-22T00:00:00Z,PKL-01,pressure_hpa,1001.4
504,2026-08-22T00:00:00Z,PKL-01,humidity_pct,90
505,2026-08-22T01:00:00Z,PKL-01,temperature_c,27.1
505,2026-08-22T01:00:00Z,PKL-01,pressure_hpa,1002.4
505,2026-08-22T01:00:00Z,PKL-01,humidity_pct,88
506,2026-08-22T02:00:00Z,PKL-01,temperature_c,28.2
506,2026-08-22T02:00:00Z,PKL-01,pressure_hpa,1002.7
506,2026-08-22T02:00:00Z,PKL-01,humidity_pct,85
507,2026-08-22T03:00:00Z,PKL-01,temperature_c,28.9
507,2026-08-22T03:00:00Z,PKL-01,pressure_hpa,1003.0
507,2026-08-22T03:00:00Z,PKL-01,humidity_pct,83
508,2026-08-22T04:00:00Z,PKL-01,temperature_c,30.0
508,2026-08-22T04:00:00Z,PKL-01,pressure_hpa,1002.9
508,2026-08-22T04:00:00Z,PKL-01,humidity_pct,77
509,2026-08-22T05:00:00Z,PKL-01,temperature_c,31.3
509,2026-08-22T05:00:00Z,PKL-01,pressure_hpa,1002.9
509,2026-08-22T05:00:00Z,PKL-01,humidity_pct,72
510,2026-08-22T06:00:00Z,PKL-01,temperature_c,32.0
510,2026-08-22T06:00:00Z,PKL-01,pressure_hpa,1003.3
510,2026-08-22T06:00:00Z,PKL-01,humidity_pct,68
511,2026-08-22T07:00:00Z,PKL-01,temperature_c,32.5
511,2026-08-22T07:00:00Z,PKL-01,pressure_hpa,1002.7
511,2026-08-22T07:00:00Z,PKL-01,humidity_pct,64
512,2026-08-22T08:00:00Z,PKL-01,temperature_c,33.0
512,2026-08-22T08:00:00Z,PKL-01,pressure_hpa,1002.1
512,2026-08-22T08:00:00Z,PKL-01,humidity_pct,61
513,2026-08-22T09:00:00Z,PKL-01,temperature_c,33.1
513,2026-08-22T09:00:00Z,PKL-01,pressure_hpa,1000.9
513,2026-08-22T09:00:00Z,PKL-01,humidity_pct,60
514,2026-08-22T10:00:00Z,PKL-01,temperature_c,32.7
514,2026-08-22T10:00:00Z,PKL-01,pressure_hpa,1000.3
514,2026-08-22T10:00:00Z,PKL-01,humidity_pct,61
515,2026-08-22T11:00:00Z,PKL-01,temperature_c,32.0
515,2026-08-22T11:00:00Z,PKL-01,pressure_hpa,999.7
515,2026-08-22T11:00:00Z,PKL-01,humidity_pct,66
516,2026-08-22T12:00:00Z,PKL-01,temperature_c,31.5
516,2026-08-22T12:00:00Z,PKL-01,pressure_hpa,999.6
516,2026-08-22T12:00:00Z,PKL-01,humidity_pct,73
517,2026-08-22T13:00:00Z,PKL-01,temperature_c,30.0
517,2026-08-22T13:00:00Z,PKL-01,pressure_hpa,1000.1
517,2026-08-22T13:00:00Z,PKL-01,humidity_pct,81
518,2026-08-22T14:00:00Z,PKL-01,temperature_c,29.0
518,2026-08-22T14:00:00Z,PKL-01,pressure_hpa,1001.0
518,2026-08-22T14:00:00Z,PKL-01,humidity_pct,86
519,2026-08-22T15:00:00Z,PKL-01,temperature_c,28.7
519,2026-08-22T15:00:00Z,PKL-01,pressure_hpa,1001.7
519,2026-08-22T15:00:00Z,PKL-01,humidity_pct,88
520,2026-08-22T16:00:00Z,PKL-01,temperature_c,28.3
520,2026-08-22T16:00:00Z,PKL-01,pressure_hpa,1002.4
520,2026-08-22T16:00:00Z,PKL-01,humidity_pct,91
521,2026-08-22T17:00:00Z,PKL-01,temperature_c,27.8
521,2026-08-22T17:00:00Z,PKL-01,pressure_hpa,1002.9
521,2026-08-22T17:00:00Z,PKL-01,humidity_pct,92
522,2026-08-22T18:00:00Z,PKL-01,temperature_c,27.1
522,2026-08-22T18:00:00Z,PKL-01,pressure_hpa,1003.1
522,2026-08-22T18:00:00Z,PKL-01,humidity_pct,90
523,2026-08-22T19:00:00Z,PKL-01,temperature_c,26.6
523,2026-08-22T19:00:00Z,PKL-01,pressure_hpa,1003.0
523,2026-08-22T19:00:00Z,PKL-01,humidity_pct,92
524,2026-08-22T20:00:00Z,PKL-01,temperature_c,26.3
524,2026-08-22T20:00:00Z,PKL-01,pressure_hpa,1002.4
524,2026-08-22T20:00:00Z,PKL-01,humidity_pct,94
525,2026-08-22T21:00:00Z,PKL-01,temperature_c,26.5
525,2026-08-22T21:00:00Z,PKL-01,pressure_hpa,1002.3
525,2026-08-22T21:00:00Z,PKL-01,humidity_pct,92
526,2026-08-22T22:00:00Z,PKL-01,temperature_c,25.1
526,2026-08-22T22:00:00Z,PKL-01,pressure_hpa,1003.4
526,2026-08-22T22:00:00Z,PKL-01,humidity_pct,98
527,2026-08-22T23:00:00Z,PKL-01,temperature_c,25.0
527,2026-08-22T23:00:00Z,PKL-01,pressure_hpa,1003.5
527,2026-08-22T23:00:00Z,PKL-01,humidity_pct,98
528,2026-08-23T00:00:00Z,PKL-01,temperature_c,24.7
528,2026-08-23T00:00:00Z,PKL-01,pressure_hpa,1004.1
528,2026-08-23T00:00:00Z,PKL-01,humidity_pct,99
529,2026-08-23T01:00:00Z,PKL-01,temperature_c,24.9
529,2026-08-23T01:00:00Z,PKL-01,pressure_hpa,1004.0
529,2026-08-23T01:00:00Z,PKL-01,humidity_pct,97
530,2026-08-23T02:00:00Z,PKL-01,temperature_c,25.8
530,2026-08-23T02:00:00Z,PKL-01,pressure_hpa,1004.0
530,2026-08-23T02:00:00Z,PKL-01,humidity_pct,95
531,2026-08-23T03:00:00Z,PKL-01,temperature_c,26.7
531,2026-08-23T03:00:00Z,PKL-01,pressure_hpa,1005.2
531,2026-08-23T03:00:00Z,PKL-01,humidity_pct,90
532,2026-08-23T04:00:00Z,PKL-01,temperature_c,28.1
532,2026-08-23T04:00:00Z,PKL-01,pressure_hpa,1005.2
532,2026-08-23T04:00:00Z,PKL-01,humidity_pct,83
533,2026-08-23T05:00:00Z,PKL-01,temperature_c,30.0
533,2026-08-23T05:00:00Z,PKL-01,pressure_hpa,1004.9
533,2026-08-23T05:00:00Z,PKL-01,humidity_pct,74
534,2026-08-23T06:00:00Z,PKL-01,temperature_c,30.9
534,2026-08-23T06:00:00Z,PKL-01,pressure_hpa,1005.8
534,2026-08-23T06:00:00Z,PKL-01,humidity_pct,72
535,2026-08-23T07:00:00Z,PKL-01,temperature_c,32.0
535,2026-08-23T07:00:00Z,PKL-01,pressure_hpa,1004.6
535,2026-08-23T07:00:00Z,PKL-01,humidity_pct,65
536,2026-08-23T08:00:00Z,PKL-01,temperature_c,32.5
536,2026-08-23T08:00:00Z,PKL-01,pressure_hpa,1003.4
536,2026-08-23T08:00:00Z,PKL-01,humidity_pct,62
537,2026-08-23T09:00:00Z,PKL-01,temperature_c,33.0
537,2026-08-23T09:00:00Z,PKL-01,pressure_hpa,1002.1
537,2026-08-23T09:00:00Z,PKL-01,humidity_pct,59
538,2026-08-23T10:00:00Z,PKL-01,temperature_c,33.0
538,2026-08-23T10:00:00Z,PKL-01,pressure_hpa,1001.6
538,2026-08-23T10:00:00Z,PKL-01,humidity_pct,60
539,2026-08-23T11:00:00Z,PKL-01,temperature_c,32.5
539,2026-08-23T11:00:00Z,PKL-01,pressure_hpa,1001.2
539,2026-08-23T11:00:00Z,PKL-01,humidity_pct,62
540,2026-08-23T12:00:00Z,PKL-01,temperature_c,32.1
540,2026-08-23T12:00:00Z,PKL-01,pressure_hpa,1001.0
540,2026-08-23T12:00:00Z,PKL-01,humidity_pct,64
541,2026-08-23T13:00:00Z,PKL-01,temperature_c,30.7
541,2026-08-23T13:00:00Z,PKL-01,pressure_hpa,1001.4
541,2026-08-23T13:00:00Z,PKL-01,humidity_pct,74
542,2026-08-23T14:00:00Z,PKL-01,temperature_c,29.7
542,2026-08-23T14:00:00Z,PKL-01,pressure_hpa,1002.0
542,2026-08-23T14:00:00Z,PKL-01,humidity_pct,80
543,2026-08-23T15:00:00Z,PKL-01,temperature_c,29.0
543,2026-08-23T15:00:00Z,PKL-01,pressure_hpa,1003.1
543,2026-08-23T15:00:00Z,PKL-01,humidity_pct,84
544,2026-08-23T16:00:00Z,PKL-01,temperature_c,28.3
544,2026-08-23T16:00:00Z,PKL-01,pressure_hpa,1003.8
544,2026-08-23T16:00:00Z,PKL-01,humidity_pct,86
545,2026-08-23T17:00:00Z,PKL-01,temperature_c,27.9
545,2026-08-23T17:00:00Z,PKL-01,pressure_hpa,1004.0
545,2026-08-23T17:00:00Z,PKL-01,humidity_pct,86
546,2026-08-23T18:00:00Z,PKL-01,temperature_c,28.3
546,2026-08-23T18:00:00Z,PKL-01,pressure_hpa,1003.9
546,2026-08-23T18:00:00Z,PKL-01,humidity_pct,86
547,2026-08-23T19:00:00Z,PKL-01,temperature_c,27.5
547,2026-08-23T19:00:00Z,PKL-01,pressure_hpa,1003.9
547,2026-08-23T19:00:00Z,PKL-01,humidity_pct,88
548,2026-08-23T20:00:00Z,PKL-01,temperature_c,27.1
548,2026-08-23T20:00:00Z,PKL-01,pressure_hpa,1003.4
548,2026-08-23T20:00:00Z,PKL-01,humidity_pct,88
549,2026-08-23T21:00:00Z,PKL-01,temperature_c,26.8
549,2026-08-23T21:00:00Z,PKL-01,pressure_hpa,1003.1
549,2026-08-23T21:00:00Z,PKL-01,humidity_pct,89
550,2026-08-23T22:00:00Z,PKL-01,temperature_c,26.4
550,2026-08-23T22:00:00Z,PKL-01,pressure_hpa,1002.9
550,2026-08-23T22:00:00Z,PKL-01,humidity_pct,90
551,2026-08-23T23:00:00Z,PKL-01,temperature_c,25.8
551,2026-08-23T23:00:00Z,PKL-01,pressure_hpa,1002.9
551,2026-08-23T23:00:00Z,PKL-01,humidity_pct,93
552,2026-08-24T00:00:00Z,PKL-01,temperature_c,27.1
552,2026-08-24T00:00:00Z,PKL-01,pressure_hpa,1003.2
552,2026-08-24T00:00:00Z,PKL-01,humidity_pct,86
553,2026-08-24T01:00:00Z,PKL-01,temperature_c,27.0
553,2026-08-24T01:00:00Z,PKL-01,pressure_hpa,1004.0
553,2026-08-24T01:00:00Z,PKL-01,humidity_pct,85
554,2026-08-24T02:00:00Z,PKL-01,temperature_c,28.3
554,2026-08-24T02:00:00Z,PKL-01,pressure_hpa,1003.6
554,2026-08-24T02:00:00Z,PKL-01,humidity_pct,80
555,2026-08-24T03:00:00Z,PKL-01,temperature_c,29.9
555,2026-08-24T03:00:00Z,PKL-01,pressure_hpa,1003.8
555,2026-08-24T03:00:00Z,PKL-01,humidity_pct,75
556,2026-08-24T04:00:00Z,PKL-01,temperature_c,31.3
556,2026-08-24T04:00:00Z,PKL-01,pressure_hpa,1004.0
556,2026-08-24T04:00:00Z,PKL-01,humidity_pct,66
557,2026-08-24T05:00:00Z,PKL-01,temperature_c,32.5
557,2026-08-24T05:00:00Z,PKL-01,pressure_hpa,1004.0
557,2026-08-24T05:00:00Z,PKL-01,humidity_pct,59
558,2026-08-24T06:00:00Z,PKL-01,temperature_c,33.3
558,2026-08-24T06:00:00Z,PKL-01,pressure_hpa,1004.0
558,2026-08-24T06:00:00Z,PKL-01,humidity_pct,55
559,2026-08-24T07:00:00Z,PKL-01,temperature_c,33.8
559,2026-08-24T07:00:00Z,PKL-01,pressure_hpa,1003.5
559,2026-08-24T07:00:00Z,PKL-01,humidity_pct,53
560,2026-08-24T08:00:00Z,PKL-01,temperature_c,34.5
560,2026-08-24T08:00:00Z,PKL-01,pressure_hpa,1002.7
560,2026-08-24T08:00:00Z,PKL-01,humidity_pct,50
561,2026-08-24T09:00:00Z,PKL-01,temperature_c,34.5
561,2026-08-24T09:00:00Z,PKL-01,pressure_hpa,1001.9
561,2026-08-24T09:00:00Z,PKL-01,humidity_pct,50
562,2026-08-24T10:00:00Z,PKL-01,temperature_c,34.3
562,2026-08-24T10:00:00Z,PKL-01,pressure_hpa,1001.3
562,2026-08-24T10:00:00Z,PKL-01,humidity_pct,51
563,2026-08-24T11:00:00Z,PKL-01,temperature_c,33.7
563,2026-08-24T11:00:00Z,PKL-01,pressure_hpa,1000.8
563,2026-08-24T11:00:00Z,PKL-01,humidity_pct,54
564,2026-08-24T12:00:00Z,PKL-01,temperature_c,33.0
564,2026-08-24T12:00:00Z,PKL-01,pressure_hpa,1000.7
564,2026-08-24T12:00:00Z,PKL-01,humidity_pct,60
565,2026-08-24T13:00:00Z,PKL-01,temperature_c,31.4
565,2026-08-24T13:00:00Z,PKL-01,pressure_hpa,1001.3
565,2026-08-24T13:00:00Z,PKL-01,humidity_pct,69
566,2026-08-24T14:00:00Z,PKL-01,temperature_c,30.4
566,2026-08-24T14:00:00Z,PKL-01,pressure_hpa,1001.8
566,2026-08-24T14:00:00Z,PKL-01,humidity_pct,79
567,2026-08-24T15:00:00Z,PKL-01,temperature_c,29.8
567,2026-08-24T15:00:00Z,PKL-01,pressure_hpa,1002.8
567,2026-08-24T15:00:00Z,PKL-01,humidity_pct,82
568,2026-08-24T16:00:00Z,PKL-01,temperature_c,29.1
568,2026-08-24T16:00:00Z,PKL-01,pressure_hpa,1003.6
568,2026-08-24T16:00:00Z,PKL-01,humidity_pct,86
569,2026-08-24T17:00:00Z,PKL-01,temperature_c,28.3
569,2026-08-24T17:00:00Z,PKL-01,pressure_hpa,1003.9
569,2026-08-24T17:00:00Z,PKL-01,humidity_pct,88
570,2026-08-24T18:00:00Z,PKL-01,temperature_c,28.2
570,2026-08-24T18:00:00Z,PKL-01,pressure_hpa,1004.2
570,2026-08-24T18:00:00Z,PKL-01,humidity_pct,83
571,2026-08-24T19:00:00Z,PKL-01,temperature_c,27.8
571,2026-08-24T19:00:00Z,PKL-01,pressure_hpa,1004.2
571,2026-08-24T19:00:00Z,PKL-01,humidity_pct,87
572,2026-08-24T20:00:00Z,PKL-01,temperature_c,26.2
572,2026-08-24T20:00:00Z,PKL-01,pressure_hpa,1003.9
572,2026-08-24T20:00:00Z,PKL-01,humidity_pct,91
573,2026-08-24T21:00:00Z,PKL-01,temperature_c,26.1
573,2026-08-24T21:00:00Z,PKL-01,pressure_hpa,1003.3
573,2026-08-24T21:00:00Z,PKL-01,humidity_pct,93
574,2026-08-24T22:00:00Z,PKL-01,temperature_c,26.0
574,2026-08-24T22:00:00Z,PKL-01,pressure_hpa,1003.3
574,2026-08-24T22:00:00Z,PKL-01,humidity_pct,95
575,2026-08-24T23:00:00Z,PKL-01,temperature_c,26.0
575,2026-08-24T23:00:00Z,PKL-01,pressure_hpa,1003.3
575,2026-08-24T23:00:00Z,PKL-01,humidity_pct,95
576,2026-08-25T00:00:00Z,PKL-01,temperature_c,26.9
576,2026-08-25T00:00:00Z,PKL-01,pressure_hpa,1003.8
576,2026-08-25T00:00:00Z,PKL-01,humidity_pct,92
577,2026-08-25T01:00:00Z,PKL-01,temperature_c,26.4
577,2026-08-25T01:00:00Z,PKL-01,pressure_hpa,1004.4
577,2026-08-25T01:00:00Z,PKL-01,humidity_pct,96
578,2026-08-25T02:00:00Z,PKL-01,temperature_c,27.0
578,2026-08-25T02:00:00Z,PKL-01,pressure_hpa,1004.7
578,2026-08-25T02:00:00Z,PKL-01,humidity_pct,91
579,2026-08-25T03:00:00Z,PKL-01,temperature_c,27.8
579,2026-08-25T03:00:00Z,PKL-01,pressure_hpa,1005.2
579,2026-08-25T03:00:00Z,PKL-01,humidity_pct,86
580,2026-08-25T04:00:00Z,PKL-01,temperature_c,29.2
580,2026-08-25T04:00:00Z,PKL-01,pressure_hpa,1004.8
580,2026-08-25T04:00:00Z,PKL-01,humidity_pct,79
581,2026-08-25T05:00:00Z,PKL-01,temperature_c,30.6
581,2026-08-25T05:00:00Z,PKL-01,pressure_hpa,1005.0
581,2026-08-25T05:00:00Z,PKL-01,humidity_pct,74
582,2026-08-25T06:00:00Z,PKL-01,temperature_c,32.2
582,2026-08-25T06:00:00Z,PKL-01,pressure_hpa,1005.1
582,2026-08-25T06:00:00Z,PKL-01,humidity_pct,67
583,2026-08-25T07:00:00Z,PKL-01,temperature_c,32.6
583,2026-08-25T07:00:00Z,PKL-01,pressure_hpa,1004.9
583,2026-08-25T07:00:00Z,PKL-01,humidity_pct,64
584,2026-08-25T08:00:00Z,PKL-01,temperature_c,32.9
584,2026-08-25T08:00:00Z,PKL-01,pressure_hpa,1003.9
584,2026-08-25T08:00:00Z,PKL-01,humidity_pct,63
585,2026-08-25T09:00:00Z,PKL-01,temperature_c,33.1
585,2026-08-25T09:00:00Z,PKL-01,pressure_hpa,1003.1
585,2026-08-25T09:00:00Z,PKL-01,humidity_pct,59
586,2026-08-25T10:00:00Z,PKL-01,temperature_c,31.2
586,2026-08-25T10:00:00Z,PKL-01,pressure_hpa,1002.8
586,2026-08-25T10:00:00Z,PKL-01,humidity_pct,69
587,2026-08-25T11:00:00Z,PKL-01,temperature_c,30.6
587,2026-08-25T11:00:00Z,PKL-01,pressure_hpa,1002.4
587,2026-08-25T11:00:00Z,PKL-01,humidity_pct,74
588,2026-08-25T12:00:00Z,PKL-01,temperature_c,30.5
588,2026-08-25T12:00:00Z,PKL-01,pressure_hpa,1002.6
588,2026-08-25T12:00:00Z,PKL-01,humidity_pct,73
589,2026-08-25T13:00:00Z,PKL-01,temperature_c,30.1
589,2026-08-25T13:00:00Z,PKL-01,pressure_hpa,1002.7
589,2026-08-25T13:00:00Z,PKL-01,humidity_pct,77
590,2026-08-25T14:00:00Z,PKL-01,temperature_c,29.3
590,2026-08-25T14:00:00Z,PKL-01,pressure_hpa,1003.3
590,2026-08-25T14:00:00Z,PKL-01,humidity_pct,84
591,2026-08-25T15:00:00Z,PKL-01,temperature_c,29.0
591,2026-08-25T15:00:00Z,PKL-01,pressure_hpa,1003.9
591,2026-08-25T15:00:00Z,PKL-01,humidity_pct,86
592,2026-08-25T16:00:00Z,PKL-01,temperature_c,28.7
592,2026-08-25T16:00:00Z,PKL-01,pressure_hpa,1004.2
592,2026-08-25T16:00:00Z,PKL-01,humidity_pct,89
593,2026-08-25T17:00:00Z,PKL-01,temperature_c,28.2
593,2026-08-25T17:00:00Z,PKL-01,pressure_hpa,1003.9
593,2026-08-25T17:00:00Z,PKL-01,humidity_pct,91
594,2026-08-25T18:00:00Z,PKL-01,temperature_c,28.0
594,2026-08-25T18:00:00Z,PKL-01,pressure_hpa,1003.9
594,2026-08-25T18:00:00Z,PKL-01,humidity_pct,89
595,2026-08-25T19:00:00Z,PKL-01,temperature_c,27.3
595,2026-08-25T19:00:00Z,PKL-01,pressure_hpa,1003.9
595,2026-08-25T19:00:00Z,PKL-01,humidity_pct,94
596,2026-08-25T20:00:00Z,PKL-01,temperature_c,27.1
596,2026-08-25T20:00:00Z,PKL-01,pressure_hpa,1004.0
596,2026-08-25T20:00:00Z,PKL-01,humidity_pct,94
597,2026-08-25T21:00:00Z,PKL-01,temperature_c,27.0
597,2026-08-25T21:00:00Z,PKL-01,pressure_hpa,1003.9
597,2026-08-25T21:00:00Z,PKL-01,humidity_pct,94
598,2026-08-25T22:00:00Z,PKL-01,temperature_c,26.8
598,2026-08-25T22:00:00Z,PKL-01,pressure_hpa,1003.6
598,2026-08-25T22:00:00Z,PKL-01,humidity_pct,94
599,2026-08-25T23:00:00Z,PKL-01,temperature_c,26.7
599,2026-08-25T23:00:00Z,PKL-01,pressure_hpa,1003.6
599,2026-08-25T23:00:00Z,PKL-01,humidity_pct,95
600,2026-08-26T00:00:00Z,PKL-01,temperature_c,27.2
600,2026-08-26T00:00:00Z,PKL-01,pressure_hpa,1003.7
600,2026-08-26T00:00:00Z,PKL-01,humidity_pct,96
601,2026-08-26T01:00:00Z,PKL-01,temperature_c,27.2
601,2026-08-26T01:00:00Z,PKL-01,pressure_hpa,1003.9
601,2026-08-26T01:00:00Z,PKL-01,humidity_pct,96
602,2026-08-26T02:00:00Z,PKL-01,temperature_c,28.2
602,2026-08-26T02:00:00Z,PKL-01,pressure_hpa,1004.3
602,2026-08-26T02:00:00Z,PKL-01,humidity_pct,83
603,2026-08-26T03:00:00Z,PKL-01,temperature_c,29.2
603,2026-08-26T03:00:00Z,PKL-01,pressure_hpa,1004.3
603,2026-08-26T03:00:00Z,PKL-01,humidity_pct,81
604,2026-08-26T04:00:00Z,PKL-01,temperature_c,30.5
604,2026-08-26T04:00:00Z,PKL-01,pressure_hpa,1004.2
604,2026-08-26T04:00:00Z,PKL-01,humidity_pct,73
605,2026-08-26T05:00:00Z,PKL-01,temperature_c,31.7
605,2026-08-26T05:00:00Z,PKL-01,pressure_hpa,1004.2
605,2026-08-26T05:00:00Z,PKL-01,humidity_pct,68
606,2026-08-26T06:00:00Z,PKL-01,temperature_c,32.4
606,2026-08-26T06:00:00Z,PKL-01,pressure_hpa,1003.8
606,2026-08-26T06:00:00Z,PKL-01,humidity_pct,66
607,2026-08-26T07:00:00Z,PKL-01,temperature_c,33.1
607,2026-08-26T07:00:00Z,PKL-01,pressure_hpa,1003.3
607,2026-08-26T07:00:00Z,PKL-01,humidity_pct,64
608,2026-08-26T08:00:00Z,PKL-01,temperature_c,33.6
608,2026-08-26T08:00:00Z,PKL-01,pressure_hpa,1002.1
608,2026-08-26T08:00:00Z,PKL-01,humidity_pct,60
609,2026-08-26T09:00:00Z,PKL-01,temperature_c,33.7
609,2026-08-26T09:00:00Z,PKL-01,pressure_hpa,1001.2
609,2026-08-26T09:00:00Z,PKL-01,humidity_pct,59
610,2026-08-26T10:00:00Z,PKL-01,temperature_c,33.4
610,2026-08-26T10:00:00Z,PKL-01,pressure_hpa,1000.5
610,2026-08-26T10:00:00Z,PKL-01,humidity_pct,61
611,2026-08-26T11:00:00Z,PKL-01,temperature_c,32.0
611,2026-08-26T11:00:00Z,PKL-01,pressure_hpa,1000.2
611,2026-08-26T11:00:00Z,PKL-01,humidity_pct,69
612,2026-08-26T12:00:00Z,PKL-01,temperature_c,31.0
612,2026-08-26T12:00:00Z,PKL-01,pressure_hpa,1000.6
612,2026-08-26T12:00:00Z,PKL-01,humidity_pct,75
613,2026-08-26T13:00:00Z,PKL-01,temperature_c,30.3
613,2026-08-26T13:00:00Z,PKL-01,pressure_hpa,1000.7
613,2026-08-26T13:00:00Z,PKL-01,humidity_pct,79
614,2026-08-26T14:00:00Z,PKL-01,temperature_c,29.7
614,2026-08-26T14:00:00Z,PKL-01,pressure_hpa,1001.1
614,2026-08-26T14:00:00Z,PKL-01,humidity_pct,82
615,2026-08-26T15:00:00Z,PKL-01,temperature_c,29.3
615,2026-08-26T15:00:00Z,PKL-01,pressure_hpa,1001.2
615,2026-08-26T15:00:00Z,PKL-01,humidity_pct,82
616,2026-08-26T16:00:00Z,PKL-01,temperature_c,29.1
616,2026-08-26T16:00:00Z,PKL-01,pressure_hpa,1001.5
616,2026-08-26T16:00:00Z,PKL-01,humidity_pct,82
617,2026-08-26T17:00:00Z,PKL-01,temperature_c,28.8
617,2026-08-26T17:00:00Z,PKL-01,pressure_hpa,1001.8
617,2026-08-26T17:00:00Z,PKL-01,humidity_pct,83
618,2026-08-26T18:00:00Z,PKL-01,temperature_c,29.2
618,2026-08-26T18:00:00Z,PKL-01,pressure_hpa,1001.8
618,2026-08-26T18:00:00Z,PKL-01,humidity_pct,81
619,2026-08-26T19:00:00Z,PKL-01,temperature_c,28.6
619,2026-08-26T19:00:00Z,PKL-01,pressure_hpa,1001.7
619,2026-08-26T19:00:00Z,PKL-01,humidity_pct,84
620,2026-08-26T20:00:00Z,PKL-01,temperature_c,28.4
620,2026-08-26T20:00:00Z,PKL-01,pressure_hpa,1001.5
620,2026-08-26T20:00:00Z,PKL-01,humidity_pct,85
621,2026-08-26T21:00:00Z,PKL-01,temperature_c,28.1
621,2026-08-26T21:00:00Z,PKL-01,pressure_hpa,1001.4
621,2026-08-26T21:00:00Z,PKL-01,humidity_pct,88
622,2026-08-26T22:00:00Z,PKL-01,temperature_c,27.7
622,2026-08-26T22:00:00Z,PKL-01,pressure_hpa,1001.4
622,2026-08-26T22:00:00Z,PKL-01,humidity_pct,89
623,2026-08-26T23:00:00Z,PKL-01,temperature_c,27.2
623,2026-08-26T23:00:00Z,PKL-01,pressure_hpa,1001.5
623,2026-08-26T23:00:00Z,PKL-01,humidity_pct,92
624,2026-08-27T00:00:00Z,PKL-01,temperature_c,27.9
624,2026-08-27T00:00:00Z,PKL-01,pressure_hpa,1001.6
624,2026-08-27T00:00:00Z,PKL-01,humidity_pct,86
625,2026-08-27T01:00:00Z,PKL-01,temperature_c,27.8
625,2026-08-27T01:00:00Z,PKL-01,pressure_hpa,1001.8
625,2026-08-27T01:00:00Z,PKL-01,humidity_pct,85
626,2026-08-27T02:00:00Z,PKL-01,temperature_c,29.1
626,2026-08-27T02:00:00Z,PKL-01,pressure_hpa,1001.9
626,2026-08-27T02:00:00Z,PKL-01,humidity_pct,81
627,2026-08-27T03:00:00Z,PKL-01,temperature_c,30.9
627,2026-08-27T03:00:00Z,PKL-01,pressure_hpa,1002.1
627,2026-08-27T03:00:00Z,PKL-01,humidity_pct,73
628,2026-08-27T04:00:00Z,PKL-01,temperature_c,32.4
628,2026-08-27T04:00:00Z,PKL-01,pressure_hpa,1002.3
628,2026-08-27T04:00:00Z,PKL-01,humidity_pct,63
629,2026-08-27T05:00:00Z,PKL-01,temperature_c,33.3
629,2026-08-27T05:00:00Z,PKL-01,pressure_hpa,1002.2
629,2026-08-27T05:00:00Z,PKL-01,humidity_pct,60
630,2026-08-27T06:00:00Z,PKL-01,temperature_c,33.9
630,2026-08-27T06:00:00Z,PKL-01,pressure_hpa,1001.8
630,2026-08-27T06:00:00Z,PKL-01,humidity_pct,56
631,2026-08-27T07:00:00Z,PKL-01,temperature_c,34.4
631,2026-08-27T07:00:00Z,PKL-01,pressure_hpa,1001.3
631,2026-08-27T07:00:00Z,PKL-01,humidity_pct,53
632,2026-08-27T08:00:00Z,PKL-01,temperature_c,34.6
632,2026-08-27T08:00:00Z,PKL-01,pressure_hpa,1000.4
632,2026-08-27T08:00:00Z,PKL-01,humidity_pct,52
633,2026-08-27T09:00:00Z,PKL-01,temperature_c,34.4
633,2026-08-27T09:00:00Z,PKL-01,pressure_hpa,1000.0
633,2026-08-27T09:00:00Z,PKL-01,humidity_pct,52
634,2026-08-27T10:00:00Z,PKL-01,temperature_c,33.9
634,2026-08-27T10:00:00Z,PKL-01,pressure_hpa,999.7
634,2026-08-27T10:00:00Z,PKL-01,humidity_pct,54
635,2026-08-27T11:00:00Z,PKL-01,temperature_c,32.1
635,2026-08-27T11:00:00Z,PKL-01,pressure_hpa,999.8
635,2026-08-27T11:00:00Z,PKL-01,humidity_pct,66
636,2026-08-27T12:00:00Z,PKL-01,temperature_c,32.7
636,2026-08-27T12:00:00Z,PKL-01,pressure_hpa,999.4
636,2026-08-27T12:00:00Z,PKL-01,humidity_pct,70
637,2026-08-27T13:00:00Z,PKL-01,temperature_c,28.9
637,2026-08-27T13:00:00Z,PKL-01,pressure_hpa,1000.5
637,2026-08-27T13:00:00Z,PKL-01,humidity_pct,85
638,2026-08-27T14:00:00Z,PKL-01,temperature_c,26.9
638,2026-08-27T14:00:00Z,PKL-01,pressure_hpa,1001.0
638,2026-08-27T14:00:00Z,PKL-01,humidity_pct,95
639,2026-08-27T15:00:00Z,PKL-01,temperature_c,27.6
639,2026-08-27T15:00:00Z,PKL-01,pressure_hpa,1001.4
639,2026-08-27T15:00:00Z,PKL-01,humidity_pct,92
640,2026-08-27T16:00:00Z,PKL-01,temperature_c,27.6
640,2026-08-27T16:00:00Z,PKL-01,pressure_hpa,1001.5
640,2026-08-27T16:00:00Z,PKL-01,humidity_pct,94
641,2026-08-27T17:00:00Z,PKL-01,temperature_c,27.2
641,2026-08-27T17:00:00Z,PKL-01,pressure_hpa,1001.7
641,2026-08-27T17:00:00Z,PKL-01,humidity_pct,96
642,2026-08-27T18:00:00Z,PKL-01,temperature_c,27.2
642,2026-08-27T18:00:00Z,PKL-01,pressure_hpa,1001.8
642,2026-08-27T18:00:00Z,PKL-01,humidity_pct,97
643,2026-08-27T19:00:00Z,PKL-01,temperature_c,26.6
643,2026-08-27T19:00:00Z,PKL-01,pressure_hpa,1001.9
643,2026-08-27T19:00:00Z,PKL-01,humidity_pct,98
644,2026-08-27T20:00:00Z,PKL-01,temperature_c,26.1
644,2026-08-27T20:00:00Z,PKL-01,pressure_hpa,1001.9
644,2026-08-27T20:00:00Z,PKL-01,humidity_pct,99
645,2026-08-27T21:00:00Z,PKL-01,temperature_c,25.9
645,2026-08-27T21:00:00Z,PKL-01,pressure_hpa,1001.7
645,2026-08-27T21:00:00Z,PKL-01,humidity_pct,98
646,2026-08-27T22:00:00Z,PKL-01,temperature_c,26.0
646,2026-08-27T22:00:00Z,PKL-01,pressure_hpa,1001.5
646,2026-08-27T22:00:00Z,PKL-01,humidity_pct,97
647,2026-08-27T23:00:00Z,PKL-01,temperature_c,26.0
647,2026-08-27T23:00:00Z,PKL-01,pressure_hpa,1001.4
647,2026-08-27T23:00:00Z,PKL-01,humidity_pct,96
648,2026-08-28T00:00:00Z,PKL-01,temperature_c,26.8
648,2026-08-28T00:00:00Z,PKL-01,pressure_hpa,1002.0
648,2026-08-28T00:00:00Z,PKL-01,humidity_pct,97
649,2026-08-28T01:00:00Z,PKL-01,temperature_c,26.9
649,2026-08-28T01:00:00Z,PKL-01,pressure_hpa,1002.5
649,2026-08-28T01:00:00Z,PKL-01,humidity_pct,96
650,2026-08-28T02:00:00Z,PKL-01,temperature_c,27.6
650,2026-08-28T02:00:00Z,PKL-01,pressure_hpa,1002.9
650,2026-08-28T02:00:00Z,PKL-01,humidity_pct,94
651,2026-08-28T03:00:00Z,PKL-01,temperature_c,28.7
651,2026-08-28T03:00:00Z,PKL-01,pressure_hpa,1002.6
651,2026-08-28T03:00:00Z,PKL-01,humidity_pct,84
652,2026-08-28T04:00:00Z,PKL-01,temperature_c,30.8
652,2026-08-28T04:00:00Z,PKL-01,pressure_hpa,1002.4
652,2026-08-28T04:00:00Z,PKL-01,humidity_pct,71
653,2026-08-28T05:00:00Z,PKL-01,temperature_c,32.1
653,2026-08-28T05:00:00Z,PKL-01,pressure_hpa,1002.2
653,2026-08-28T05:00:00Z,PKL-01,humidity_pct,64
654,2026-08-28T06:00:00Z,PKL-01,temperature_c,33.0
654,2026-08-28T06:00:00Z,PKL-01,pressure_hpa,1002.2
654,2026-08-28T06:00:00Z,PKL-01,humidity_pct,58
655,2026-08-28T07:00:00Z,PKL-01,temperature_c,33.6
655,2026-08-28T07:00:00Z,PKL-01,pressure_hpa,1001.6
655,2026-08-28T07:00:00Z,PKL-01,humidity_pct,56
656,2026-08-28T08:00:00Z,PKL-01,temperature_c,34.2
656,2026-08-28T08:00:00Z,PKL-01,pressure_hpa,1000.7
656,2026-08-28T08:00:00Z,PKL-01,humidity_pct,54
657,2026-08-28T09:00:00Z,PKL-01,temperature_c,34.5
657,2026-08-28T09:00:00Z,PKL-01,pressure_hpa,999.9
657,2026-08-28T09:00:00Z,PKL-01,humidity_pct,52
658,2026-08-28T10:00:00Z,PKL-01,temperature_c,34.5
658,2026-08-28T10:00:00Z,PKL-01,pressure_hpa,999.3
658,2026-08-28T10:00:00Z,PKL-01,humidity_pct,52
659,2026-08-28T11:00:00Z,PKL-01,temperature_c,34.1
659,2026-08-28T11:00:00Z,PKL-01,pressure_hpa,998.8
659,2026-08-28T11:00:00Z,PKL-01,humidity_pct,53
660,2026-08-28T12:00:00Z,PKL-01,temperature_c,33.8
660,2026-08-28T12:00:00Z,PKL-01,pressure_hpa,998.6
660,2026-08-28T12:00:00Z,PKL-01,humidity_pct,58
661,2026-08-28T13:00:00Z,PKL-01,temperature_c,31.6
661,2026-08-28T13:00:00Z,PKL-01,pressure_hpa,999.1
661,2026-08-28T13:00:00Z,PKL-01,humidity_pct,70
662,2026-08-28T14:00:00Z,PKL-01,temperature_c,30.6
662,2026-08-28T14:00:00Z,PKL-01,pressure_hpa,999.6
662,2026-08-28T14:00:00Z,PKL-01,humidity_pct,75
663,2026-08-28T15:00:00Z,PKL-01,temperature_c,30.1
663,2026-08-28T15:00:00Z,PKL-01,pressure_hpa,1000.5
663,2026-08-28T15:00:00Z,PKL-01,humidity_pct,77
664,2026-08-28T16:00:00Z,PKL-01,temperature_c,29.7
664,2026-08-28T16:00:00Z,PKL-01,pressure_hpa,1001.1
664,2026-08-28T16:00:00Z,PKL-01,humidity_pct,78
665,2026-08-28T17:00:00Z,PKL-01,temperature_c,29.2
665,2026-08-28T17:00:00Z,PKL-01,pressure_hpa,1001.5
665,2026-08-28T17:00:00Z,PKL-01,humidity_pct,81
666,2026-08-28T18:00:00Z,PKL-01,temperature_c,29.5
666,2026-08-28T18:00:00Z,PKL-01,pressure_hpa,1001.4
666,2026-08-28T18:00:00Z,PKL-01,humidity_pct,82
667,2026-08-28T19:00:00Z,PKL-01,temperature_c,28.8
667,2026-08-28T19:00:00Z,PKL-01,pressure_hpa,1001.1
667,2026-08-28T19:00:00Z,PKL-01,humidity_pct,86
668,2026-08-28T20:00:00Z,PKL-01,temperature_c,28.3
668,2026-08-28T20:00:00Z,PKL-01,pressure_hpa,1000.8
668,2026-08-28T20:00:00Z,PKL-01,humidity_pct,88
669,2026-08-28T21:00:00Z,PKL-01,temperature_c,28.0
669,2026-08-28T21:00:00Z,PKL-01,pressure_hpa,1000.4
669,2026-08-28T21:00:00Z,PKL-01,humidity_pct,88
670,2026-08-28T22:00:00Z,PKL-01,temperature_c,27.8
670,2026-08-28T22:00:00Z,PKL-01,pressure_hpa,1000.2
670,2026-08-28T22:00:00Z,PKL-01,humidity_pct,88
671,2026-08-28T23:00:00Z,PKL-01,temperature_c,27.6
671,2026-08-28T23:00:00Z,PKL-01,pressure_hpa,1000.4
671,2026-08-28T23:00:00Z,PKL-01,humidity_pct,89
0,2026-08-01T00:00:00Z,AMB-01,temperature_c,25.7
0,2026-08-01T00:00:00Z,AMB-01,pressure_hpa,1000.6
0,2026-08-01T00:00:00Z,AMB-01,humidity_pct,93
1,2026-08-01T01:00:00Z,AMB-01,temperature_c,26.5
1,2026-08-01T01:00:00Z,AMB-01,pressure_hpa,1000.8
1,2026-08-01T01:00:00Z,AMB-01,humidity_pct,92
2,2026-08-01T02:00:00Z,AMB-01,temperature_c,27.7
2,2026-08-01T02:00:00Z,AMB-01,pressure_hpa,1001.5
2,2026-08-01T02:00:00Z,AMB-01,humidity_pct,90
3,2026-08-01T03:00:00Z,AMB-01,temperature_c,28.4
3,2026-08-01T03:00:00Z,AMB-01,pressure_hpa,1002.0
3,2026-08-01T03:00:00Z,AMB-01,humidity_pct,85
4,2026-08-01T04:00:00Z,AMB-01,temperature_c,29.9
4,2026-08-01T04:00:00Z,AMB-01,pressure_hpa,1001.6
4,2026-08-01T04:00:00Z,AMB-01,humidity_pct,75
5,2026-08-01T05:00:00Z,AMB-01,temperature_c,30.8
5,2026-08-01T05:00:00Z,AMB-01,pressure_hpa,1001.3
5,2026-08-01T05:00:00Z,AMB-01,humidity_pct,71
6,2026-08-01T06:00:00Z,AMB-01,temperature_c,31.6
6,2026-08-01T06:00:00Z,AMB-01,pressure_hpa,1001.1
6,2026-08-01T06:00:00Z,AMB-01,humidity_pct,68
7,2026-08-01T07:00:00Z,AMB-01,temperature_c,32.0
7,2026-08-01T07:00:00Z,AMB-01,pressure_hpa,1000.2
7,2026-08-01T07:00:00Z,AMB-01,humidity_pct,67
8,2026-08-01T08:00:00Z,AMB-01,temperature_c,32.5
8,2026-08-01T08:00:00Z,AMB-01,pressure_hpa,999.6
8,2026-08-01T08:00:00Z,AMB-01,humidity_pct,65
9,2026-08-01T09:00:00Z,AMB-01,temperature_c,32.7
9,2026-08-01T09:00:00Z,AMB-01,pressure_hpa,998.6
9,2026-08-01T09:00:00Z,AMB-01,humidity_pct,65
10,2026-08-01T10:00:00Z,AMB-01,temperature_c,32.5
10,2026-08-01T10:00:00Z,AMB-01,pressure_hpa,998.3
10,2026-08-01T10:00:00Z,AMB-01,humidity_pct,64
11,2026-08-01T11:00:00Z,AMB-01,temperature_c,32.0
11,2026-08-01T11:00:00Z,AMB-01,pressure_hpa,997.8
11,2026-08-01T11:00:00Z,AMB-01,humidity_pct,66
12,2026-08-01T12:00:00Z,AMB-01,temperature_c,31.4
12,2026-08-01T12:00:00Z,AMB-01,pressure_hpa,998.0
12,2026-08-01T12:00:00Z,AMB-01,humidity_pct,74
13,2026-08-01T13:00:00Z,AMB-01,temperature_c,30.5
13,2026-08-01T13:00:00Z,AMB-01,pressure_hpa,998.7
13,2026-08-01T13:00:00Z,AMB-01,humidity_pct,80
14,2026-08-01T14:00:00Z,AMB-01,temperature_c,29.6
14,2026-08-01T14:00:00Z,AMB-01,pressure_hpa,999.2
14,2026-08-01T14:00:00Z,AMB-01,humidity_pct,82
15,2026-08-01T15:00:00Z,AMB-01,temperature_c,29.0
15,2026-08-01T15:00:00Z,AMB-01,pressure_hpa,999.4
15,2026-08-01T15:00:00Z,AMB-01,humidity_pct,83
16,2026-08-01T16:00:00Z,AMB-01,temperature_c,28.6
16,2026-08-01T16:00:00Z,AMB-01,pressure_hpa,1000.2
16,2026-08-01T16:00:00Z,AMB-01,humidity_pct,83
17,2026-08-01T17:00:00Z,AMB-01,temperature_c,28.4
17,2026-08-01T17:00:00Z,AMB-01,pressure_hpa,1000.8
17,2026-08-01T17:00:00Z,AMB-01,humidity_pct,83
18,2026-08-01T18:00:00Z,AMB-01,temperature_c,29.0
18,2026-08-01T18:00:00Z,AMB-01,pressure_hpa,1000.4
18,2026-08-01T18:00:00Z,AMB-01,humidity_pct,80
19,2026-08-01T19:00:00Z,AMB-01,temperature_c,28.7
19,2026-08-01T19:00:00Z,AMB-01,pressure_hpa,1000.2
19,2026-08-01T19:00:00Z,AMB-01,humidity_pct,80
20,2026-08-01T20:00:00Z,AMB-01,temperature_c,28.4
20,2026-08-01T20:00:00Z,AMB-01,pressure_hpa,1000.9
20,2026-08-01T20:00:00Z,AMB-01,humidity_pct,80
21,2026-08-01T21:00:00Z,AMB-01,temperature_c,28.1
21,2026-08-01T21:00:00Z,AMB-01,pressure_hpa,1000.9
21,2026-08-01T21:00:00Z,AMB-01,humidity_pct,82
22,2026-08-01T22:00:00Z,AMB-01,temperature_c,27.7
22,2026-08-01T22:00:00Z,AMB-01,pressure_hpa,1000.5
22,2026-08-01T22:00:00Z,AMB-01,humidity_pct,84
23,2026-08-01T23:00:00Z,AMB-01,temperature_c,27.0
23,2026-08-01T23:00:00Z,AMB-01,pressure_hpa,1001.4
23,2026-08-01T23:00:00Z,AMB-01,humidity_pct,86
24,2026-08-02T00:00:00Z,AMB-01,temperature_c,26.9
24,2026-08-02T00:00:00Z,AMB-01,pressure_hpa,1000.9
24,2026-08-02T00:00:00Z,AMB-01,humidity_pct,90
25,2026-08-02T01:00:00Z,AMB-01,temperature_c,27.1
25,2026-08-02T01:00:00Z,AMB-01,pressure_hpa,1001.6
25,2026-08-02T01:00:00Z,AMB-01,humidity_pct,91
26,2026-08-02T02:00:00Z,AMB-01,temperature_c,28.2
26,2026-08-02T02:00:00Z,AMB-01,pressure_hpa,1001.2
26,2026-08-02T02:00:00Z,AMB-01,humidity_pct,89
27,2026-08-02T03:00:00Z,AMB-01,temperature_c,29.6
27,2026-08-02T03:00:00Z,AMB-01,pressure_hpa,1001.8
27,2026-08-02T03:00:00Z,AMB-01,humidity_pct,83
28,2026-08-02T04:00:00Z,AMB-01,temperature_c,30.5
28,2026-08-02T04:00:00Z,AMB-01,pressure_hpa,1001.9
28,2026-08-02T04:00:00Z,AMB-01,humidity_pct,77
29,2026-08-02T05:00:00Z,AMB-01,temperature_c,31.4
29,2026-08-02T05:00:00Z,AMB-01,pressure_hpa,1001.7
29,2026-08-02T05:00:00Z,AMB-01,humidity_pct,74
30,2026-08-02T06:00:00Z,AMB-01,temperature_c,31.0
30,2026-08-02T06:00:00Z,AMB-01,pressure_hpa,1001.7
30,2026-08-02T06:00:00Z,AMB-01,humidity_pct,76
31,2026-08-02T07:00:00Z,AMB-01,temperature_c,31.9
31,2026-08-02T07:00:00Z,AMB-01,pressure_hpa,1001.0
31,2026-08-02T07:00:00Z,AMB-01,humidity_pct,70
32,2026-08-02T08:00:00Z,AMB-01,temperature_c,32.5
32,2026-08-02T08:00:00Z,AMB-01,pressure_hpa,1000.6
32,2026-08-02T08:00:00Z,AMB-01,humidity_pct,66
33,2026-08-02T09:00:00Z,AMB-01,temperature_c,32.7
33,2026-08-02T09:00:00Z,AMB-01,pressure_hpa,999.5
33,2026-08-02T09:00:00Z,AMB-01,humidity_pct,66
34,2026-08-02T10:00:00Z,AMB-01,temperature_c,32.6
34,2026-08-02T10:00:00Z,AMB-01,pressure_hpa,999.0
34,2026-08-02T10:00:00Z,AMB-01,humidity_pct,69
35,2026-08-02T11:00:00Z,AMB-01,temperature_c,32.5
35,2026-08-02T11:00:00Z,AMB-01,pressure_hpa,998.6
35,2026-08-02T11:00:00Z,AMB-01,humidity_pct,69
36,2026-08-02T12:00:00Z,AMB-01,temperature_c,32.0
36,2026-08-02T12:00:00Z,AMB-01,pressure_hpa,998.3
36,2026-08-02T12:00:00Z,AMB-01,humidity_pct,72
37,2026-08-02T13:00:00Z,AMB-01,temperature_c,29.8
37,2026-08-02T13:00:00Z,AMB-01,pressure_hpa,999.6
37,2026-08-02T13:00:00Z,AMB-01,humidity_pct,80
38,2026-08-02T14:00:00Z,AMB-01,temperature_c,29.1
38,2026-08-02T14:00:00Z,AMB-01,pressure_hpa,1000.0
38,2026-08-02T14:00:00Z,AMB-01,humidity_pct,89
39,2026-08-02T15:00:00Z,AMB-01,temperature_c,27.7
39,2026-08-02T15:00:00Z,AMB-01,pressure_hpa,1001.6
39,2026-08-02T15:00:00Z,AMB-01,humidity_pct,90
40,2026-08-02T16:00:00Z,AMB-01,temperature_c,26.9
40,2026-08-02T16:00:00Z,AMB-01,pressure_hpa,1002.2
40,2026-08-02T16:00:00Z,AMB-01,humidity_pct,93
41,2026-08-02T17:00:00Z,AMB-01,temperature_c,26.9
41,2026-08-02T17:00:00Z,AMB-01,pressure_hpa,1002.2
41,2026-08-02T17:00:00Z,AMB-01,humidity_pct,94
42,2026-08-02T18:00:00Z,AMB-01,temperature_c,27.2
42,2026-08-02T18:00:00Z,AMB-01,pressure_hpa,1001.8
42,2026-08-02T18:00:00Z,AMB-01,humidity_pct,94
43,2026-08-02T19:00:00Z,AMB-01,temperature_c,26.9
43,2026-08-02T19:00:00Z,AMB-01,pressure_hpa,1001.4
43,2026-08-02T19:00:00Z,AMB-01,humidity_pct,93
44,2026-08-02T20:00:00Z,AMB-01,temperature_c,26.7
44,2026-08-02T20:00:00Z,AMB-01,pressure_hpa,1001.3
44,2026-08-02T20:00:00Z,AMB-01,humidity_pct,92
45,2026-08-02T21:00:00Z,AMB-01,temperature_c,26.5
45,2026-08-02T21:00:00Z,AMB-01,pressure_hpa,1001.3
45,2026-08-02T21:00:00Z,AMB-01,humidity_pct,91
46,2026-08-02T22:00:00Z,AMB-01,temperature_c,25.9
46,2026-08-02T22:00:00Z,AMB-01,pressure_hpa,1000.9
46,2026-08-02T22:00:00Z,AMB-01,humidity_pct,93
47,2026-08-02T23:00:00Z,AMB-01,temperature_c,25.7
47,2026-08-02T23:00:00Z,AMB-01,pressure_hpa,1000.9
47,2026-08-02T23:00:00Z,AMB-01,humidity_pct,94
48,2026-08-03T00:00:00Z,AMB-01,temperature_c,27.7
48,2026-08-03T00:00:00Z,AMB-01,pressure_hpa,1000.8
48,2026-08-03T00:00:00Z,AMB-01,humidity_pct,89
49,2026-08-03T01:00:00Z,AMB-01,temperature_c,27.5
49,2026-08-03T01:00:00Z,AMB-01,pressure_hpa,1000.5
49,2026-08-03T01:00:00Z,AMB-01,humidity_pct,90
50,2026-08-03T02:00:00Z,AMB-01,temperature_c,28.5
50,2026-08-03T02:00:00Z,AMB-01,pressure_hpa,1001.6
50,2026-08-03T02:00:00Z,AMB-01,humidity_pct,88
51,2026-08-03T03:00:00Z,AMB-01,temperature_c,29.4
51,2026-08-03T03:00:00Z,AMB-01,pressure_hpa,1001.9
51,2026-08-03T03:00:00Z,AMB-01,humidity_pct,85
52,2026-08-03T04:00:00Z,AMB-01,temperature_c,29.8
52,2026-08-03T04:00:00Z,AMB-01,pressure_hpa,1002.0
52,2026-08-03T04:00:00Z,AMB-01,humidity_pct,81
53,2026-08-03T05:00:00Z,AMB-01,temperature_c,30.2
53,2026-08-03T05:00:00Z,AMB-01,pressure_hpa,1002.3
53,2026-08-03T05:00:00Z,AMB-01,humidity_pct,79
54,2026-08-03T06:00:00Z,AMB-01,temperature_c,31.3
54,2026-08-03T06:00:00Z,AMB-01,pressure_hpa,1002.2
54,2026-08-03T06:00:00Z,AMB-01,humidity_pct,76
55,2026-08-03T07:00:00Z,AMB-01,temperature_c,32.0
55,2026-08-03T07:00:00Z,AMB-01,pressure_hpa,1001.7
55,2026-08-03T07:00:00Z,AMB-01,humidity_pct,72
56,2026-08-03T08:00:00Z,AMB-01,temperature_c,32.8
56,2026-08-03T08:00:00Z,AMB-01,pressure_hpa,1001.0
56,2026-08-03T08:00:00Z,AMB-01,humidity_pct,66
57,2026-08-03T09:00:00Z,AMB-01,temperature_c,32.9
57,2026-08-03T09:00:00Z,AMB-01,pressure_hpa,1000.6
57,2026-08-03T09:00:00Z,AMB-01,humidity_pct,64
58,2026-08-03T10:00:00Z,AMB-01,temperature_c,32.9
58,2026-08-03T10:00:00Z,AMB-01,pressure_hpa,999.8
58,2026-08-03T10:00:00Z,AMB-01,humidity_pct,65
59,2026-08-03T11:00:00Z,AMB-01,temperature_c,31.6
59,2026-08-03T11:00:00Z,AMB-01,pressure_hpa,999.3
59,2026-08-03T11:00:00Z,AMB-01,humidity_pct,71
60,2026-08-03T12:00:00Z,AMB-01,temperature_c,32.2
60,2026-08-03T12:00:00Z,AMB-01,pressure_hpa,998.8
60,2026-08-03T12:00:00Z,AMB-01,humidity_pct,71
61,2026-08-03T13:00:00Z,AMB-01,temperature_c,29.7
61,2026-08-03T13:00:00Z,AMB-01,pressure_hpa,1000.0
61,2026-08-03T13:00:00Z,AMB-01,humidity_pct,82
62,2026-08-03T14:00:00Z,AMB-01,temperature_c,28.3
62,2026-08-03T14:00:00Z,AMB-01,pressure_hpa,1001.0
62,2026-08-03T14:00:00Z,AMB-01,humidity_pct,90
63,2026-08-03T15:00:00Z,AMB-01,temperature_c,28.0
63,2026-08-03T15:00:00Z,AMB-01,pressure_hpa,1001.5
63,2026-08-03T15:00:00Z,AMB-01,humidity_pct,94
64,2026-08-03T16:00:00Z,AMB-01,temperature_c,27.6
64,2026-08-03T16:00:00Z,AMB-01,pressure_hpa,1002.7
64,2026-08-03T16:00:00Z,AMB-01,humidity_pct,93
65,2026-08-03T17:00:00Z,AMB-01,temperature_c,27.2
65,2026-08-03T17:00:00Z,AMB-01,pressure_hpa,1002.1
65,2026-08-03T17:00:00Z,AMB-01,humidity_pct,93
66,2026-08-03T18:00:00Z,AMB-01,temperature_c,27.5
66,2026-08-03T18:00:00Z,AMB-01,pressure_hpa,1002.3
66,2026-08-03T18:00:00Z,AMB-01,humidity_pct,91
67,2026-08-03T19:00:00Z,AMB-01,temperature_c,27.2
67,2026-08-03T19:00:00Z,AMB-01,pressure_hpa,1001.9
67,2026-08-03T19:00:00Z,AMB-01,humidity_pct,93
68,2026-08-03T20:00:00Z,AMB-01,temperature_c,27.1
68,2026-08-03T20:00:00Z,AMB-01,pressure_hpa,1001.9
68,2026-08-03T20:00:00Z,AMB-01,humidity_pct,93
69,2026-08-03T21:00:00Z,AMB-01,temperature_c,27.0
69,2026-08-03T21:00:00Z,AMB-01,pressure_hpa,1002.0
69,2026-08-03T21:00:00Z,AMB-01,humidity_pct,93
70,2026-08-03T22:00:00Z,AMB-01,temperature_c,26.7
70,2026-08-03T22:00:00Z,AMB-01,pressure_hpa,1002.3
70,2026-08-03T22:00:00Z,AMB-01,humidity_pct,95
71,2026-08-03T23:00:00Z,AMB-01,temperature_c,26.5
71,2026-08-03T23:00:00Z,AMB-01,pressure_hpa,1002.4
71,2026-08-03T23:00:00Z,AMB-01,humidity_pct,95
72,2026-08-04T00:00:00Z,AMB-01,temperature_c,26.4
72,2026-08-04T00:00:00Z,AMB-01,pressure_hpa,1001.5
72,2026-08-04T00:00:00Z,AMB-01,humidity_pct,97
73,2026-08-04T01:00:00Z,AMB-01,temperature_c,26.6
73,2026-08-04T01:00:00Z,AMB-01,pressure_hpa,1002.2
73,2026-08-04T01:00:00Z,AMB-01,humidity_pct,94
74,2026-08-04T02:00:00Z,AMB-01,temperature_c,26.4
74,2026-08-04T02:00:00Z,AMB-01,pressure_hpa,1003.0
74,2026-08-04T02:00:00Z,AMB-01,humidity_pct,93
75,2026-08-04T03:00:00Z,AMB-01,temperature_c,26.6
75,2026-08-04T03:00:00Z,AMB-01,pressure_hpa,1003.4
75,2026-08-04T03:00:00Z,AMB-01,humidity_pct,92
76,2026-08-04T04:00:00Z,AMB-01,temperature_c,25.7
76,2026-08-04T04:00:00Z,AMB-01,pressure_hpa,1004.4
76,2026-08-04T04:00:00Z,AMB-01,humidity_pct,95
77,2026-08-04T05:00:00Z,AMB-01,temperature_c,26.1
77,2026-08-04T05:00:00Z,AMB-01,pressure_hpa,1004.4
77,2026-08-04T05:00:00Z,AMB-01,humidity_pct,93
78,2026-08-04T06:00:00Z,AMB-01,temperature_c,27.5
78,2026-08-04T06:00:00Z,AMB-01,pressure_hpa,1004.3
78,2026-08-04T06:00:00Z,AMB-01,humidity_pct,89
79,2026-08-04T07:00:00Z,AMB-01,temperature_c,27.2
79,2026-08-04T07:00:00Z,AMB-01,pressure_hpa,1004.3
79,2026-08-04T07:00:00Z,AMB-01,humidity_pct,88
80,2026-08-04T08:00:00Z,AMB-01,temperature_c,27.4
80,2026-08-04T08:00:00Z,AMB-01,pressure_hpa,1003.5
80,2026-08-04T08:00:00Z,AMB-01,humidity_pct,87
81,2026-08-04T09:00:00Z,AMB-01,temperature_c,28.5
81,2026-08-04T09:00:00Z,AMB-01,pressure_hpa,1002.3
81,2026-08-04T09:00:00Z,AMB-01,humidity_pct,85
82,2026-08-04T10:00:00Z,AMB-01,temperature_c,29.5
82,2026-08-04T10:00:00Z,AMB-01,pressure_hpa,1001.3
82,2026-08-04T10:00:00Z,AMB-01,humidity_pct,80
83,2026-08-04T11:00:00Z,AMB-01,temperature_c,29.8
83,2026-08-04T11:00:00Z,AMB-01,pressure_hpa,1000.5
83,2026-08-04T11:00:00Z,AMB-01,humidity_pct,78
84,2026-08-04T12:00:00Z,AMB-01,temperature_c,30.5
84,2026-08-04T12:00:00Z,AMB-01,pressure_hpa,1000.1
84,2026-08-04T12:00:00Z,AMB-01,humidity_pct,71
85,2026-08-04T13:00:00Z,AMB-01,temperature_c,28.3
85,2026-08-04T13:00:00Z,AMB-01,pressure_hpa,1000.9
85,2026-08-04T13:00:00Z,AMB-01,humidity_pct,84
86,2026-08-04T14:00:00Z,AMB-01,temperature_c,27.1
86,2026-08-04T14:00:00Z,AMB-01,pressure_hpa,1001.4
86,2026-08-04T14:00:00Z,AMB-01,humidity_pct,92
87,2026-08-04T15:00:00Z,AMB-01,temperature_c,26.8
87,2026-08-04T15:00:00Z,AMB-01,pressure_hpa,1002.0
87,2026-08-04T15:00:00Z,AMB-01,humidity_pct,95
88,2026-08-04T16:00:00Z,AMB-01,temperature_c,26.6
88,2026-08-04T16:00:00Z,AMB-01,pressure_hpa,1002.5
88,2026-08-04T16:00:00Z,AMB-01,humidity_pct,95
89,2026-08-04T17:00:00Z,AMB-01,temperature_c,26.2
89,2026-08-04T17:00:00Z,AMB-01,pressure_hpa,1002.6
89,2026-08-04T17:00:00Z,AMB-01,humidity_pct,95
90,2026-08-04T18:00:00Z,AMB-01,temperature_c,26.1
90,2026-08-04T18:00:00Z,AMB-01,pressure_hpa,1002.1
90,2026-08-04T18:00:00Z,AMB-01,humidity_pct,95
91,2026-08-04T19:00:00Z,AMB-01,temperature_c,25.8
91,2026-08-04T19:00:00Z,AMB-01,pressure_hpa,1001.6
91,2026-08-04T19:00:00Z,AMB-01,humidity_pct,94
92,2026-08-04T20:00:00Z,AMB-01,temperature_c,25.5
92,2026-08-04T20:00:00Z,AMB-01,pressure_hpa,1001.2
92,2026-08-04T20:00:00Z,AMB-01,humidity_pct,95
93,2026-08-04T21:00:00Z,AMB-01,temperature_c,25.4
93,2026-08-04T21:00:00Z,AMB-01,pressure_hpa,1000.9
93,2026-08-04T21:00:00Z,AMB-01,humidity_pct,95
94,2026-08-04T22:00:00Z,AMB-01,temperature_c,25.3
94,2026-08-04T22:00:00Z,AMB-01,pressure_hpa,1000.9
94,2026-08-04T22:00:00Z,AMB-01,humidity_pct,95
95,2026-08-04T23:00:00Z,AMB-01,temperature_c,25.3
95,2026-08-04T23:00:00Z,AMB-01,pressure_hpa,1000.9
95,2026-08-04T23:00:00Z,AMB-01,humidity_pct,96
96,2026-08-05T00:00:00Z,AMB-01,temperature_c,26.5
96,2026-08-05T00:00:00Z,AMB-01,pressure_hpa,1000.3
96,2026-08-05T00:00:00Z,AMB-01,humidity_pct,95
97,2026-08-05T01:00:00Z,AMB-01,temperature_c,26.5
97,2026-08-05T01:00:00Z,AMB-01,pressure_hpa,1000.5
97,2026-08-05T01:00:00Z,AMB-01,humidity_pct,95
98,2026-08-05T02:00:00Z,AMB-01,temperature_c,27.0
98,2026-08-05T02:00:00Z,AMB-01,pressure_hpa,1000.8
98,2026-08-05T02:00:00Z,AMB-01,humidity_pct,92
99,2026-08-05T03:00:00Z,AMB-01,temperature_c,27.6
99,2026-08-05T03:00:00Z,AMB-01,pressure_hpa,1000.8
99,2026-08-05T03:00:00Z,AMB-01,humidity_pct,87
100,2026-08-05T04:00:00Z,AMB-01,temperature_c,28.5
100,2026-08-05T04:00:00Z,AMB-01,pressure_hpa,1000.7
100,2026-08-05T04:00:00Z,AMB-01,humidity_pct,83
101,2026-08-05T05:00:00Z,AMB-01,temperature_c,29.9
101,2026-08-05T05:00:00Z,AMB-01,pressure_hpa,1000.6
101,2026-08-05T05:00:00Z,AMB-01,humidity_pct,77
102,2026-08-05T06:00:00Z,AMB-01,temperature_c,31.1
102,2026-08-05T06:00:00Z,AMB-01,pressure_hpa,1000.4
102,2026-08-05T06:00:00Z,AMB-01,humidity_pct,72
103,2026-08-05T07:00:00Z,AMB-01,temperature_c,31.4
103,2026-08-05T07:00:00Z,AMB-01,pressure_hpa,999.4
103,2026-08-05T07:00:00Z,AMB-01,humidity_pct,72
104,2026-08-05T08:00:00Z,AMB-01,temperature_c,31.8
104,2026-08-05T08:00:00Z,AMB-01,pressure_hpa,998.7
104,2026-08-05T08:00:00Z,AMB-01,humidity_pct,71
105,2026-08-05T09:00:00Z,AMB-01,temperature_c,32.2
105,2026-08-05T09:00:00Z,AMB-01,pressure_hpa,997.9
105,2026-08-05T09:00:00Z,AMB-01,humidity_pct,69
106,2026-08-05T10:00:00Z,AMB-01,temperature_c,32.3
106,2026-08-05T10:00:00Z,AMB-01,pressure_hpa,997.1
106,2026-08-05T10:00:00Z,AMB-01,humidity_pct,65
107,2026-08-05T11:00:00Z,AMB-01,temperature_c,31.9
107,2026-08-05T11:00:00Z,AMB-01,pressure_hpa,996.6
107,2026-08-05T11:00:00Z,AMB-01,humidity_pct,66
108,2026-08-05T12:00:00Z,AMB-01,temperature_c,31.6
108,2026-08-05T12:00:00Z,AMB-01,pressure_hpa,996.6
108,2026-08-05T12:00:00Z,AMB-01,humidity_pct,71
109,2026-08-05T13:00:00Z,AMB-01,temperature_c,31.4
109,2026-08-05T13:00:00Z,AMB-01,pressure_hpa,997.1
109,2026-08-05T13:00:00Z,AMB-01,humidity_pct,73
110,2026-08-05T14:00:00Z,AMB-01,temperature_c,30.4
110,2026-08-05T14:00:00Z,AMB-01,pressure_hpa,997.8
110,2026-08-05T14:00:00Z,AMB-01,humidity_pct,81
111,2026-08-05T15:00:00Z,AMB-01,temperature_c,30.0
111,2026-08-05T15:00:00Z,AMB-01,pressure_hpa,998.7
111,2026-08-05T15:00:00Z,AMB-01,humidity_pct,82
112,2026-08-05T16:00:00Z,AMB-01,temperature_c,29.6
112,2026-08-05T16:00:00Z,AMB-01,pressure_hpa,999.7
112,2026-08-05T16:00:00Z,AMB-01,humidity_pct,83
113,2026-08-05T17:00:00Z,AMB-01,temperature_c,28.6
113,2026-08-05T17:00:00Z,AMB-01,pressure_hpa,999.8
113,2026-08-05T17:00:00Z,AMB-01,humidity_pct,88
114,2026-08-05T18:00:00Z,AMB-01,temperature_c,28.5
114,2026-08-05T18:00:00Z,AMB-01,pressure_hpa,999.2
114,2026-08-05T18:00:00Z,AMB-01,humidity_pct,92
115,2026-08-05T19:00:00Z,AMB-01,temperature_c,27.8
115,2026-08-05T19:00:00Z,AMB-01,pressure_hpa,998.9
115,2026-08-05T19:00:00Z,AMB-01,humidity_pct,95
116,2026-08-05T20:00:00Z,AMB-01,temperature_c,27.5
116,2026-08-05T20:00:00Z,AMB-01,pressure_hpa,998.8
116,2026-08-05T20:00:00Z,AMB-01,humidity_pct,97
117,2026-08-05T21:00:00Z,AMB-01,temperature_c,26.6
117,2026-08-05T21:00:00Z,AMB-01,pressure_hpa,998.7
117,2026-08-05T21:00:00Z,AMB-01,humidity_pct,95
118,2026-08-05T22:00:00Z,AMB-01,temperature_c,25.9
118,2026-08-05T22:00:00Z,AMB-01,pressure_hpa,998.7
118,2026-08-05T22:00:00Z,AMB-01,humidity_pct,95
119,2026-08-05T23:00:00Z,AMB-01,temperature_c,25.5
119,2026-08-05T23:00:00Z,AMB-01,pressure_hpa,998.9
119,2026-08-05T23:00:00Z,AMB-01,humidity_pct,93
120,2026-08-06T00:00:00Z,AMB-01,temperature_c,26.5
120,2026-08-06T00:00:00Z,AMB-01,pressure_hpa,998.4
120,2026-08-06T00:00:00Z,AMB-01,humidity_pct,93
121,2026-08-06T01:00:00Z,AMB-01,temperature_c,26.4
121,2026-08-06T01:00:00Z,AMB-01,pressure_hpa,999.4
121,2026-08-06T01:00:00Z,AMB-01,humidity_pct,93
122,2026-08-06T02:00:00Z,AMB-01,temperature_c,27.2
122,2026-08-06T02:00:00Z,AMB-01,pressure_hpa,1000.3
122,2026-08-06T02:00:00Z,AMB-01,humidity_pct,89
123,2026-08-06T03:00:00Z,AMB-01,temperature_c,26.9
123,2026-08-06T03:00:00Z,AMB-01,pressure_hpa,1001.0
123,2026-08-06T03:00:00Z,AMB-01,humidity_pct,90
124,2026-08-06T04:00:00Z,AMB-01,temperature_c,27.2
124,2026-08-06T04:00:00Z,AMB-01,pressure_hpa,1001.4
124,2026-08-06T04:00:00Z,AMB-01,humidity_pct,89
125,2026-08-06T05:00:00Z,AMB-01,temperature_c,27.7
125,2026-08-06T05:00:00Z,AMB-01,pressure_hpa,1001.7
125,2026-08-06T05:00:00Z,AMB-01,humidity_pct,86
126,2026-08-06T06:00:00Z,AMB-01,temperature_c,28.7
126,2026-08-06T06:00:00Z,AMB-01,pressure_hpa,1001.8
126,2026-08-06T06:00:00Z,AMB-01,humidity_pct,78
127,2026-08-06T07:00:00Z,AMB-01,temperature_c,28.1
127,2026-08-06T07:00:00Z,AMB-01,pressure_hpa,1001.6
127,2026-08-06T07:00:00Z,AMB-01,humidity_pct,81
128,2026-08-06T08:00:00Z,AMB-01,temperature_c,28.5
128,2026-08-06T08:00:00Z,AMB-01,pressure_hpa,1001.2
128,2026-08-06T08:00:00Z,AMB-01,humidity_pct,80
129,2026-08-06T09:00:00Z,AMB-01,temperature_c,28.5
129,2026-08-06T09:00:00Z,AMB-01,pressure_hpa,1000.7
129,2026-08-06T09:00:00Z,AMB-01,humidity_pct,80
130,2026-08-06T10:00:00Z,AMB-01,temperature_c,28.0
130,2026-08-06T10:00:00Z,AMB-01,pressure_hpa,1000.4
130,2026-08-06T10:00:00Z,AMB-01,humidity_pct,82
131,2026-08-06T11:00:00Z,AMB-01,temperature_c,27.5
131,2026-08-06T11:00:00Z,AMB-01,pressure_hpa,1000.2
131,2026-08-06T11:00:00Z,AMB-01,humidity_pct,85
132,2026-08-06T12:00:00Z,AMB-01,temperature_c,27.1
132,2026-08-06T12:00:00Z,AMB-01,pressure_hpa,1000.1
132,2026-08-06T12:00:00Z,AMB-01,humidity_pct,86
133,2026-08-06T13:00:00Z,AMB-01,temperature_c,26.5
133,2026-08-06T13:00:00Z,AMB-01,pressure_hpa,1000.2
133,2026-08-06T13:00:00Z,AMB-01,humidity_pct,90
134,2026-08-06T14:00:00Z,AMB-01,temperature_c,26.2
134,2026-08-06T14:00:00Z,AMB-01,pressure_hpa,1000.7
134,2026-08-06T14:00:00Z,AMB-01,humidity_pct,92
135,2026-08-06T15:00:00Z,AMB-01,temperature_c,26.2
135,2026-08-06T15:00:00Z,AMB-01,pressure_hpa,1001.5
135,2026-08-06T15:00:00Z,AMB-01,humidity_pct,93
136,2026-08-06T16:00:00Z,AMB-01,temperature_c,26.1
136,2026-08-06T16:00:00Z,AMB-01,pressure_hpa,1002.0
136,2026-08-06T16:00:00Z,AMB-01,humidity_pct,94
137,2026-08-06T17:00:00Z,AMB-01,temperature_c,25.9
137,2026-08-06T17:00:00Z,AMB-01,pressure_hpa,1002.0
137,2026-08-06T17:00:00Z,AMB-01,humidity_pct,94
138,2026-08-06T18:00:00Z,AMB-01,temperature_c,26.7
138,2026-08-06T18:00:00Z,AMB-01,pressure_hpa,1001.8
138,2026-08-06T18:00:00Z,AMB-01,humidity_pct,94
139,2026-08-06T19:00:00Z,AMB-01,temperature_c,26.3
139,2026-08-06T19:00:00Z,AMB-01,pressure_hpa,1001.4
139,2026-08-06T19:00:00Z,AMB-01,humidity_pct,93
140,2026-08-06T20:00:00Z,AMB-01,temperature_c,26.2
140,2026-08-06T20:00:00Z,AMB-01,pressure_hpa,1001.0
140,2026-08-06T20:00:00Z,AMB-01,humidity_pct,92
141,2026-08-06T21:00:00Z,AMB-01,temperature_c,26.1
141,2026-08-06T21:00:00Z,AMB-01,pressure_hpa,1000.6
141,2026-08-06T21:00:00Z,AMB-01,humidity_pct,91
142,2026-08-06T22:00:00Z,AMB-01,temperature_c,26.0
142,2026-08-06T22:00:00Z,AMB-01,pressure_hpa,1000.6
142,2026-08-06T22:00:00Z,AMB-01,humidity_pct,91
143,2026-08-06T23:00:00Z,AMB-01,temperature_c,25.9
143,2026-08-06T23:00:00Z,AMB-01,pressure_hpa,1000.7
143,2026-08-06T23:00:00Z,AMB-01,humidity_pct,92
144,2026-08-07T00:00:00Z,AMB-01,temperature_c,27.1
144,2026-08-07T00:00:00Z,AMB-01,pressure_hpa,1000.6
144,2026-08-07T00:00:00Z,AMB-01,humidity_pct,85
145,2026-08-07T01:00:00Z,AMB-01,temperature_c,26.9
145,2026-08-07T01:00:00Z,AMB-01,pressure_hpa,1000.7
145,2026-08-07T01:00:00Z,AMB-01,humidity_pct,86
146,2026-08-07T02:00:00Z,AMB-01,temperature_c,27.6
146,2026-08-07T02:00:00Z,AMB-01,pressure_hpa,1001.0
146,2026-08-07T02:00:00Z,AMB-01,humidity_pct,85
147,2026-08-07T03:00:00Z,AMB-01,temperature_c,28.7
147,2026-08-07T03:00:00Z,AMB-01,pressure_hpa,1001.0
147,2026-08-07T03:00:00Z,AMB-01,humidity_pct,76
148,2026-08-07T04:00:00Z,AMB-01,temperature_c,29.5
148,2026-08-07T04:00:00Z,AMB-01,pressure_hpa,1001.4
148,2026-08-07T04:00:00Z,AMB-01,humidity_pct,72
149,2026-08-07T05:00:00Z,AMB-01,temperature_c,30.0
149,2026-08-07T05:00:00Z,AMB-01,pressure_hpa,1001.6
149,2026-08-07T05:00:00Z,AMB-01,humidity_pct,71
150,2026-08-07T06:00:00Z,AMB-01,temperature_c,30.1
150,2026-08-07T06:00:00Z,AMB-01,pressure_hpa,1001.9
150,2026-08-07T06:00:00Z,AMB-01,humidity_pct,71
151,2026-08-07T07:00:00Z,AMB-01,temperature_c,29.9
151,2026-08-07T07:00:00Z,AMB-01,pressure_hpa,1001.5
151,2026-08-07T07:00:00Z,AMB-01,humidity_pct,69
152,2026-08-07T08:00:00Z,AMB-01,temperature_c,29.7
152,2026-08-07T08:00:00Z,AMB-01,pressure_hpa,1000.9
152,2026-08-07T08:00:00Z,AMB-01,humidity_pct,73
153,2026-08-07T09:00:00Z,AMB-01,temperature_c,29.5
153,2026-08-07T09:00:00Z,AMB-01,pressure_hpa,1000.1
153,2026-08-07T09:00:00Z,AMB-01,humidity_pct,75
154,2026-08-07T10:00:00Z,AMB-01,temperature_c,29.1
154,2026-08-07T10:00:00Z,AMB-01,pressure_hpa,999.7
154,2026-08-07T10:00:00Z,AMB-01,humidity_pct,78
155,2026-08-07T11:00:00Z,AMB-01,temperature_c,28.8
155,2026-08-07T11:00:00Z,AMB-01,pressure_hpa,999.2
155,2026-08-07T11:00:00Z,AMB-01,humidity_pct,79
156,2026-08-07T12:00:00Z,AMB-01,temperature_c,29.0
156,2026-08-07T12:00:00Z,AMB-01,pressure_hpa,999.5
156,2026-08-07T12:00:00Z,AMB-01,humidity_pct,88
157,2026-08-07T13:00:00Z,AMB-01,temperature_c,28.4
157,2026-08-07T13:00:00Z,AMB-01,pressure_hpa,999.3
157,2026-08-07T13:00:00Z,AMB-01,humidity_pct,93
158,2026-08-07T14:00:00Z,AMB-01,temperature_c,27.9
158,2026-08-07T14:00:00Z,AMB-01,pressure_hpa,999.8
158,2026-08-07T14:00:00Z,AMB-01,humidity_pct,94
159,2026-08-07T15:00:00Z,AMB-01,temperature_c,27.8
159,2026-08-07T15:00:00Z,AMB-01,pressure_hpa,1000.6
159,2026-08-07T15:00:00Z,AMB-01,humidity_pct,95
160,2026-08-07T16:00:00Z,AMB-01,temperature_c,27.7
160,2026-08-07T16:00:00Z,AMB-01,pressure_hpa,1001.3
160,2026-08-07T16:00:00Z,AMB-01,humidity_pct,95
161,2026-08-07T17:00:00Z,AMB-01,temperature_c,27.3
161,2026-08-07T17:00:00Z,AMB-01,pressure_hpa,1001.8
161,2026-08-07T17:00:00Z,AMB-01,humidity_pct,95
162,2026-08-07T18:00:00Z,AMB-01,temperature_c,28.2
162,2026-08-07T18:00:00Z,AMB-01,pressure_hpa,1001.4
162,2026-08-07T18:00:00Z,AMB-01,humidity_pct,95
163,2026-08-07T19:00:00Z,AMB-01,temperature_c,27.7
163,2026-08-07T19:00:00Z,AMB-01,pressure_hpa,1001.4
163,2026-08-07T19:00:00Z,AMB-01,humidity_pct,95
164,2026-08-07T20:00:00Z,AMB-01,temperature_c,27.5
164,2026-08-07T20:00:00Z,AMB-01,pressure_hpa,1000.9
164,2026-08-07T20:00:00Z,AMB-01,humidity_pct,91
165,2026-08-07T21:00:00Z,AMB-01,temperature_c,27.2
165,2026-08-07T21:00:00Z,AMB-01,pressure_hpa,1000.6
165,2026-08-07T21:00:00Z,AMB-01,humidity_pct,88
166,2026-08-07T22:00:00Z,AMB-01,temperature_c,27.3
166,2026-08-07T22:00:00Z,AMB-01,pressure_hpa,1000.6
166,2026-08-07T22:00:00Z,AMB-01,humidity_pct,86
167,2026-08-07T23:00:00Z,AMB-01,temperature_c,27.0
167,2026-08-07T23:00:00Z,AMB-01,pressure_hpa,1000.8
167,2026-08-07T23:00:00Z,AMB-01,humidity_pct,85
168,2026-08-08T00:00:00Z,AMB-01,temperature_c,25.8
168,2026-08-08T00:00:00Z,AMB-01,pressure_hpa,1001.2
168,2026-08-08T00:00:00Z,AMB-01,humidity_pct,95
169,2026-08-08T01:00:00Z,AMB-01,temperature_c,25.8
169,2026-08-08T01:00:00Z,AMB-01,pressure_hpa,1001.4
169,2026-08-08T01:00:00Z,AMB-01,humidity_pct,95
170,2026-08-08T02:00:00Z,AMB-01,temperature_c,26.8
170,2026-08-08T02:00:00Z,AMB-01,pressure_hpa,1001.6
170,2026-08-08T02:00:00Z,AMB-01,humidity_pct,94
171,2026-08-08T03:00:00Z,AMB-01,temperature_c,26.9
171,2026-08-08T03:00:00Z,AMB-01,pressure_hpa,1003.1
171,2026-08-08T03:00:00Z,AMB-01,humidity_pct,93
172,2026-08-08T04:00:00Z,AMB-01,temperature_c,27.3
172,2026-08-08T04:00:00Z,AMB-01,pressure_hpa,1003.5
172,2026-08-08T04:00:00Z,AMB-01,humidity_pct,92
173,2026-08-08T05:00:00Z,AMB-01,temperature_c,27.7
173,2026-08-08T05:00:00Z,AMB-01,pressure_hpa,1003.1
173,2026-08-08T05:00:00Z,AMB-01,humidity_pct,90
174,2026-08-08T06:00:00Z,AMB-01,temperature_c,29.8
174,2026-08-08T06:00:00Z,AMB-01,pressure_hpa,1003.2
174,2026-08-08T06:00:00Z,AMB-01,humidity_pct,79
175,2026-08-08T07:00:00Z,AMB-01,temperature_c,31.2
175,2026-08-08T07:00:00Z,AMB-01,pressure_hpa,1002.8
175,2026-08-08T07:00:00Z,AMB-01,humidity_pct,74
176,2026-08-08T08:00:00Z,AMB-01,temperature_c,31.9
176,2026-08-08T08:00:00Z,AMB-01,pressure_hpa,1002.1
176,2026-08-08T08:00:00Z,AMB-01,humidity_pct,72
177,2026-08-08T09:00:00Z,AMB-01,temperature_c,32.0
177,2026-08-08T09:00:00Z,AMB-01,pressure_hpa,1001.3
177,2026-08-08T09:00:00Z,AMB-01,humidity_pct,73
178,2026-08-08T10:00:00Z,AMB-01,temperature_c,32.1
178,2026-08-08T10:00:00Z,AMB-01,pressure_hpa,1000.7
178,2026-08-08T10:00:00Z,AMB-01,humidity_pct,73
179,2026-08-08T11:00:00Z,AMB-01,temperature_c,29.3
179,2026-08-08T11:00:00Z,AMB-01,pressure_hpa,1000.4
179,2026-08-08T11:00:00Z,AMB-01,humidity_pct,85
180,2026-08-08T12:00:00Z,AMB-01,temperature_c,29.4
180,2026-08-08T12:00:00Z,AMB-01,pressure_hpa,1000.9
180,2026-08-08T12:00:00Z,AMB-01,humidity_pct,83
181,2026-08-08T13:00:00Z,AMB-01,temperature_c,29.0
181,2026-08-08T13:00:00Z,AMB-01,pressure_hpa,1001.0
181,2026-08-08T13:00:00Z,AMB-01,humidity_pct,89
182,2026-08-08T14:00:00Z,AMB-01,temperature_c,28.0
182,2026-08-08T14:00:00Z,AMB-01,pressure_hpa,1001.7
182,2026-08-08T14:00:00Z,AMB-01,humidity_pct,93
183,2026-08-08T15:00:00Z,AMB-01,temperature_c,27.5
183,2026-08-08T15:00:00Z,AMB-01,pressure_hpa,1002.5
183,2026-08-08T15:00:00Z,AMB-01,humidity_pct,94
184,2026-08-08T16:00:00Z,AMB-01,temperature_c,27.3
184,2026-08-08T16:00:00Z,AMB-01,pressure_hpa,1003.4
184,2026-08-08T16:00:00Z,AMB-01,humidity_pct,91
185,2026-08-08T17:00:00Z,AMB-01,temperature_c,27.0
185,2026-08-08T17:00:00Z,AMB-01,pressure_hpa,1003.8
185,2026-08-08T17:00:00Z,AMB-01,humidity_pct,88
186,2026-08-08T18:00:00Z,AMB-01,temperature_c,27.3
186,2026-08-08T18:00:00Z,AMB-01,pressure_hpa,1003.6
186,2026-08-08T18:00:00Z,AMB-01,humidity_pct,91
187,2026-08-08T19:00:00Z,AMB-01,temperature_c,26.9
187,2026-08-08T19:00:00Z,AMB-01,pressure_hpa,1003.6
187,2026-08-08T19:00:00Z,AMB-01,humidity_pct,90
188,2026-08-08T20:00:00Z,AMB-01,temperature_c,26.9
188,2026-08-08T20:00:00Z,AMB-01,pressure_hpa,1003.1
188,2026-08-08T20:00:00Z,AMB-01,humidity_pct,90
189,2026-08-08T21:00:00Z,AMB-01,temperature_c,26.9
189,2026-08-08T21:00:00Z,AMB-01,pressure_hpa,1003.1
189,2026-08-08T21:00:00Z,AMB-01,humidity_pct,92
190,2026-08-08T22:00:00Z,AMB-01,temperature_c,26.8
190,2026-08-08T22:00:00Z,AMB-01,pressure_hpa,1002.9
190,2026-08-08T22:00:00Z,AMB-01,humidity_pct,92
191,2026-08-08T23:00:00Z,AMB-01,temperature_c,26.8
191,2026-08-08T23:00:00Z,AMB-01,pressure_hpa,1003.1
191,2026-08-08T23:00:00Z,AMB-01,humidity_pct,92
192,2026-08-09T00:00:00Z,AMB-01,temperature_c,27.2
192,2026-08-09T00:00:00Z,AMB-01,pressure_hpa,1003.3
192,2026-08-09T00:00:00Z,AMB-01,humidity_pct,92
193,2026-08-09T01:00:00Z,AMB-01,temperature_c,27.3
193,2026-08-09T01:00:00Z,AMB-01,pressure_hpa,1003.3
193,2026-08-09T01:00:00Z,AMB-01,humidity_pct,92
194,2026-08-09T02:00:00Z,AMB-01,temperature_c,28.0
194,2026-08-09T02:00:00Z,AMB-01,pressure_hpa,1004.0
194,2026-08-09T02:00:00Z,AMB-01,humidity_pct,89
195,2026-08-09T03:00:00Z,AMB-01,temperature_c,29.2
195,2026-08-09T03:00:00Z,AMB-01,pressure_hpa,1004.2
195,2026-08-09T03:00:00Z,AMB-01,humidity_pct,84
196,2026-08-09T04:00:00Z,AMB-01,temperature_c,30.1
196,2026-08-09T04:00:00Z,AMB-01,pressure_hpa,1004.3
196,2026-08-09T04:00:00Z,AMB-01,humidity_pct,78
197,2026-08-09T05:00:00Z,AMB-01,temperature_c,31.1
197,2026-08-09T05:00:00Z,AMB-01,pressure_hpa,1004.2
197,2026-08-09T05:00:00Z,AMB-01,humidity_pct,72
198,2026-08-09T06:00:00Z,AMB-01,temperature_c,32.1
198,2026-08-09T06:00:00Z,AMB-01,pressure_hpa,1003.7
198,2026-08-09T06:00:00Z,AMB-01,humidity_pct,65
199,2026-08-09T07:00:00Z,AMB-01,temperature_c,32.6
199,2026-08-09T07:00:00Z,AMB-01,pressure_hpa,1003.0
199,2026-08-09T07:00:00Z,AMB-01,humidity_pct,62
200,2026-08-09T08:00:00Z,AMB-01,temperature_c,32.9
200,2026-08-09T08:00:00Z,AMB-01,pressure_hpa,1002.6
200,2026-08-09T08:00:00Z,AMB-01,humidity_pct,61
201,2026-08-09T09:00:00Z,AMB-01,temperature_c,33.0
201,2026-08-09T09:00:00Z,AMB-01,pressure_hpa,1001.5
201,2026-08-09T09:00:00Z,AMB-01,humidity_pct,61
202,2026-08-09T10:00:00Z,AMB-01,temperature_c,33.1
202,2026-08-09T10:00:00Z,AMB-01,pressure_hpa,1000.8
202,2026-08-09T10:00:00Z,AMB-01,humidity_pct,61
203,2026-08-09T11:00:00Z,AMB-01,temperature_c,33.0
203,2026-08-09T11:00:00Z,AMB-01,pressure_hpa,1000.3
203,2026-08-09T11:00:00Z,AMB-01,humidity_pct,62
204,2026-08-09T12:00:00Z,AMB-01,temperature_c,32.9
204,2026-08-09T12:00:00Z,AMB-01,pressure_hpa,999.7
204,2026-08-09T12:00:00Z,AMB-01,humidity_pct,63
205,2026-08-09T13:00:00Z,AMB-01,temperature_c,32.0
205,2026-08-09T13:00:00Z,AMB-01,pressure_hpa,999.8
205,2026-08-09T13:00:00Z,AMB-01,humidity_pct,68
206,2026-08-09T14:00:00Z,AMB-01,temperature_c,30.7
206,2026-08-09T14:00:00Z,AMB-01,pressure_hpa,1000.7
206,2026-08-09T14:00:00Z,AMB-01,humidity_pct,77
207,2026-08-09T15:00:00Z,AMB-01,temperature_c,30.0
207,2026-08-09T15:00:00Z,AMB-01,pressure_hpa,1001.4
207,2026-08-09T15:00:00Z,AMB-01,humidity_pct,80
208,2026-08-09T16:00:00Z,AMB-01,temperature_c,29.5
208,2026-08-09T16:00:00Z,AMB-01,pressure_hpa,1002.2
208,2026-08-09T16:00:00Z,AMB-01,humidity_pct,81
209,2026-08-09T17:00:00Z,AMB-01,temperature_c,28.9
209,2026-08-09T17:00:00Z,AMB-01,pressure_hpa,1002.5
209,2026-08-09T17:00:00Z,AMB-01,humidity_pct,82
210,2026-08-09T18:00:00Z,AMB-01,temperature_c,28.6
210,2026-08-09T18:00:00Z,AMB-01,pressure_hpa,1002.2
210,2026-08-09T18:00:00Z,AMB-01,humidity_pct,83
211,2026-08-09T19:00:00Z,AMB-01,temperature_c,28.3
211,2026-08-09T19:00:00Z,AMB-01,pressure_hpa,1002.0
211,2026-08-09T19:00:00Z,AMB-01,humidity_pct,82
212,2026-08-09T20:00:00Z,AMB-01,temperature_c,28.0
212,2026-08-09T20:00:00Z,AMB-01,pressure_hpa,1001.8
212,2026-08-09T20:00:00Z,AMB-01,humidity_pct,84
213,2026-08-09T21:00:00Z,AMB-01,temperature_c,27.9
213,2026-08-09T21:00:00Z,AMB-01,pressure_hpa,1001.7
213,2026-08-09T21:00:00Z,AMB-01,humidity_pct,87
214,2026-08-09T22:00:00Z,AMB-01,temperature_c,27.6
214,2026-08-09T22:00:00Z,AMB-01,pressure_hpa,1001.4
214,2026-08-09T22:00:00Z,AMB-01,humidity_pct,90
215,2026-08-09T23:00:00Z,AMB-01,temperature_c,27.2
215,2026-08-09T23:00:00Z,AMB-01,pressure_hpa,1001.6
215,2026-08-09T23:00:00Z,AMB-01,humidity_pct,90
216,2026-08-10T00:00:00Z,AMB-01,temperature_c,26.1
216,2026-08-10T00:00:00Z,AMB-01,pressure_hpa,1001.5
216,2026-08-10T00:00:00Z,AMB-01,humidity_pct,96
217,2026-08-10T01:00:00Z,AMB-01,temperature_c,25.5
217,2026-08-10T01:00:00Z,AMB-01,pressure_hpa,1002.1
217,2026-08-10T01:00:00Z,AMB-01,humidity_pct,96
218,2026-08-10T02:00:00Z,AMB-01,temperature_c,26.0
218,2026-08-10T02:00:00Z,AMB-01,pressure_hpa,1002.4
218,2026-08-10T02:00:00Z,AMB-01,humidity_pct,95
219,2026-08-10T03:00:00Z,AMB-01,temperature_c,27.0
219,2026-08-10T03:00:00Z,AMB-01,pressure_hpa,1002.5
219,2026-08-10T03:00:00Z,AMB-01,humidity_pct,91
220,2026-08-10T04:00:00Z,AMB-01,temperature_c,27.4
220,2026-08-10T04:00:00Z,AMB-01,pressure_hpa,1003.0
220,2026-08-10T04:00:00Z,AMB-01,humidity_pct,87
221,2026-08-10T05:00:00Z,AMB-01,temperature_c,28.7
221,2026-08-10T05:00:00Z,AMB-01,pressure_hpa,1003.0
221,2026-08-10T05:00:00Z,AMB-01,humidity_pct,81
222,2026-08-10T06:00:00Z,AMB-01,temperature_c,27.4
222,2026-08-10T06:00:00Z,AMB-01,pressure_hpa,1002.9
222,2026-08-10T06:00:00Z,AMB-01,humidity_pct,91
223,2026-08-10T07:00:00Z,AMB-01,temperature_c,28.1
223,2026-08-10T07:00:00Z,AMB-01,pressure_hpa,1002.8
223,2026-08-10T07:00:00Z,AMB-01,humidity_pct,87
224,2026-08-10T08:00:00Z,AMB-01,temperature_c,28.8
224,2026-08-10T08:00:00Z,AMB-01,pressure_hpa,1002.1
224,2026-08-10T08:00:00Z,AMB-01,humidity_pct,83
225,2026-08-10T09:00:00Z,AMB-01,temperature_c,29.1
225,2026-08-10T09:00:00Z,AMB-01,pressure_hpa,1001.3
225,2026-08-10T09:00:00Z,AMB-01,humidity_pct,81
226,2026-08-10T10:00:00Z,AMB-01,temperature_c,29.0
226,2026-08-10T10:00:00Z,AMB-01,pressure_hpa,1000.9
226,2026-08-10T10:00:00Z,AMB-01,humidity_pct,80
227,2026-08-10T11:00:00Z,AMB-01,temperature_c,28.6
227,2026-08-10T11:00:00Z,AMB-01,pressure_hpa,1000.4
227,2026-08-10T11:00:00Z,AMB-01,humidity_pct,82
228,2026-08-10T12:00:00Z,AMB-01,temperature_c,29.1
228,2026-08-10T12:00:00Z,AMB-01,pressure_hpa,1000.3
228,2026-08-10T12:00:00Z,AMB-01,humidity_pct,81
229,2026-08-10T13:00:00Z,AMB-01,temperature_c,28.2
229,2026-08-10T13:00:00Z,AMB-01,pressure_hpa,1000.6
229,2026-08-10T13:00:00Z,AMB-01,humidity_pct,86
230,2026-08-10T14:00:00Z,AMB-01,temperature_c,27.6
230,2026-08-10T14:00:00Z,AMB-01,pressure_hpa,1000.9
230,2026-08-10T14:00:00Z,AMB-01,humidity_pct,89
231,2026-08-10T15:00:00Z,AMB-01,temperature_c,27.3
231,2026-08-10T15:00:00Z,AMB-01,pressure_hpa,1001.7
231,2026-08-10T15:00:00Z,AMB-01,humidity_pct,90
232,2026-08-10T16:00:00Z,AMB-01,temperature_c,27.1
232,2026-08-10T16:00:00Z,AMB-01,pressure_hpa,1002.3
232,2026-08-10T16:00:00Z,AMB-01,humidity_pct,90
233,2026-08-10T17:00:00Z,AMB-01,temperature_c,27.0
233,2026-08-10T17:00:00Z,AMB-01,pressure_hpa,1002.5
233,2026-08-10T17:00:00Z,AMB-01,humidity_pct,90
234,2026-08-10T18:00:00Z,AMB-01,temperature_c,27.2
234,2026-08-10T18:00:00Z,AMB-01,pressure_hpa,1001.8
234,2026-08-10T18:00:00Z,AMB-01,humidity_pct,90
235,2026-08-10T19:00:00Z,AMB-01,temperature_c,26.8
235,2026-08-10T19:00:00Z,AMB-01,pressure_hpa,1001.4
235,2026-08-10T19:00:00Z,AMB-01,humidity_pct,91
236,2026-08-10T20:00:00Z,AMB-01,temperature_c,26.7
236,2026-08-10T20:00:00Z,AMB-01,pressure_hpa,1001.3
236,2026-08-10T20:00:00Z,AMB-01,humidity_pct,91
237,2026-08-10T21:00:00Z,AMB-01,temperature_c,26.6
237,2026-08-10T21:00:00Z,AMB-01,pressure_hpa,1001.3
237,2026-08-10T21:00:00Z,AMB-01,humidity_pct,90
238,2026-08-10T22:00:00Z,AMB-01,temperature_c,26.4
238,2026-08-10T22:00:00Z,AMB-01,pressure_hpa,1001.3
238,2026-08-10T22:00:00Z,AMB-01,humidity_pct,91
239,2026-08-10T23:00:00Z,AMB-01,temperature_c,26.3
239,2026-08-10T23:00:00Z,AMB-01,pressure_hpa,1001.1
239,2026-08-10T23:00:00Z,AMB-01,humidity_pct,91
240,2026-08-11T00:00:00Z,AMB-01,temperature_c,26.9
240,2026-08-11T00:00:00Z,AMB-01,pressure_hpa,1002.0
240,2026-08-11T00:00:00Z,AMB-01,humidity_pct,89
241,2026-08-11T01:00:00Z,AMB-01,temperature_c,26.8
241,2026-08-11T01:00:00Z,AMB-01,pressure_hpa,1002.2
241,2026-08-11T01:00:00Z,AMB-01,humidity_pct,90
242,2026-08-11T02:00:00Z,AMB-01,temperature_c,27.6
242,2026-08-11T02:00:00Z,AMB-01,pressure_hpa,1002.3
242,2026-08-11T02:00:00Z,AMB-01,humidity_pct,88
243,2026-08-11T03:00:00Z,AMB-01,temperature_c,27.9
243,2026-08-11T03:00:00Z,AMB-01,pressure_hpa,1003.2
243,2026-08-11T03:00:00Z,AMB-01,humidity_pct,83
244,2026-08-11T04:00:00Z,AMB-01,temperature_c,28.7
244,2026-08-11T04:00:00Z,AMB-01,pressure_hpa,1003.5
244,2026-08-11T04:00:00Z,AMB-01,humidity_pct,81
245,2026-08-11T05:00:00Z,AMB-01,temperature_c,29.5
245,2026-08-11T05:00:00Z,AMB-01,pressure_hpa,1003.4
245,2026-08-11T05:00:00Z,AMB-01,humidity_pct,78
246,2026-08-11T06:00:00Z,AMB-01,temperature_c,28.4
246,2026-08-11T06:00:00Z,AMB-01,pressure_hpa,1003.9
246,2026-08-11T06:00:00Z,AMB-01,humidity_pct,81
247,2026-08-11T07:00:00Z,AMB-01,temperature_c,27.7
247,2026-08-11T07:00:00Z,AMB-01,pressure_hpa,1003.6
247,2026-08-11T07:00:00Z,AMB-01,humidity_pct,86
248,2026-08-11T08:00:00Z,AMB-01,temperature_c,26.7
248,2026-08-11T08:00:00Z,AMB-01,pressure_hpa,1002.9
248,2026-08-11T08:00:00Z,AMB-01,humidity_pct,93
249,2026-08-11T09:00:00Z,AMB-01,temperature_c,26.7
249,2026-08-11T09:00:00Z,AMB-01,pressure_hpa,1002.2
249,2026-08-11T09:00:00Z,AMB-01,humidity_pct,94
250,2026-08-11T10:00:00Z,AMB-01,temperature_c,26.8
250,2026-08-11T10:00:00Z,AMB-01,pressure_hpa,1001.6
250,2026-08-11T10:00:00Z,AMB-01,humidity_pct,93
251,2026-08-11T11:00:00Z,AMB-01,temperature_c,27.3
251,2026-08-11T11:00:00Z,AMB-01,pressure_hpa,1000.7
251,2026-08-11T11:00:00Z,AMB-01,humidity_pct,91
252,2026-08-11T12:00:00Z,AMB-01,temperature_c,27.8
252,2026-08-11T12:00:00Z,AMB-01,pressure_hpa,1000.9
252,2026-08-11T12:00:00Z,AMB-01,humidity_pct,88
253,2026-08-11T13:00:00Z,AMB-01,temperature_c,27.6
253,2026-08-11T13:00:00Z,AMB-01,pressure_hpa,1000.6
253,2026-08-11T13:00:00Z,AMB-01,humidity_pct,89
254,2026-08-11T14:00:00Z,AMB-01,temperature_c,27.3
254,2026-08-11T14:00:00Z,AMB-01,pressure_hpa,1000.5
254,2026-08-11T14:00:00Z,AMB-01,humidity_pct,92
255,2026-08-11T15:00:00Z,AMB-01,temperature_c,27.1
255,2026-08-11T15:00:00Z,AMB-01,pressure_hpa,1001.6
255,2026-08-11T15:00:00Z,AMB-01,humidity_pct,92
256,2026-08-11T16:00:00Z,AMB-01,temperature_c,26.9
256,2026-08-11T16:00:00Z,AMB-01,pressure_hpa,1002.3
256,2026-08-11T16:00:00Z,AMB-01,humidity_pct,94
257,2026-08-11T17:00:00Z,AMB-01,temperature_c,26.5
257,2026-08-11T17:00:00Z,AMB-01,pressure_hpa,1002.8
257,2026-08-11T17:00:00Z,AMB-01,humidity_pct,97
258,2026-08-11T18:00:00Z,AMB-01,temperature_c,26.9
258,2026-08-11T18:00:00Z,AMB-01,pressure_hpa,1002.5
258,2026-08-11T18:00:00Z,AMB-01,humidity_pct,97
259,2026-08-11T19:00:00Z,AMB-01,temperature_c,26.4
259,2026-08-11T19:00:00Z,AMB-01,pressure_hpa,1002.9
259,2026-08-11T19:00:00Z,AMB-01,humidity_pct,97
260,2026-08-11T20:00:00Z,AMB-01,temperature_c,26.2
260,2026-08-11T20:00:00Z,AMB-01,pressure_hpa,1003.0
260,2026-08-11T20:00:00Z,AMB-01,humidity_pct,97
261,2026-08-11T21:00:00Z,AMB-01,temperature_c,26.0
261,2026-08-11T21:00:00Z,AMB-01,pressure_hpa,1002.8
261,2026-08-11T21:00:00Z,AMB-01,humidity_pct,97
262,2026-08-11T22:00:00Z,AMB-01,temperature_c,25.7
262,2026-08-11T22:00:00Z,AMB-01,pressure_hpa,1002.6
262,2026-08-11T22:00:00Z,AMB-01,humidity_pct,98
263,2026-08-11T23:00:00Z,AMB-01,temperature_c,25.5
263,2026-08-11T23:00:00Z,AMB-01,pressure_hpa,1002.6
263,2026-08-11T23:00:00Z,AMB-01,humidity_pct,99
264,2026-08-12T00:00:00Z,AMB-01,temperature_c,26.4
264,2026-08-12T00:00:00Z,AMB-01,pressure_hpa,1002.6
264,2026-08-12T00:00:00Z,AMB-01,humidity_pct,99
265,2026-08-12T01:00:00Z,AMB-01,temperature_c,26.3
265,2026-08-12T01:00:00Z,AMB-01,pressure_hpa,1002.9
265,2026-08-12T01:00:00Z,AMB-01,humidity_pct,99
266,2026-08-12T02:00:00Z,AMB-01,temperature_c,27.6
266,2026-08-12T02:00:00Z,AMB-01,pressure_hpa,1003.4
266,2026-08-12T02:00:00Z,AMB-01,humidity_pct,93
267,2026-08-12T03:00:00Z,AMB-01,temperature_c,28.8
267,2026-08-12T03:00:00Z,AMB-01,pressure_hpa,1003.6
267,2026-08-12T03:00:00Z,AMB-01,humidity_pct,87
268,2026-08-12T04:00:00Z,AMB-01,temperature_c,30.1
268,2026-08-12T04:00:00Z,AMB-01,pressure_hpa,1003.3
268,2026-08-12T04:00:00Z,AMB-01,humidity_pct,80
269,2026-08-12T05:00:00Z,AMB-01,temperature_c,31.3
269,2026-08-12T05:00:00Z,AMB-01,pressure_hpa,1003.0
269,2026-08-12T05:00:00Z,AMB-01,humidity_pct,74
270,2026-08-12T06:00:00Z,AMB-01,temperature_c,32.6
270,2026-08-12T06:00:00Z,AMB-01,pressure_hpa,1002.4
270,2026-08-12T06:00:00Z,AMB-01,humidity_pct,70
271,2026-08-12T07:00:00Z,AMB-01,temperature_c,33.3
271,2026-08-12T07:00:00Z,AMB-01,pressure_hpa,1001.8
271,2026-08-12T07:00:00Z,AMB-01,humidity_pct,67
272,2026-08-12T08:00:00Z,AMB-01,temperature_c,33.6
272,2026-08-12T08:00:00Z,AMB-01,pressure_hpa,1001.0
272,2026-08-12T08:00:00Z,AMB-01,humidity_pct,65
273,2026-08-12T09:00:00Z,AMB-01,temperature_c,33.8
273,2026-08-12T09:00:00Z,AMB-01,pressure_hpa,1000.5
273,2026-08-12T09:00:00Z,AMB-01,humidity_pct,65
274,2026-08-12T10:00:00Z,AMB-01,temperature_c,33.9
274,2026-08-12T10:00:00Z,AMB-01,pressure_hpa,1000.1
274,2026-08-12T10:00:00Z,AMB-01,humidity_pct,65
275,2026-08-12T11:00:00Z,AMB-01,temperature_c,33.5
275,2026-08-12T11:00:00Z,AMB-01,pressure_hpa,999.5
275,2026-08-12T11:00:00Z,AMB-01,humidity_pct,66
276,2026-08-12T12:00:00Z,AMB-01,temperature_c,33.5
276,2026-08-12T12:00:00Z,AMB-01,pressure_hpa,999.6
276,2026-08-12T12:00:00Z,AMB-01,humidity_pct,61
277,2026-08-12T13:00:00Z,AMB-01,temperature_c,33.0
277,2026-08-12T13:00:00Z,AMB-01,pressure_hpa,1000.2
277,2026-08-12T13:00:00Z,AMB-01,humidity_pct,62
278,2026-08-12T14:00:00Z,AMB-01,temperature_c,31.0
278,2026-08-12T14:00:00Z,AMB-01,pressure_hpa,1001.4
278,2026-08-12T14:00:00Z,AMB-01,humidity_pct,74
279,2026-08-12T15:00:00Z,AMB-01,temperature_c,30.4
279,2026-08-12T15:00:00Z,AMB-01,pressure_hpa,1002.3
279,2026-08-12T15:00:00Z,AMB-01,humidity_pct,76
280,2026-08-12T16:00:00Z,AMB-01,temperature_c,30.0
280,2026-08-12T16:00:00Z,AMB-01,pressure_hpa,1003.4
280,2026-08-12T16:00:00Z,AMB-01,humidity_pct,78
281,2026-08-12T17:00:00Z,AMB-01,temperature_c,29.3
281,2026-08-12T17:00:00Z,AMB-01,pressure_hpa,1003.7
281,2026-08-12T17:00:00Z,AMB-01,humidity_pct,83
282,2026-08-12T18:00:00Z,AMB-01,temperature_c,29.5
282,2026-08-12T18:00:00Z,AMB-01,pressure_hpa,1003.5
282,2026-08-12T18:00:00Z,AMB-01,humidity_pct,81
283,2026-08-12T19:00:00Z,AMB-01,temperature_c,28.9
283,2026-08-12T19:00:00Z,AMB-01,pressure_hpa,1003.8
283,2026-08-12T19:00:00Z,AMB-01,humidity_pct,82
284,2026-08-12T20:00:00Z,AMB-01,temperature_c,28.6
284,2026-08-12T20:00:00Z,AMB-01,pressure_hpa,1003.3
284,2026-08-12T20:00:00Z,AMB-01,humidity_pct,84
285,2026-08-12T21:00:00Z,AMB-01,temperature_c,27.9
285,2026-08-12T21:00:00Z,AMB-01,pressure_hpa,1003.0
285,2026-08-12T21:00:00Z,AMB-01,humidity_pct,87
286,2026-08-12T22:00:00Z,AMB-01,temperature_c,27.4
286,2026-08-12T22:00:00Z,AMB-01,pressure_hpa,1002.9
286,2026-08-12T22:00:00Z,AMB-01,humidity_pct,91
287,2026-08-12T23:00:00Z,AMB-01,temperature_c,27.2
287,2026-08-12T23:00:00Z,AMB-01,pressure_hpa,1002.7
287,2026-08-12T23:00:00Z,AMB-01,humidity_pct,93
288,2026-08-13T00:00:00Z,AMB-01,temperature_c,27.7
288,2026-08-13T00:00:00Z,AMB-01,pressure_hpa,1002.4
288,2026-08-13T00:00:00Z,AMB-01,humidity_pct,93
289,2026-08-13T01:00:00Z,AMB-01,temperature_c,27.8
289,2026-08-13T01:00:00Z,AMB-01,pressure_hpa,1002.7
289,2026-08-13T01:00:00Z,AMB-01,humidity_pct,93
290,2026-08-13T02:00:00Z,AMB-01,temperature_c,29.5
290,2026-08-13T02:00:00Z,AMB-01,pressure_hpa,1002.6
290,2026-08-13T02:00:00Z,AMB-01,humidity_pct,86
291,2026-08-13T03:00:00Z,AMB-01,temperature_c,30.8
291,2026-08-13T03:00:00Z,AMB-01,pressure_hpa,1002.6
291,2026-08-13T03:00:00Z,AMB-01,humidity_pct,78
292,2026-08-13T04:00:00Z,AMB-01,temperature_c,31.9
292,2026-08-13T04:00:00Z,AMB-01,pressure_hpa,1002.2
292,2026-08-13T04:00:00Z,AMB-01,humidity_pct,70
293,2026-08-13T05:00:00Z,AMB-01,temperature_c,32.6
293,2026-08-13T05:00:00Z,AMB-01,pressure_hpa,1002.4
293,2026-08-13T05:00:00Z,AMB-01,humidity_pct,65
294,2026-08-13T06:00:00Z,AMB-01,temperature_c,33.5
294,2026-08-13T06:00:00Z,AMB-01,pressure_hpa,1002.7
294,2026-08-13T06:00:00Z,AMB-01,humidity_pct,62
295,2026-08-13T07:00:00Z,AMB-01,temperature_c,34.0
295,2026-08-13T07:00:00Z,AMB-01,pressure_hpa,1002.2
295,2026-08-13T07:00:00Z,AMB-01,humidity_pct,60
296,2026-08-13T08:00:00Z,AMB-01,temperature_c,34.1
296,2026-08-13T08:00:00Z,AMB-01,pressure_hpa,1001.2
296,2026-08-13T08:00:00Z,AMB-01,humidity_pct,60
297,2026-08-13T09:00:00Z,AMB-01,temperature_c,34.3
297,2026-08-13T09:00:00Z,AMB-01,pressure_hpa,1000.6
297,2026-08-13T09:00:00Z,AMB-01,humidity_pct,59
298,2026-08-13T10:00:00Z,AMB-01,temperature_c,34.3
298,2026-08-13T10:00:00Z,AMB-01,pressure_hpa,999.9
298,2026-08-13T10:00:00Z,AMB-01,humidity_pct,59
299,2026-08-13T11:00:00Z,AMB-01,temperature_c,33.7
299,2026-08-13T11:00:00Z,AMB-01,pressure_hpa,999.3
299,2026-08-13T11:00:00Z,AMB-01,humidity_pct,61
300,2026-08-13T12:00:00Z,AMB-01,temperature_c,32.9
300,2026-08-13T12:00:00Z,AMB-01,pressure_hpa,999.5
300,2026-08-13T12:00:00Z,AMB-01,humidity_pct,68
301,2026-08-13T13:00:00Z,AMB-01,temperature_c,30.7
301,2026-08-13T13:00:00Z,AMB-01,pressure_hpa,1000.0
301,2026-08-13T13:00:00Z,AMB-01,humidity_pct,83
302,2026-08-13T14:00:00Z,AMB-01,temperature_c,29.9
302,2026-08-13T14:00:00Z,AMB-01,pressure_hpa,1000.4
302,2026-08-13T14:00:00Z,AMB-01,humidity_pct,85
303,2026-08-13T15:00:00Z,AMB-01,temperature_c,29.4
303,2026-08-13T15:00:00Z,AMB-01,pressure_hpa,1001.2
303,2026-08-13T15:00:00Z,AMB-01,humidity_pct,89
304,2026-08-13T16:00:00Z,AMB-01,temperature_c,29.2
304,2026-08-13T16:00:00Z,AMB-01,pressure_hpa,1001.6
304,2026-08-13T16:00:00Z,AMB-01,humidity_pct,88
305,2026-08-13T17:00:00Z,AMB-01,temperature_c,29.0
305,2026-08-13T17:00:00Z,AMB-01,pressure_hpa,1001.7
305,2026-08-13T17:00:00Z,AMB-01,humidity_pct,90
306,2026-08-13T18:00:00Z,AMB-01,temperature_c,29.3
306,2026-08-13T18:00:00Z,AMB-01,pressure_hpa,1001.0
306,2026-08-13T18:00:00Z,AMB-01,humidity_pct,89
307,2026-08-13T19:00:00Z,AMB-01,temperature_c,28.7
307,2026-08-13T19:00:00Z,AMB-01,pressure_hpa,1001.0
307,2026-08-13T19:00:00Z,AMB-01,humidity_pct,91
308,2026-08-13T20:00:00Z,AMB-01,temperature_c,28.3
308,2026-08-13T20:00:00Z,AMB-01,pressure_hpa,1001.0
308,2026-08-13T20:00:00Z,AMB-01,humidity_pct,93
309,2026-08-13T21:00:00Z,AMB-01,temperature_c,28.0
309,2026-08-13T21:00:00Z,AMB-01,pressure_hpa,1001.2
309,2026-08-13T21:00:00Z,AMB-01,humidity_pct,93
310,2026-08-13T22:00:00Z,AMB-01,temperature_c,28.0
310,2026-08-13T22:00:00Z,AMB-01,pressure_hpa,1000.9
310,2026-08-13T22:00:00Z,AMB-01,humidity_pct,93
311,2026-08-13T23:00:00Z,AMB-01,temperature_c,27.9
311,2026-08-13T23:00:00Z,AMB-01,pressure_hpa,1000.7
311,2026-08-13T23:00:00Z,AMB-01,humidity_pct,93
312,2026-08-14T00:00:00Z,AMB-01,temperature_c,27.9
312,2026-08-14T00:00:00Z,AMB-01,pressure_hpa,1000.8
312,2026-08-14T00:00:00Z,AMB-01,humidity_pct,92
313,2026-08-14T01:00:00Z,AMB-01,temperature_c,27.6
313,2026-08-14T01:00:00Z,AMB-01,pressure_hpa,1001.1
313,2026-08-14T01:00:00Z,AMB-01,humidity_pct,92
314,2026-08-14T02:00:00Z,AMB-01,temperature_c,28.6
314,2026-08-14T02:00:00Z,AMB-01,pressure_hpa,1001.3
314,2026-08-14T02:00:00Z,AMB-01,humidity_pct,90
315,2026-08-14T03:00:00Z,AMB-01,temperature_c,30.0
315,2026-08-14T03:00:00Z,AMB-01,pressure_hpa,1001.9
315,2026-08-14T03:00:00Z,AMB-01,humidity_pct,85
316,2026-08-14T04:00:00Z,AMB-01,temperature_c,31.3
316,2026-08-14T04:00:00Z,AMB-01,pressure_hpa,1002.4
316,2026-08-14T04:00:00Z,AMB-01,humidity_pct,79
317,2026-08-14T05:00:00Z,AMB-01,temperature_c,31.6
317,2026-08-14T05:00:00Z,AMB-01,pressure_hpa,1002.8
317,2026-08-14T05:00:00Z,AMB-01,humidity_pct,77
318,2026-08-14T06:00:00Z,AMB-01,temperature_c,30.4
318,2026-08-14T06:00:00Z,AMB-01,pressure_hpa,1003.3
318,2026-08-14T06:00:00Z,AMB-01,humidity_pct,80
319,2026-08-14T07:00:00Z,AMB-01,temperature_c,30.6
319,2026-08-14T07:00:00Z,AMB-01,pressure_hpa,1003.4
319,2026-08-14T07:00:00Z,AMB-01,humidity_pct,84
320,2026-08-14T08:00:00Z,AMB-01,temperature_c,30.5
320,2026-08-14T08:00:00Z,AMB-01,pressure_hpa,1002.9
320,2026-08-14T08:00:00Z,AMB-01,humidity_pct,84
321,2026-08-14T09:00:00Z,AMB-01,temperature_c,26.1
321,2026-08-14T09:00:00Z,AMB-01,pressure_hpa,1003.4
321,2026-08-14T09:00:00Z,AMB-01,humidity_pct,96
322,2026-08-14T10:00:00Z,AMB-01,temperature_c,25.8
322,2026-08-14T10:00:00Z,AMB-01,pressure_hpa,1003.1
322,2026-08-14T10:00:00Z,AMB-01,humidity_pct,99
323,2026-08-14T11:00:00Z,AMB-01,temperature_c,26.4
323,2026-08-14T11:00:00Z,AMB-01,pressure_hpa,1002.2
323,2026-08-14T11:00:00Z,AMB-01,humidity_pct,97
324,2026-08-14T12:00:00Z,AMB-01,temperature_c,29.1
324,2026-08-14T12:00:00Z,AMB-01,pressure_hpa,1002.2
324,2026-08-14T12:00:00Z,AMB-01,humidity_pct,85
325,2026-08-14T13:00:00Z,AMB-01,temperature_c,28.5
325,2026-08-14T13:00:00Z,AMB-01,pressure_hpa,1001.9
325,2026-08-14T13:00:00Z,AMB-01,humidity_pct,89
326,2026-08-14T14:00:00Z,AMB-01,temperature_c,27.8
326,2026-08-14T14:00:00Z,AMB-01,pressure_hpa,1001.9
326,2026-08-14T14:00:00Z,AMB-01,humidity_pct,92
327,2026-08-14T15:00:00Z,AMB-01,temperature_c,27.4
327,2026-08-14T15:00:00Z,AMB-01,pressure_hpa,1002.5
327,2026-08-14T15:00:00Z,AMB-01,humidity_pct,94
328,2026-08-14T16:00:00Z,AMB-01,temperature_c,27.1
328,2026-08-14T16:00:00Z,AMB-01,pressure_hpa,1003.4
328,2026-08-14T16:00:00Z,AMB-01,humidity_pct,95
329,2026-08-14T17:00:00Z,AMB-01,temperature_c,26.8
329,2026-08-14T17:00:00Z,AMB-01,pressure_hpa,1003.8
329,2026-08-14T17:00:00Z,AMB-01,humidity_pct,96
330,2026-08-14T18:00:00Z,AMB-01,temperature_c,26.8
330,2026-08-14T18:00:00Z,AMB-01,pressure_hpa,1003.6
330,2026-08-14T18:00:00Z,AMB-01,humidity_pct,96
331,2026-08-14T19:00:00Z,AMB-01,temperature_c,26.3
331,2026-08-14T19:00:00Z,AMB-01,pressure_hpa,1003.7
331,2026-08-14T19:00:00Z,AMB-01,humidity_pct,95
332,2026-08-14T20:00:00Z,AMB-01,temperature_c,25.9
332,2026-08-14T20:00:00Z,AMB-01,pressure_hpa,1003.3
332,2026-08-14T20:00:00Z,AMB-01,humidity_pct,97
333,2026-08-14T21:00:00Z,AMB-01,temperature_c,25.4
333,2026-08-14T21:00:00Z,AMB-01,pressure_hpa,1003.1
333,2026-08-14T21:00:00Z,AMB-01,humidity_pct,98
334,2026-08-14T22:00:00Z,AMB-01,temperature_c,25.4
334,2026-08-14T22:00:00Z,AMB-01,pressure_hpa,1002.9
334,2026-08-14T22:00:00Z,AMB-01,humidity_pct,98
335,2026-08-14T23:00:00Z,AMB-01,temperature_c,25.2
335,2026-08-14T23:00:00Z,AMB-01,pressure_hpa,1002.9
335,2026-08-14T23:00:00Z,AMB-01,humidity_pct,99
336,2026-08-15T00:00:00Z,AMB-01,temperature_c,26.2
336,2026-08-15T00:00:00Z,AMB-01,pressure_hpa,1002.8
336,2026-08-15T00:00:00Z,AMB-01,humidity_pct,94
337,2026-08-15T01:00:00Z,AMB-01,temperature_c,25.3
337,2026-08-15T01:00:00Z,AMB-01,pressure_hpa,1003.8
337,2026-08-15T01:00:00Z,AMB-01,humidity_pct,95
338,2026-08-15T02:00:00Z,AMB-01,temperature_c,25.1
338,2026-08-15T02:00:00Z,AMB-01,pressure_hpa,1004.6
338,2026-08-15T02:00:00Z,AMB-01,humidity_pct,96
339,2026-08-15T03:00:00Z,AMB-01,temperature_c,25.8
339,2026-08-15T03:00:00Z,AMB-01,pressure_hpa,1004.8
339,2026-08-15T03:00:00Z,AMB-01,humidity_pct,93
340,2026-08-15T04:00:00Z,AMB-01,temperature_c,26.8
340,2026-08-15T04:00:00Z,AMB-01,pressure_hpa,1004.6
340,2026-08-15T04:00:00Z,AMB-01,humidity_pct,90
341,2026-08-15T05:00:00Z,AMB-01,temperature_c,27.9
341,2026-08-15T05:00:00Z,AMB-01,pressure_hpa,1004.7
341,2026-08-15T05:00:00Z,AMB-01,humidity_pct,87
342,2026-08-15T06:00:00Z,AMB-01,temperature_c,28.3
342,2026-08-15T06:00:00Z,AMB-01,pressure_hpa,1004.7
342,2026-08-15T06:00:00Z,AMB-01,humidity_pct,87
343,2026-08-15T07:00:00Z,AMB-01,temperature_c,28.9
343,2026-08-15T07:00:00Z,AMB-01,pressure_hpa,1003.9
343,2026-08-15T07:00:00Z,AMB-01,humidity_pct,84
344,2026-08-15T08:00:00Z,AMB-01,temperature_c,30.2
344,2026-08-15T08:00:00Z,AMB-01,pressure_hpa,1002.8
344,2026-08-15T08:00:00Z,AMB-01,humidity_pct,77
345,2026-08-15T09:00:00Z,AMB-01,temperature_c,30.8
345,2026-08-15T09:00:00Z,AMB-01,pressure_hpa,1001.6
345,2026-08-15T09:00:00Z,AMB-01,humidity_pct,74
346,2026-08-15T10:00:00Z,AMB-01,temperature_c,31.6
346,2026-08-15T10:00:00Z,AMB-01,pressure_hpa,1000.4
346,2026-08-15T10:00:00Z,AMB-01,humidity_pct,69
347,2026-08-15T11:00:00Z,AMB-01,temperature_c,31.5
347,2026-08-15T11:00:00Z,AMB-01,pressure_hpa,999.5
347,2026-08-15T11:00:00Z,AMB-01,humidity_pct,70
348,2026-08-15T12:00:00Z,AMB-01,temperature_c,31.3
348,2026-08-15T12:00:00Z,AMB-01,pressure_hpa,999.1
348,2026-08-15T12:00:00Z,AMB-01,humidity_pct,74
349,2026-08-15T13:00:00Z,AMB-01,temperature_c,30.3
349,2026-08-15T13:00:00Z,AMB-01,pressure_hpa,999.4
349,2026-08-15T13:00:00Z,AMB-01,humidity_pct,80
350,2026-08-15T14:00:00Z,AMB-01,temperature_c,29.5
350,2026-08-15T14:00:00Z,AMB-01,pressure_hpa,1000.1
350,2026-08-15T14:00:00Z,AMB-01,humidity_pct,82
351,2026-08-15T15:00:00Z,AMB-01,temperature_c,29.1
351,2026-08-15T15:00:00Z,AMB-01,pressure_hpa,1001.0
351,2026-08-15T15:00:00Z,AMB-01,humidity_pct,85
352,2026-08-15T16:00:00Z,AMB-01,temperature_c,28.8
352,2026-08-15T16:00:00Z,AMB-01,pressure_hpa,1001.7
352,2026-08-15T16:00:00Z,AMB-01,humidity_pct,87
353,2026-08-15T17:00:00Z,AMB-01,temperature_c,28.4
353,2026-08-15T17:00:00Z,AMB-01,pressure_hpa,1001.9
353,2026-08-15T17:00:00Z,AMB-01,humidity_pct,89
354,2026-08-15T18:00:00Z,AMB-01,temperature_c,28.1
354,2026-08-15T18:00:00Z,AMB-01,pressure_hpa,1001.5
354,2026-08-15T18:00:00Z,AMB-01,humidity_pct,88
355,2026-08-15T19:00:00Z,AMB-01,temperature_c,27.6
355,2026-08-15T19:00:00Z,AMB-01,pressure_hpa,1001.4
355,2026-08-15T19:00:00Z,AMB-01,humidity_pct,90
356,2026-08-15T20:00:00Z,AMB-01,temperature_c,27.2
356,2026-08-15T20:00:00Z,AMB-01,pressure_hpa,1000.8
356,2026-08-15T20:00:00Z,AMB-01,humidity_pct,92
357,2026-08-15T21:00:00Z,AMB-01,temperature_c,27.0
357,2026-08-15T21:00:00Z,AMB-01,pressure_hpa,1000.0
357,2026-08-15T21:00:00Z,AMB-01,humidity_pct,92
358,2026-08-15T22:00:00Z,AMB-01,temperature_c,26.7
358,2026-08-15T22:00:00Z,AMB-01,pressure_hpa,999.7
358,2026-08-15T22:00:00Z,AMB-01,humidity_pct,93
359,2026-08-15T23:00:00Z,AMB-01,temperature_c,26.6
359,2026-08-15T23:00:00Z,AMB-01,pressure_hpa,1000.0
359,2026-08-15T23:00:00Z,AMB-01,humidity_pct,93
360,2026-08-16T00:00:00Z,AMB-01,temperature_c,27.2
360,2026-08-16T00:00:00Z,AMB-01,pressure_hpa,999.7
360,2026-08-16T00:00:00Z,AMB-01,humidity_pct,91
361,2026-08-16T01:00:00Z,AMB-01,temperature_c,27.2
361,2026-08-16T01:00:00Z,AMB-01,pressure_hpa,1000.4
361,2026-08-16T01:00:00Z,AMB-01,humidity_pct,89
362,2026-08-16T02:00:00Z,AMB-01,temperature_c,27.8
362,2026-08-16T02:00:00Z,AMB-01,pressure_hpa,1000.8
362,2026-08-16T02:00:00Z,AMB-01,humidity_pct,89
363,2026-08-16T03:00:00Z,AMB-01,temperature_c,29.0
363,2026-08-16T03:00:00Z,AMB-01,pressure_hpa,1001.2
363,2026-08-16T03:00:00Z,AMB-01,humidity_pct,84
364,2026-08-16T04:00:00Z,AMB-01,temperature_c,30.3
364,2026-08-16T04:00:00Z,AMB-01,pressure_hpa,1001.1
364,2026-08-16T04:00:00Z,AMB-01,humidity_pct,79
365,2026-08-16T05:00:00Z,AMB-01,temperature_c,31.6
365,2026-08-16T05:00:00Z,AMB-01,pressure_hpa,1000.7
365,2026-08-16T05:00:00Z,AMB-01,humidity_pct,75
366,2026-08-16T06:00:00Z,AMB-01,temperature_c,32.6
366,2026-08-16T06:00:00Z,AMB-01,pressure_hpa,1000.8
366,2026-08-16T06:00:00Z,AMB-01,humidity_pct,67
367,2026-08-16T07:00:00Z,AMB-01,temperature_c,33.0
367,2026-08-16T07:00:00Z,AMB-01,pressure_hpa,1000.3
367,2026-08-16T07:00:00Z,AMB-01,humidity_pct,65
368,2026-08-16T08:00:00Z,AMB-01,temperature_c,33.3
368,2026-08-16T08:00:00Z,AMB-01,pressure_hpa,999.9
368,2026-08-16T08:00:00Z,AMB-01,humidity_pct,62
369,2026-08-16T09:00:00Z,AMB-01,temperature_c,33.3
369,2026-08-16T09:00:00Z,AMB-01,pressure_hpa,999.2
369,2026-08-16T09:00:00Z,AMB-01,humidity_pct,62
370,2026-08-16T10:00:00Z,AMB-01,temperature_c,33.1
370,2026-08-16T10:00:00Z,AMB-01,pressure_hpa,998.7
370,2026-08-16T10:00:00Z,AMB-01,humidity_pct,62
371,2026-08-16T11:00:00Z,AMB-01,temperature_c,32.6
371,2026-08-16T11:00:00Z,AMB-01,pressure_hpa,998.6
371,2026-08-16T11:00:00Z,AMB-01,humidity_pct,64
372,2026-08-16T12:00:00Z,AMB-01,temperature_c,32.2
372,2026-08-16T12:00:00Z,AMB-01,pressure_hpa,998.8
372,2026-08-16T12:00:00Z,AMB-01,humidity_pct,73
373,2026-08-16T13:00:00Z,AMB-01,temperature_c,31.0
373,2026-08-16T13:00:00Z,AMB-01,pressure_hpa,999.2
373,2026-08-16T13:00:00Z,AMB-01,humidity_pct,80
374,2026-08-16T14:00:00Z,AMB-01,temperature_c,30.2
374,2026-08-16T14:00:00Z,AMB-01,pressure_hpa,1000.0
374,2026-08-16T14:00:00Z,AMB-01,humidity_pct,83
375,2026-08-16T15:00:00Z,AMB-01,temperature_c,29.3
375,2026-08-16T15:00:00Z,AMB-01,pressure_hpa,1001.0
375,2026-08-16T15:00:00Z,AMB-01,humidity_pct,87
376,2026-08-16T16:00:00Z,AMB-01,temperature_c,28.9
376,2026-08-16T16:00:00Z,AMB-01,pressure_hpa,1001.5
376,2026-08-16T16:00:00Z,AMB-01,humidity_pct,89
377,2026-08-16T17:00:00Z,AMB-01,temperature_c,28.7
377,2026-08-16T17:00:00Z,AMB-01,pressure_hpa,1001.8
377,2026-08-16T17:00:00Z,AMB-01,humidity_pct,90
378,2026-08-16T18:00:00Z,AMB-01,temperature_c,29.0
378,2026-08-16T18:00:00Z,AMB-01,pressure_hpa,1001.0
378,2026-08-16T18:00:00Z,AMB-01,humidity_pct,87
379,2026-08-16T19:00:00Z,AMB-01,temperature_c,28.2
379,2026-08-16T19:00:00Z,AMB-01,pressure_hpa,1000.8
379,2026-08-16T19:00:00Z,AMB-01,humidity_pct,90
380,2026-08-16T20:00:00Z,AMB-01,temperature_c,28.0
380,2026-08-16T20:00:00Z,AMB-01,pressure_hpa,1000.5
380,2026-08-16T20:00:00Z,AMB-01,humidity_pct,91
381,2026-08-16T21:00:00Z,AMB-01,temperature_c,27.1
381,2026-08-16T21:00:00Z,AMB-01,pressure_hpa,1000.9
381,2026-08-16T21:00:00Z,AMB-01,humidity_pct,89
382,2026-08-16T22:00:00Z,AMB-01,temperature_c,25.9
382,2026-08-16T22:00:00Z,AMB-01,pressure_hpa,1000.5
382,2026-08-16T22:00:00Z,AMB-01,humidity_pct,91
383,2026-08-16T23:00:00Z,AMB-01,temperature_c,26.0
383,2026-08-16T23:00:00Z,AMB-01,pressure_hpa,1000.3
383,2026-08-16T23:00:00Z,AMB-01,humidity_pct,92
384,2026-08-17T00:00:00Z,AMB-01,temperature_c,26.5
384,2026-08-17T00:00:00Z,AMB-01,pressure_hpa,1000.7
384,2026-08-17T00:00:00Z,AMB-01,humidity_pct,90
385,2026-08-17T01:00:00Z,AMB-01,temperature_c,25.5
385,2026-08-17T01:00:00Z,AMB-01,pressure_hpa,1001.9
385,2026-08-17T01:00:00Z,AMB-01,humidity_pct,91
386,2026-08-17T02:00:00Z,AMB-01,temperature_c,25.7
386,2026-08-17T02:00:00Z,AMB-01,pressure_hpa,1002.2
386,2026-08-17T02:00:00Z,AMB-01,humidity_pct,93
387,2026-08-17T03:00:00Z,AMB-01,temperature_c,26.7
387,2026-08-17T03:00:00Z,AMB-01,pressure_hpa,1002.1
387,2026-08-17T03:00:00Z,AMB-01,humidity_pct,91
388,2026-08-17T04:00:00Z,AMB-01,temperature_c,28.2
388,2026-08-17T04:00:00Z,AMB-01,pressure_hpa,1002.0
388,2026-08-17T04:00:00Z,AMB-01,humidity_pct,86
389,2026-08-17T05:00:00Z,AMB-01,temperature_c,30.0
389,2026-08-17T05:00:00Z,AMB-01,pressure_hpa,1002.1
389,2026-08-17T05:00:00Z,AMB-01,humidity_pct,79
390,2026-08-17T06:00:00Z,AMB-01,temperature_c,31.1
390,2026-08-17T06:00:00Z,AMB-01,pressure_hpa,1002.1
390,2026-08-17T06:00:00Z,AMB-01,humidity_pct,69
391,2026-08-17T07:00:00Z,AMB-01,temperature_c,32.1
391,2026-08-17T07:00:00Z,AMB-01,pressure_hpa,1001.5
391,2026-08-17T07:00:00Z,AMB-01,humidity_pct,69
392,2026-08-17T08:00:00Z,AMB-01,temperature_c,32.6
392,2026-08-17T08:00:00Z,AMB-01,pressure_hpa,1001.0
392,2026-08-17T08:00:00Z,AMB-01,humidity_pct,67
393,2026-08-17T09:00:00Z,AMB-01,temperature_c,32.6
393,2026-08-17T09:00:00Z,AMB-01,pressure_hpa,1000.4
393,2026-08-17T09:00:00Z,AMB-01,humidity_pct,68
394,2026-08-17T10:00:00Z,AMB-01,temperature_c,30.8
394,2026-08-17T10:00:00Z,AMB-01,pressure_hpa,1000.3
394,2026-08-17T10:00:00Z,AMB-01,humidity_pct,76
395,2026-08-17T11:00:00Z,AMB-01,temperature_c,30.9
395,2026-08-17T11:00:00Z,AMB-01,pressure_hpa,999.5
395,2026-08-17T11:00:00Z,AMB-01,humidity_pct,76
396,2026-08-17T12:00:00Z,AMB-01,temperature_c,30.8
396,2026-08-17T12:00:00Z,AMB-01,pressure_hpa,999.7
396,2026-08-17T12:00:00Z,AMB-01,humidity_pct,75
397,2026-08-17T13:00:00Z,AMB-01,temperature_c,29.4
397,2026-08-17T13:00:00Z,AMB-01,pressure_hpa,1000.2
397,2026-08-17T13:00:00Z,AMB-01,humidity_pct,86
398,2026-08-17T14:00:00Z,AMB-01,temperature_c,28.6
398,2026-08-17T14:00:00Z,AMB-01,pressure_hpa,1001.2
398,2026-08-17T14:00:00Z,AMB-01,humidity_pct,92
399,2026-08-17T15:00:00Z,AMB-01,temperature_c,29.0
399,2026-08-17T15:00:00Z,AMB-01,pressure_hpa,1001.7
399,2026-08-17T15:00:00Z,AMB-01,humidity_pct,89
400,2026-08-17T16:00:00Z,AMB-01,temperature_c,28.3
400,2026-08-17T16:00:00Z,AMB-01,pressure_hpa,1002.2
400,2026-08-17T16:00:00Z,AMB-01,humidity_pct,93
401,2026-08-17T17:00:00Z,AMB-01,temperature_c,27.1
401,2026-08-17T17:00:00Z,AMB-01,pressure_hpa,1002.8
401,2026-08-17T17:00:00Z,AMB-01,humidity_pct,96
402,2026-08-17T18:00:00Z,AMB-01,temperature_c,27.1
402,2026-08-17T18:00:00Z,AMB-01,pressure_hpa,1002.7
402,2026-08-17T18:00:00Z,AMB-01,humidity_pct,95
403,2026-08-17T19:00:00Z,AMB-01,temperature_c,26.5
403,2026-08-17T19:00:00Z,AMB-01,pressure_hpa,1002.5
403,2026-08-17T19:00:00Z,AMB-01,humidity_pct,94
404,2026-08-17T20:00:00Z,AMB-01,temperature_c,26.3
404,2026-08-17T20:00:00Z,AMB-01,pressure_hpa,1002.3
404,2026-08-17T20:00:00Z,AMB-01,humidity_pct,92
405,2026-08-17T21:00:00Z,AMB-01,temperature_c,26.3
405,2026-08-17T21:00:00Z,AMB-01,pressure_hpa,1001.6
405,2026-08-17T21:00:00Z,AMB-01,humidity_pct,89
406,2026-08-17T22:00:00Z,AMB-01,temperature_c,26.1
406,2026-08-17T22:00:00Z,AMB-01,pressure_hpa,1001.7
406,2026-08-17T22:00:00Z,AMB-01,humidity_pct,90
407,2026-08-17T23:00:00Z,AMB-01,temperature_c,25.9
407,2026-08-17T23:00:00Z,AMB-01,pressure_hpa,1001.9
407,2026-08-17T23:00:00Z,AMB-01,humidity_pct,92
408,2026-08-18T00:00:00Z,AMB-01,temperature_c,26.7
408,2026-08-18T00:00:00Z,AMB-01,pressure_hpa,1002.0
408,2026-08-18T00:00:00Z,AMB-01,humidity_pct,96
409,2026-08-18T01:00:00Z,AMB-01,temperature_c,26.5
409,2026-08-18T01:00:00Z,AMB-01,pressure_hpa,1002.6
409,2026-08-18T01:00:00Z,AMB-01,humidity_pct,93
410,2026-08-18T02:00:00Z,AMB-01,temperature_c,27.1
410,2026-08-18T02:00:00Z,AMB-01,pressure_hpa,1002.7
410,2026-08-18T02:00:00Z,AMB-01,humidity_pct,89
411,2026-08-18T03:00:00Z,AMB-01,temperature_c,28.5
411,2026-08-18T03:00:00Z,AMB-01,pressure_hpa,1002.8
411,2026-08-18T03:00:00Z,AMB-01,humidity_pct,81
412,2026-08-18T04:00:00Z,AMB-01,temperature_c,29.9
412,2026-08-18T04:00:00Z,AMB-01,pressure_hpa,1003.1
412,2026-08-18T04:00:00Z,AMB-01,humidity_pct,75
413,2026-08-18T05:00:00Z,AMB-01,temperature_c,31.1
413,2026-08-18T05:00:00Z,AMB-01,pressure_hpa,1003.1
413,2026-08-18T05:00:00Z,AMB-01,humidity_pct,71
414,2026-08-18T06:00:00Z,AMB-01,temperature_c,31.9
414,2026-08-18T06:00:00Z,AMB-01,pressure_hpa,1003.6
414,2026-08-18T06:00:00Z,AMB-01,humidity_pct,69
415,2026-08-18T07:00:00Z,AMB-01,temperature_c,32.5
415,2026-08-18T07:00:00Z,AMB-01,pressure_hpa,1003.0
415,2026-08-18T07:00:00Z,AMB-01,humidity_pct,65
416,2026-08-18T08:00:00Z,AMB-01,temperature_c,32.9
416,2026-08-18T08:00:00Z,AMB-01,pressure_hpa,1002.6
416,2026-08-18T08:00:00Z,AMB-01,humidity_pct,63
417,2026-08-18T09:00:00Z,AMB-01,temperature_c,28.4
417,2026-08-18T09:00:00Z,AMB-01,pressure_hpa,1002.6
417,2026-08-18T09:00:00Z,AMB-01,humidity_pct,81
418,2026-08-18T10:00:00Z,AMB-01,temperature_c,25.0
418,2026-08-18T10:00:00Z,AMB-01,pressure_hpa,1002.0
418,2026-08-18T10:00:00Z,AMB-01,humidity_pct,99
419,2026-08-18T11:00:00Z,AMB-01,temperature_c,26.3
419,2026-08-18T11:00:00Z,AMB-01,pressure_hpa,1002.5
419,2026-08-18T11:00:00Z,AMB-01,humidity_pct,95
420,2026-08-18T12:00:00Z,AMB-01,temperature_c,30.9
420,2026-08-18T12:00:00Z,AMB-01,pressure_hpa,1001.8
420,2026-08-18T12:00:00Z,AMB-01,humidity_pct,75
421,2026-08-18T13:00:00Z,AMB-01,temperature_c,28.8
421,2026-08-18T13:00:00Z,AMB-01,pressure_hpa,1002.4
421,2026-08-18T13:00:00Z,AMB-01,humidity_pct,84
422,2026-08-18T14:00:00Z,AMB-01,temperature_c,27.8
422,2026-08-18T14:00:00Z,AMB-01,pressure_hpa,1003.3
422,2026-08-18T14:00:00Z,AMB-01,humidity_pct,88
423,2026-08-18T15:00:00Z,AMB-01,temperature_c,27.4
423,2026-08-18T15:00:00Z,AMB-01,pressure_hpa,1003.9
423,2026-08-18T15:00:00Z,AMB-01,humidity_pct,89
424,2026-08-18T16:00:00Z,AMB-01,temperature_c,27.3
424,2026-08-18T16:00:00Z,AMB-01,pressure_hpa,1004.4
424,2026-08-18T16:00:00Z,AMB-01,humidity_pct,91
425,2026-08-18T17:00:00Z,AMB-01,temperature_c,27.0
425,2026-08-18T17:00:00Z,AMB-01,pressure_hpa,1004.4
425,2026-08-18T17:00:00Z,AMB-01,humidity_pct,91
426,2026-08-18T18:00:00Z,AMB-01,temperature_c,26.7
426,2026-08-18T18:00:00Z,AMB-01,pressure_hpa,1004.4
426,2026-08-18T18:00:00Z,AMB-01,humidity_pct,96
427,2026-08-18T19:00:00Z,AMB-01,temperature_c,26.5
427,2026-08-18T19:00:00Z,AMB-01,pressure_hpa,1003.9
427,2026-08-18T19:00:00Z,AMB-01,humidity_pct,97
428,2026-08-18T20:00:00Z,AMB-01,temperature_c,26.2
428,2026-08-18T20:00:00Z,AMB-01,pressure_hpa,1003.7
428,2026-08-18T20:00:00Z,AMB-01,humidity_pct,96
429,2026-08-18T21:00:00Z,AMB-01,temperature_c,26.1
429,2026-08-18T21:00:00Z,AMB-01,pressure_hpa,1003.7
429,2026-08-18T21:00:00Z,AMB-01,humidity_pct,96
430,2026-08-18T22:00:00Z,AMB-01,temperature_c,25.6
430,2026-08-18T22:00:00Z,AMB-01,pressure_hpa,1003.6
430,2026-08-18T22:00:00Z,AMB-01,humidity_pct,96
431,2026-08-18T23:00:00Z,AMB-01,temperature_c,25.4
431,2026-08-18T23:00:00Z,AMB-01,pressure_hpa,1003.7
431,2026-08-18T23:00:00Z,AMB-01,humidity_pct,96
432,2026-08-19T00:00:00Z,AMB-01,temperature_c,25.3
432,2026-08-19T00:00:00Z,AMB-01,pressure_hpa,1003.5
432,2026-08-19T00:00:00Z,AMB-01,humidity_pct,96
433,2026-08-19T01:00:00Z,AMB-01,temperature_c,25.4
433,2026-08-19T01:00:00Z,AMB-01,pressure_hpa,1004.0
433,2026-08-19T01:00:00Z,AMB-01,humidity_pct,97
434,2026-08-19T02:00:00Z,AMB-01,temperature_c,25.8
434,2026-08-19T02:00:00Z,AMB-01,pressure_hpa,1004.4
434,2026-08-19T02:00:00Z,AMB-01,humidity_pct,94
435,2026-08-19T03:00:00Z,AMB-01,temperature_c,27.0
435,2026-08-19T03:00:00Z,AMB-01,pressure_hpa,1004.8
435,2026-08-19T03:00:00Z,AMB-01,humidity_pct,89
436,2026-08-19T04:00:00Z,AMB-01,temperature_c,28.6
436,2026-08-19T04:00:00Z,AMB-01,pressure_hpa,1004.8
436,2026-08-19T04:00:00Z,AMB-01,humidity_pct,83
437,2026-08-19T05:00:00Z,AMB-01,temperature_c,30.1
437,2026-08-19T05:00:00Z,AMB-01,pressure_hpa,1004.8
437,2026-08-19T05:00:00Z,AMB-01,humidity_pct,79
438,2026-08-19T06:00:00Z,AMB-01,temperature_c,30.3
438,2026-08-19T06:00:00Z,AMB-01,pressure_hpa,1004.9
438,2026-08-19T06:00:00Z,AMB-01,humidity_pct,77
439,2026-08-19T07:00:00Z,AMB-01,temperature_c,31.4
439,2026-08-19T07:00:00Z,AMB-01,pressure_hpa,1003.8
439,2026-08-19T07:00:00Z,AMB-01,humidity_pct,73
440,2026-08-19T08:00:00Z,AMB-01,temperature_c,32.2
440,2026-08-19T08:00:00Z,AMB-01,pressure_hpa,1003.3
440,2026-08-19T08:00:00Z,AMB-01,humidity_pct,68
441,2026-08-19T09:00:00Z,AMB-01,temperature_c,32.3
441,2026-08-19T09:00:00Z,AMB-01,pressure_hpa,1002.6
441,2026-08-19T09:00:00Z,AMB-01,humidity_pct,67
442,2026-08-19T10:00:00Z,AMB-01,temperature_c,32.1
442,2026-08-19T10:00:00Z,AMB-01,pressure_hpa,1002.1
442,2026-08-19T10:00:00Z,AMB-01,humidity_pct,68
443,2026-08-19T11:00:00Z,AMB-01,temperature_c,31.6
443,2026-08-19T11:00:00Z,AMB-01,pressure_hpa,1001.9
443,2026-08-19T11:00:00Z,AMB-01,humidity_pct,69
444,2026-08-19T12:00:00Z,AMB-01,temperature_c,31.5
444,2026-08-19T12:00:00Z,AMB-01,pressure_hpa,1002.3
444,2026-08-19T12:00:00Z,AMB-01,humidity_pct,74
445,2026-08-19T13:00:00Z,AMB-01,temperature_c,30.7
445,2026-08-19T13:00:00Z,AMB-01,pressure_hpa,1002.5
445,2026-08-19T13:00:00Z,AMB-01,humidity_pct,77
446,2026-08-19T14:00:00Z,AMB-01,temperature_c,29.6
446,2026-08-19T14:00:00Z,AMB-01,pressure_hpa,1003.1
446,2026-08-19T14:00:00Z,AMB-01,humidity_pct,82
447,2026-08-19T15:00:00Z,AMB-01,temperature_c,29.1
447,2026-08-19T15:00:00Z,AMB-01,pressure_hpa,1003.8
447,2026-08-19T15:00:00Z,AMB-01,humidity_pct,84
448,2026-08-19T16:00:00Z,AMB-01,temperature_c,29.0
448,2026-08-19T16:00:00Z,AMB-01,pressure_hpa,1004.6
448,2026-08-19T16:00:00Z,AMB-01,humidity_pct,86
449,2026-08-19T17:00:00Z,AMB-01,temperature_c,28.4
449,2026-08-19T17:00:00Z,AMB-01,pressure_hpa,1004.6
449,2026-08-19T17:00:00Z,AMB-01,humidity_pct,88
450,2026-08-19T18:00:00Z,AMB-01,temperature_c,27.6
450,2026-08-19T18:00:00Z,AMB-01,pressure_hpa,1004.7
450,2026-08-19T18:00:00Z,AMB-01,humidity_pct,93
451,2026-08-19T19:00:00Z,AMB-01,temperature_c,27.0
451,2026-08-19T19:00:00Z,AMB-01,pressure_hpa,1004.5
451,2026-08-19T19:00:00Z,AMB-01,humidity_pct,96
452,2026-08-19T20:00:00Z,AMB-01,temperature_c,25.9
452,2026-08-19T20:00:00Z,AMB-01,pressure_hpa,1005.1
452,2026-08-19T20:00:00Z,AMB-01,humidity_pct,98
453,2026-08-19T21:00:00Z,AMB-01,temperature_c,26.0
453,2026-08-19T21:00:00Z,AMB-01,pressure_hpa,1004.2
453,2026-08-19T21:00:00Z,AMB-01,humidity_pct,93
454,2026-08-19T22:00:00Z,AMB-01,temperature_c,25.9
454,2026-08-19T22:00:00Z,AMB-01,pressure_hpa,1003.9
454,2026-08-19T22:00:00Z,AMB-01,humidity_pct,95
455,2026-08-19T23:00:00Z,AMB-01,temperature_c,25.7
455,2026-08-19T23:00:00Z,AMB-01,pressure_hpa,1004.2
455,2026-08-19T23:00:00Z,AMB-01,humidity_pct,97
456,2026-08-20T00:00:00Z,AMB-01,temperature_c,26.7
456,2026-08-20T00:00:00Z,AMB-01,pressure_hpa,1004.3
456,2026-08-20T00:00:00Z,AMB-01,humidity_pct,97
457,2026-08-20T01:00:00Z,AMB-01,temperature_c,26.6
457,2026-08-20T01:00:00Z,AMB-01,pressure_hpa,1004.4
457,2026-08-20T01:00:00Z,AMB-01,humidity_pct,97
458,2026-08-20T02:00:00Z,AMB-01,temperature_c,27.1
458,2026-08-20T02:00:00Z,AMB-01,pressure_hpa,1005.0
458,2026-08-20T02:00:00Z,AMB-01,humidity_pct,94
459,2026-08-20T03:00:00Z,AMB-01,temperature_c,28.1
459,2026-08-20T03:00:00Z,AMB-01,pressure_hpa,1005.3
459,2026-08-20T03:00:00Z,AMB-01,humidity_pct,88
460,2026-08-20T04:00:00Z,AMB-01,temperature_c,29.3
460,2026-08-20T04:00:00Z,AMB-01,pressure_hpa,1005.4
460,2026-08-20T04:00:00Z,AMB-01,humidity_pct,82
461,2026-08-20T05:00:00Z,AMB-01,temperature_c,30.5
461,2026-08-20T05:00:00Z,AMB-01,pressure_hpa,1005.5
461,2026-08-20T05:00:00Z,AMB-01,humidity_pct,76
462,2026-08-20T06:00:00Z,AMB-01,temperature_c,31.5
462,2026-08-20T06:00:00Z,AMB-01,pressure_hpa,1005.2
462,2026-08-20T06:00:00Z,AMB-01,humidity_pct,76
463,2026-08-20T07:00:00Z,AMB-01,temperature_c,32.1
463,2026-08-20T07:00:00Z,AMB-01,pressure_hpa,1004.5
463,2026-08-20T07:00:00Z,AMB-01,humidity_pct,74
464,2026-08-20T08:00:00Z,AMB-01,temperature_c,32.6
464,2026-08-20T08:00:00Z,AMB-01,pressure_hpa,1004.0
464,2026-08-20T08:00:00Z,AMB-01,humidity_pct,73
465,2026-08-20T09:00:00Z,AMB-01,temperature_c,32.5
465,2026-08-20T09:00:00Z,AMB-01,pressure_hpa,1002.9
465,2026-08-20T09:00:00Z,AMB-01,humidity_pct,73
466,2026-08-20T10:00:00Z,AMB-01,temperature_c,32.4
466,2026-08-20T10:00:00Z,AMB-01,pressure_hpa,1002.0
466,2026-08-20T10:00:00Z,AMB-01,humidity_pct,73
467,2026-08-20T11:00:00Z,AMB-01,temperature_c,32.4
467,2026-08-20T11:00:00Z,AMB-01,pressure_hpa,1001.4
467,2026-08-20T11:00:00Z,AMB-01,humidity_pct,71
468,2026-08-20T12:00:00Z,AMB-01,temperature_c,31.2
468,2026-08-20T12:00:00Z,AMB-01,pressure_hpa,1001.7
468,2026-08-20T12:00:00Z,AMB-01,humidity_pct,78
469,2026-08-20T13:00:00Z,AMB-01,temperature_c,30.3
469,2026-08-20T13:00:00Z,AMB-01,pressure_hpa,1002.1
469,2026-08-20T13:00:00Z,AMB-01,humidity_pct,82
470,2026-08-20T14:00:00Z,AMB-01,temperature_c,29.5
470,2026-08-20T14:00:00Z,AMB-01,pressure_hpa,1002.5
470,2026-08-20T14:00:00Z,AMB-01,humidity_pct,82
471,2026-08-20T15:00:00Z,AMB-01,temperature_c,28.8
471,2026-08-20T15:00:00Z,AMB-01,pressure_hpa,1003.0
471,2026-08-20T15:00:00Z,AMB-01,humidity_pct,82
472,2026-08-20T16:00:00Z,AMB-01,temperature_c,28.2
472,2026-08-20T16:00:00Z,AMB-01,pressure_hpa,1003.6
472,2026-08-20T16:00:00Z,AMB-01,humidity_pct,85
473,2026-08-20T17:00:00Z,AMB-01,temperature_c,27.8
473,2026-08-20T17:00:00Z,AMB-01,pressure_hpa,1003.6
473,2026-08-20T17:00:00Z,AMB-01,humidity_pct,89
474,2026-08-20T18:00:00Z,AMB-01,temperature_c,28.2
474,2026-08-20T18:00:00Z,AMB-01,pressure_hpa,1003.1
474,2026-08-20T18:00:00Z,AMB-01,humidity_pct,94
475,2026-08-20T19:00:00Z,AMB-01,temperature_c,27.9
475,2026-08-20T19:00:00Z,AMB-01,pressure_hpa,1003.3
475,2026-08-20T19:00:00Z,AMB-01,humidity_pct,95
476,2026-08-20T20:00:00Z,AMB-01,temperature_c,26.5
476,2026-08-20T20:00:00Z,AMB-01,pressure_hpa,1003.4
476,2026-08-20T20:00:00Z,AMB-01,humidity_pct,99
477,2026-08-20T21:00:00Z,AMB-01,temperature_c,25.7
477,2026-08-20T21:00:00Z,AMB-01,pressure_hpa,1003.0
477,2026-08-20T21:00:00Z,AMB-01,humidity_pct,97
478,2026-08-20T22:00:00Z,AMB-01,temperature_c,25.5
478,2026-08-20T22:00:00Z,AMB-01,pressure_hpa,1002.8
478,2026-08-20T22:00:00Z,AMB-01,humidity_pct,98
479,2026-08-20T23:00:00Z,AMB-01,temperature_c,25.3
479,2026-08-20T23:00:00Z,AMB-01,pressure_hpa,1002.7
479,2026-08-20T23:00:00Z,AMB-01,humidity_pct,100
480,2026-08-21T00:00:00Z,AMB-01,temperature_c,26.8
480,2026-08-21T00:00:00Z,AMB-01,pressure_hpa,1002.1
480,2026-08-21T00:00:00Z,AMB-01,humidity_pct,99
481,2026-08-21T01:00:00Z,AMB-01,temperature_c,27.0
481,2026-08-21T01:00:00Z,AMB-01,pressure_hpa,1002.7
481,2026-08-21T01:00:00Z,AMB-01,humidity_pct,99
482,2026-08-21T02:00:00Z,AMB-01,temperature_c,28.1
482,2026-08-21T02:00:00Z,AMB-01,pressure_hpa,1003.3
482,2026-08-21T02:00:00Z,AMB-01,humidity_pct,94
483,2026-08-21T03:00:00Z,AMB-01,temperature_c,29.3
483,2026-08-21T03:00:00Z,AMB-01,pressure_hpa,1003.8
483,2026-08-21T03:00:00Z,AMB-01,humidity_pct,88
484,2026-08-21T04:00:00Z,AMB-01,temperature_c,28.3
484,2026-08-21T04:00:00Z,AMB-01,pressure_hpa,1004.2
484,2026-08-21T04:00:00Z,AMB-01,humidity_pct,86
485,2026-08-21T05:00:00Z,AMB-01,temperature_c,29.9
485,2026-08-21T05:00:00Z,AMB-01,pressure_hpa,1004.1
485,2026-08-21T05:00:00Z,AMB-01,humidity_pct,80
486,2026-08-21T06:00:00Z,AMB-01,temperature_c,30.5
486,2026-08-21T06:00:00Z,AMB-01,pressure_hpa,1004.5
486,2026-08-21T06:00:00Z,AMB-01,humidity_pct,69
487,2026-08-21T07:00:00Z,AMB-01,temperature_c,30.6
487,2026-08-21T07:00:00Z,AMB-01,pressure_hpa,1003.6
487,2026-08-21T07:00:00Z,AMB-01,humidity_pct,74
488,2026-08-21T08:00:00Z,AMB-01,temperature_c,31.5
488,2026-08-21T08:00:00Z,AMB-01,pressure_hpa,1002.5
488,2026-08-21T08:00:00Z,AMB-01,humidity_pct,68
489,2026-08-21T09:00:00Z,AMB-01,temperature_c,31.5
489,2026-08-21T09:00:00Z,AMB-01,pressure_hpa,1001.8
489,2026-08-21T09:00:00Z,AMB-01,humidity_pct,67
490,2026-08-21T10:00:00Z,AMB-01,temperature_c,31.1
490,2026-08-21T10:00:00Z,AMB-01,pressure_hpa,1000.7
490,2026-08-21T10:00:00Z,AMB-01,humidity_pct,70
491,2026-08-21T11:00:00Z,AMB-01,temperature_c,31.0
491,2026-08-21T11:00:00Z,AMB-01,pressure_hpa,999.9
491,2026-08-21T11:00:00Z,AMB-01,humidity_pct,74
492,2026-08-21T12:00:00Z,AMB-01,temperature_c,30.8
492,2026-08-21T12:00:00Z,AMB-01,pressure_hpa,1000.1
492,2026-08-21T12:00:00Z,AMB-01,humidity_pct,77
493,2026-08-21T13:00:00Z,AMB-01,temperature_c,29.8
493,2026-08-21T13:00:00Z,AMB-01,pressure_hpa,1000.4
493,2026-08-21T13:00:00Z,AMB-01,humidity_pct,82
494,2026-08-21T14:00:00Z,AMB-01,temperature_c,29.2
494,2026-08-21T14:00:00Z,AMB-01,pressure_hpa,1000.9
494,2026-08-21T14:00:00Z,AMB-01,humidity_pct,84
495,2026-08-21T15:00:00Z,AMB-01,temperature_c,28.8
495,2026-08-21T15:00:00Z,AMB-01,pressure_hpa,1001.5
495,2026-08-21T15:00:00Z,AMB-01,humidity_pct,87
496,2026-08-21T16:00:00Z,AMB-01,temperature_c,28.6
496,2026-08-21T16:00:00Z,AMB-01,pressure_hpa,1002.1
496,2026-08-21T16:00:00Z,AMB-01,humidity_pct,87
497,2026-08-21T17:00:00Z,AMB-01,temperature_c,28.3
497,2026-08-21T17:00:00Z,AMB-01,pressure_hpa,1002.1
497,2026-08-21T17:00:00Z,AMB-01,humidity_pct,88
498,2026-08-21T18:00:00Z,AMB-01,temperature_c,27.6
498,2026-08-21T18:00:00Z,AMB-01,pressure_hpa,1001.8
498,2026-08-21T18:00:00Z,AMB-01,humidity_pct,92
499,2026-08-21T19:00:00Z,AMB-01,temperature_c,27.6
499,2026-08-21T19:00:00Z,AMB-01,pressure_hpa,1001.8
499,2026-08-21T19:00:00Z,AMB-01,humidity_pct,93
500,2026-08-21T20:00:00Z,AMB-01,temperature_c,27.2
500,2026-08-21T20:00:00Z,AMB-01,pressure_hpa,1001.6
500,2026-08-21T20:00:00Z,AMB-01,humidity_pct,94
501,2026-08-21T21:00:00Z,AMB-01,temperature_c,26.8
501,2026-08-21T21:00:00Z,AMB-01,pressure_hpa,1001.5
501,2026-08-21T21:00:00Z,AMB-01,humidity_pct,95
502,2026-08-21T22:00:00Z,AMB-01,temperature_c,26.3
502,2026-08-21T22:00:00Z,AMB-01,pressure_hpa,1001.2
502,2026-08-21T22:00:00Z,AMB-01,humidity_pct,98
503,2026-08-21T23:00:00Z,AMB-01,temperature_c,24.7
503,2026-08-21T23:00:00Z,AMB-01,pressure_hpa,1002.1
503,2026-08-21T23:00:00Z,AMB-01,humidity_pct,98
504,2026-08-22T00:00:00Z,AMB-01,temperature_c,27.1
504,2026-08-22T00:00:00Z,AMB-01,pressure_hpa,1001.4
504,2026-08-22T00:00:00Z,AMB-01,humidity_pct,89
505,2026-08-22T01:00:00Z,AMB-01,temperature_c,26.5
505,2026-08-22T01:00:00Z,AMB-01,pressure_hpa,1003.1
505,2026-08-22T01:00:00Z,AMB-01,humidity_pct,93
506,2026-08-22T02:00:00Z,AMB-01,temperature_c,26.5
506,2026-08-22T02:00:00Z,AMB-01,pressure_hpa,1003.3
506,2026-08-22T02:00:00Z,AMB-01,humidity_pct,90
507,2026-08-22T03:00:00Z,AMB-01,temperature_c,27.5
507,2026-08-22T03:00:00Z,AMB-01,pressure_hpa,1003.4
507,2026-08-22T03:00:00Z,AMB-01,humidity_pct,86
508,2026-08-22T04:00:00Z,AMB-01,temperature_c,29.4
508,2026-08-22T04:00:00Z,AMB-01,pressure_hpa,1003.2
508,2026-08-22T04:00:00Z,AMB-01,humidity_pct,77
509,2026-08-22T05:00:00Z,AMB-01,temperature_c,31.0
509,2026-08-22T05:00:00Z,AMB-01,pressure_hpa,1003.2
509,2026-08-22T05:00:00Z,AMB-01,humidity_pct,71
510,2026-08-22T06:00:00Z,AMB-01,temperature_c,31.9
510,2026-08-22T06:00:00Z,AMB-01,pressure_hpa,1003.5
510,2026-08-22T06:00:00Z,AMB-01,humidity_pct,66
511,2026-08-22T07:00:00Z,AMB-01,temperature_c,32.3
511,2026-08-22T07:00:00Z,AMB-01,pressure_hpa,1002.8
511,2026-08-22T07:00:00Z,AMB-01,humidity_pct,65
512,2026-08-22T08:00:00Z,AMB-01,temperature_c,32.4
512,2026-08-22T08:00:00Z,AMB-01,pressure_hpa,1002.3
512,2026-08-22T08:00:00Z,AMB-01,humidity_pct,66
513,2026-08-22T09:00:00Z,AMB-01,temperature_c,32.5
513,2026-08-22T09:00:00Z,AMB-01,pressure_hpa,1001.1
513,2026-08-22T09:00:00Z,AMB-01,humidity_pct,66
514,2026-08-22T10:00:00Z,AMB-01,temperature_c,32.4
514,2026-08-22T10:00:00Z,AMB-01,pressure_hpa,1000.5
514,2026-08-22T10:00:00Z,AMB-01,humidity_pct,64
515,2026-08-22T11:00:00Z,AMB-01,temperature_c,32.1
515,2026-08-22T11:00:00Z,AMB-01,pressure_hpa,999.9
515,2026-08-22T11:00:00Z,AMB-01,humidity_pct,65
516,2026-08-22T12:00:00Z,AMB-01,temperature_c,31.8
516,2026-08-22T12:00:00Z,AMB-01,pressure_hpa,999.8
516,2026-08-22T12:00:00Z,AMB-01,humidity_pct,70
517,2026-08-22T13:00:00Z,AMB-01,temperature_c,30.7
517,2026-08-22T13:00:00Z,AMB-01,pressure_hpa,1000.3
517,2026-08-22T13:00:00Z,AMB-01,humidity_pct,76
518,2026-08-22T14:00:00Z,AMB-01,temperature_c,29.6
518,2026-08-22T14:00:00Z,AMB-01,pressure_hpa,1001.2
518,2026-08-22T14:00:00Z,AMB-01,humidity_pct,79
519,2026-08-22T15:00:00Z,AMB-01,temperature_c,29.0
519,2026-08-22T15:00:00Z,AMB-01,pressure_hpa,1001.7
519,2026-08-22T15:00:00Z,AMB-01,humidity_pct,82
520,2026-08-22T16:00:00Z,AMB-01,temperature_c,29.1
520,2026-08-22T16:00:00Z,AMB-01,pressure_hpa,1002.4
520,2026-08-22T16:00:00Z,AMB-01,humidity_pct,82
521,2026-08-22T17:00:00Z,AMB-01,temperature_c,28.4
521,2026-08-22T17:00:00Z,AMB-01,pressure_hpa,1002.9
521,2026-08-22T17:00:00Z,AMB-01,humidity_pct,86
522,2026-08-22T18:00:00Z,AMB-01,temperature_c,28.0
522,2026-08-22T18:00:00Z,AMB-01,pressure_hpa,1003.0
522,2026-08-22T18:00:00Z,AMB-01,humidity_pct,91
523,2026-08-22T19:00:00Z,AMB-01,temperature_c,27.3
523,2026-08-22T19:00:00Z,AMB-01,pressure_hpa,1003.0
523,2026-08-22T19:00:00Z,AMB-01,humidity_pct,96
524,2026-08-22T20:00:00Z,AMB-01,temperature_c,26.9
524,2026-08-22T20:00:00Z,AMB-01,pressure_hpa,1002.5
524,2026-08-22T20:00:00Z,AMB-01,humidity_pct,96
525,2026-08-22T21:00:00Z,AMB-01,temperature_c,25.3
525,2026-08-22T21:00:00Z,AMB-01,pressure_hpa,1003.2
525,2026-08-22T21:00:00Z,AMB-01,humidity_pct,95
526,2026-08-22T22:00:00Z,AMB-01,temperature_c,25.4
526,2026-08-22T22:00:00Z,AMB-01,pressure_hpa,1003.3
526,2026-08-22T22:00:00Z,AMB-01,humidity_pct,96
527,2026-08-22T23:00:00Z,AMB-01,temperature_c,24.7
527,2026-08-22T23:00:00Z,AMB-01,pressure_hpa,1003.6
527,2026-08-22T23:00:00Z,AMB-01,humidity_pct,96
528,2026-08-23T00:00:00Z,AMB-01,temperature_c,25.7
528,2026-08-23T00:00:00Z,AMB-01,pressure_hpa,1003.5
528,2026-08-23T00:00:00Z,AMB-01,humidity_pct,94
529,2026-08-23T01:00:00Z,AMB-01,temperature_c,24.9
529,2026-08-23T01:00:00Z,AMB-01,pressure_hpa,1004.0
529,2026-08-23T01:00:00Z,AMB-01,humidity_pct,97
530,2026-08-23T02:00:00Z,AMB-01,temperature_c,25.4
530,2026-08-23T02:00:00Z,AMB-01,pressure_hpa,1004.5
530,2026-08-23T02:00:00Z,AMB-01,humidity_pct,96
531,2026-08-23T03:00:00Z,AMB-01,temperature_c,27.1
531,2026-08-23T03:00:00Z,AMB-01,pressure_hpa,1005.0
531,2026-08-23T03:00:00Z,AMB-01,humidity_pct,88
532,2026-08-23T04:00:00Z,AMB-01,temperature_c,28.2
532,2026-08-23T04:00:00Z,AMB-01,pressure_hpa,1005.2
532,2026-08-23T04:00:00Z,AMB-01,humidity_pct,81
533,2026-08-23T05:00:00Z,AMB-01,temperature_c,29.9
533,2026-08-23T05:00:00Z,AMB-01,pressure_hpa,1005.2
533,2026-08-23T05:00:00Z,AMB-01,humidity_pct,73
534,2026-08-23T06:00:00Z,AMB-01,temperature_c,30.3
534,2026-08-23T06:00:00Z,AMB-01,pressure_hpa,1006.1
534,2026-08-23T06:00:00Z,AMB-01,humidity_pct,74
535,2026-08-23T07:00:00Z,AMB-01,temperature_c,31.4
535,2026-08-23T07:00:00Z,AMB-01,pressure_hpa,1004.8
535,2026-08-23T07:00:00Z,AMB-01,humidity_pct,70
536,2026-08-23T08:00:00Z,AMB-01,temperature_c,32.0
536,2026-08-23T08:00:00Z,AMB-01,pressure_hpa,1003.6
536,2026-08-23T08:00:00Z,AMB-01,humidity_pct,68
537,2026-08-23T09:00:00Z,AMB-01,temperature_c,32.3
537,2026-08-23T09:00:00Z,AMB-01,pressure_hpa,1002.5
537,2026-08-23T09:00:00Z,AMB-01,humidity_pct,67
538,2026-08-23T10:00:00Z,AMB-01,temperature_c,32.3
538,2026-08-23T10:00:00Z,AMB-01,pressure_hpa,1001.9
538,2026-08-23T10:00:00Z,AMB-01,humidity_pct,67
539,2026-08-23T11:00:00Z,AMB-01,temperature_c,31.9
539,2026-08-23T11:00:00Z,AMB-01,pressure_hpa,1001.5
539,2026-08-23T11:00:00Z,AMB-01,humidity_pct,68
540,2026-08-23T12:00:00Z,AMB-01,temperature_c,31.5
540,2026-08-23T12:00:00Z,AMB-01,pressure_hpa,1001.2
540,2026-08-23T12:00:00Z,AMB-01,humidity_pct,71
541,2026-08-23T13:00:00Z,AMB-01,temperature_c,30.6
541,2026-08-23T13:00:00Z,AMB-01,pressure_hpa,1001.6
541,2026-08-23T13:00:00Z,AMB-01,humidity_pct,76
542,2026-08-23T14:00:00Z,AMB-01,temperature_c,30.0
542,2026-08-23T14:00:00Z,AMB-01,pressure_hpa,1002.3
542,2026-08-23T14:00:00Z,AMB-01,humidity_pct,77
543,2026-08-23T15:00:00Z,AMB-01,temperature_c,29.4
543,2026-08-23T15:00:00Z,AMB-01,pressure_hpa,1003.3
543,2026-08-23T15:00:00Z,AMB-01,humidity_pct,79
544,2026-08-23T16:00:00Z,AMB-01,temperature_c,29.0
544,2026-08-23T16:00:00Z,AMB-01,pressure_hpa,1003.9
544,2026-08-23T16:00:00Z,AMB-01,humidity_pct,80
545,2026-08-23T17:00:00Z,AMB-01,temperature_c,28.5
545,2026-08-23T17:00:00Z,AMB-01,pressure_hpa,1004.1
545,2026-08-23T17:00:00Z,AMB-01,humidity_pct,83
546,2026-08-23T18:00:00Z,AMB-01,temperature_c,28.8
546,2026-08-23T18:00:00Z,AMB-01,pressure_hpa,1004.1
546,2026-08-23T18:00:00Z,AMB-01,humidity_pct,83
547,2026-08-23T19:00:00Z,AMB-01,temperature_c,28.0
547,2026-08-23T19:00:00Z,AMB-01,pressure_hpa,1003.9
547,2026-08-23T19:00:00Z,AMB-01,humidity_pct,88
548,2026-08-23T20:00:00Z,AMB-01,temperature_c,27.6
548,2026-08-23T20:00:00Z,AMB-01,pressure_hpa,1003.4
548,2026-08-23T20:00:00Z,AMB-01,humidity_pct,90
549,2026-08-23T21:00:00Z,AMB-01,temperature_c,27.2
549,2026-08-23T21:00:00Z,AMB-01,pressure_hpa,1003.3
549,2026-08-23T21:00:00Z,AMB-01,humidity_pct,92
550,2026-08-23T22:00:00Z,AMB-01,temperature_c,26.8
550,2026-08-23T22:00:00Z,AMB-01,pressure_hpa,1003.1
550,2026-08-23T22:00:00Z,AMB-01,humidity_pct,93
551,2026-08-23T23:00:00Z,AMB-01,temperature_c,26.5
551,2026-08-23T23:00:00Z,AMB-01,pressure_hpa,1003.0
551,2026-08-23T23:00:00Z,AMB-01,humidity_pct,94
552,2026-08-24T00:00:00Z,AMB-01,temperature_c,28.5
552,2026-08-24T00:00:00Z,AMB-01,pressure_hpa,1003.1
552,2026-08-24T00:00:00Z,AMB-01,humidity_pct,85
553,2026-08-24T01:00:00Z,AMB-01,temperature_c,28.2
553,2026-08-24T01:00:00Z,AMB-01,pressure_hpa,1003.9
553,2026-08-24T01:00:00Z,AMB-01,humidity_pct,84
554,2026-08-24T02:00:00Z,AMB-01,temperature_c,29.0
554,2026-08-24T02:00:00Z,AMB-01,pressure_hpa,1003.7
554,2026-08-24T02:00:00Z,AMB-01,humidity_pct,83
555,2026-08-24T03:00:00Z,AMB-01,temperature_c,30.0
555,2026-08-24T03:00:00Z,AMB-01,pressure_hpa,1004.0
555,2026-08-24T03:00:00Z,AMB-01,humidity_pct,80
556,2026-08-24T04:00:00Z,AMB-01,temperature_c,31.2
556,2026-08-24T04:00:00Z,AMB-01,pressure_hpa,1004.3
556,2026-08-24T04:00:00Z,AMB-01,humidity_pct,72
557,2026-08-24T05:00:00Z,AMB-01,temperature_c,32.2
557,2026-08-24T05:00:00Z,AMB-01,pressure_hpa,1004.3
557,2026-08-24T05:00:00Z,AMB-01,humidity_pct,66
558,2026-08-24T06:00:00Z,AMB-01,temperature_c,32.9
558,2026-08-24T06:00:00Z,AMB-01,pressure_hpa,1004.3
558,2026-08-24T06:00:00Z,AMB-01,humidity_pct,61
559,2026-08-24T07:00:00Z,AMB-01,temperature_c,33.5
559,2026-08-24T07:00:00Z,AMB-01,pressure_hpa,1003.8
559,2026-08-24T07:00:00Z,AMB-01,humidity_pct,56
560,2026-08-24T08:00:00Z,AMB-01,temperature_c,33.9
560,2026-08-24T08:00:00Z,AMB-01,pressure_hpa,1003.0
560,2026-08-24T08:00:00Z,AMB-01,humidity_pct,55
561,2026-08-24T09:00:00Z,AMB-01,temperature_c,34.0
561,2026-08-24T09:00:00Z,AMB-01,pressure_hpa,1002.1
561,2026-08-24T09:00:00Z,AMB-01,humidity_pct,54
562,2026-08-24T10:00:00Z,AMB-01,temperature_c,33.8
562,2026-08-24T10:00:00Z,AMB-01,pressure_hpa,1001.5
562,2026-08-24T10:00:00Z,AMB-01,humidity_pct,55
563,2026-08-24T11:00:00Z,AMB-01,temperature_c,33.2
563,2026-08-24T11:00:00Z,AMB-01,pressure_hpa,1001.0
563,2026-08-24T11:00:00Z,AMB-01,humidity_pct,58
564,2026-08-24T12:00:00Z,AMB-01,temperature_c,32.1
564,2026-08-24T12:00:00Z,AMB-01,pressure_hpa,1001.1
564,2026-08-24T12:00:00Z,AMB-01,humidity_pct,65
565,2026-08-24T13:00:00Z,AMB-01,temperature_c,31.0
565,2026-08-24T13:00:00Z,AMB-01,pressure_hpa,1001.5
565,2026-08-24T13:00:00Z,AMB-01,humidity_pct,71
566,2026-08-24T14:00:00Z,AMB-01,temperature_c,30.4
566,2026-08-24T14:00:00Z,AMB-01,pressure_hpa,1002.1
566,2026-08-24T14:00:00Z,AMB-01,humidity_pct,74
567,2026-08-24T15:00:00Z,AMB-01,temperature_c,30.5
567,2026-08-24T15:00:00Z,AMB-01,pressure_hpa,1003.0
567,2026-08-24T15:00:00Z,AMB-01,humidity_pct,75
568,2026-08-24T16:00:00Z,AMB-01,temperature_c,30.2
568,2026-08-24T16:00:00Z,AMB-01,pressure_hpa,1003.8
568,2026-08-24T16:00:00Z,AMB-01,humidity_pct,75
569,2026-08-24T17:00:00Z,AMB-01,temperature_c,29.9
569,2026-08-24T17:00:00Z,AMB-01,pressure_hpa,1003.9
569,2026-08-24T17:00:00Z,AMB-01,humidity_pct,77
570,2026-08-24T18:00:00Z,AMB-01,temperature_c,28.6
570,2026-08-24T18:00:00Z,AMB-01,pressure_hpa,1004.0
570,2026-08-24T18:00:00Z,AMB-01,humidity_pct,85
571,2026-08-24T19:00:00Z,AMB-01,temperature_c,27.5
571,2026-08-24T19:00:00Z,AMB-01,pressure_hpa,1004.3
571,2026-08-24T19:00:00Z,AMB-01,humidity_pct,90
572,2026-08-24T20:00:00Z,AMB-01,temperature_c,27.1
572,2026-08-24T20:00:00Z,AMB-01,pressure_hpa,1003.7
572,2026-08-24T20:00:00Z,AMB-01,humidity_pct,93
573,2026-08-24T21:00:00Z,AMB-01,temperature_c,27.0
573,2026-08-24T21:00:00Z,AMB-01,pressure_hpa,1003.4
573,2026-08-24T21:00:00Z,AMB-01,humidity_pct,93
574,2026-08-24T22:00:00Z,AMB-01,temperature_c,26.7
574,2026-08-24T22:00:00Z,AMB-01,pressure_hpa,1003.6
574,2026-08-24T22:00:00Z,AMB-01,humidity_pct,94
575,2026-08-24T23:00:00Z,AMB-01,temperature_c,26.5
575,2026-08-24T23:00:00Z,AMB-01,pressure_hpa,1003.5
575,2026-08-24T23:00:00Z,AMB-01,humidity_pct,94
576,2026-08-25T00:00:00Z,AMB-01,temperature_c,26.4
576,2026-08-25T00:00:00Z,AMB-01,pressure_hpa,1004.4
576,2026-08-25T00:00:00Z,AMB-01,humidity_pct,97
577,2026-08-25T01:00:00Z,AMB-01,temperature_c,26.1
577,2026-08-25T01:00:00Z,AMB-01,pressure_hpa,1004.6
577,2026-08-25T01:00:00Z,AMB-01,humidity_pct,98
578,2026-08-25T02:00:00Z,AMB-01,temperature_c,26.6
578,2026-08-25T02:00:00Z,AMB-01,pressure_hpa,1004.8
578,2026-08-25T02:00:00Z,AMB-01,humidity_pct,95
579,2026-08-25T03:00:00Z,AMB-01,temperature_c,27.4
579,2026-08-25T03:00:00Z,AMB-01,pressure_hpa,1005.2
579,2026-08-25T03:00:00Z,AMB-01,humidity_pct,90
580,2026-08-25T04:00:00Z,AMB-01,temperature_c,29.0
580,2026-08-25T04:00:00Z,AMB-01,pressure_hpa,1005.2
580,2026-08-25T04:00:00Z,AMB-01,humidity_pct,82
581,2026-08-25T05:00:00Z,AMB-01,temperature_c,30.7
581,2026-08-25T05:00:00Z,AMB-01,pressure_hpa,1005.2
581,2026-08-25T05:00:00Z,AMB-01,humidity_pct,74
582,2026-08-25T06:00:00Z,AMB-01,temperature_c,30.6
582,2026-08-25T06:00:00Z,AMB-01,pressure_hpa,1005.2
582,2026-08-25T06:00:00Z,AMB-01,humidity_pct,74
583,2026-08-25T07:00:00Z,AMB-01,temperature_c,31.8
583,2026-08-25T07:00:00Z,AMB-01,pressure_hpa,1005.0
583,2026-08-25T07:00:00Z,AMB-01,humidity_pct,71
584,2026-08-25T08:00:00Z,AMB-01,temperature_c,32.4
584,2026-08-25T08:00:00Z,AMB-01,pressure_hpa,1004.2
584,2026-08-25T08:00:00Z,AMB-01,humidity_pct,66
585,2026-08-25T09:00:00Z,AMB-01,temperature_c,32.1
585,2026-08-25T09:00:00Z,AMB-01,pressure_hpa,1003.4
585,2026-08-25T09:00:00Z,AMB-01,humidity_pct,63
586,2026-08-25T10:00:00Z,AMB-01,temperature_c,32.1
586,2026-08-25T10:00:00Z,AMB-01,pressure_hpa,1002.7
586,2026-08-25T10:00:00Z,AMB-01,humidity_pct,66
587,2026-08-25T11:00:00Z,AMB-01,temperature_c,32.1
587,2026-08-25T11:00:00Z,AMB-01,pressure_hpa,1002.3
587,2026-08-25T11:00:00Z,AMB-01,humidity_pct,65
588,2026-08-25T12:00:00Z,AMB-01,temperature_c,29.9
588,2026-08-25T12:00:00Z,AMB-01,pressure_hpa,1002.5
588,2026-08-25T12:00:00Z,AMB-01,humidity_pct,80
589,2026-08-25T13:00:00Z,AMB-01,temperature_c,29.3
589,2026-08-25T13:00:00Z,AMB-01,pressure_hpa,1002.8
589,2026-08-25T13:00:00Z,AMB-01,humidity_pct,84
590,2026-08-25T14:00:00Z,AMB-01,temperature_c,28.8
590,2026-08-25T14:00:00Z,AMB-01,pressure_hpa,1003.4
590,2026-08-25T14:00:00Z,AMB-01,humidity_pct,86
591,2026-08-25T15:00:00Z,AMB-01,temperature_c,28.6
591,2026-08-25T15:00:00Z,AMB-01,pressure_hpa,1004.0
591,2026-08-25T15:00:00Z,AMB-01,humidity_pct,87
592,2026-08-25T16:00:00Z,AMB-01,temperature_c,28.1
592,2026-08-25T16:00:00Z,AMB-01,pressure_hpa,1004.3
592,2026-08-25T16:00:00Z,AMB-01,humidity_pct,89
593,2026-08-25T17:00:00Z,AMB-01,temperature_c,27.8
593,2026-08-25T17:00:00Z,AMB-01,pressure_hpa,1004.0
593,2026-08-25T17:00:00Z,AMB-01,humidity_pct,89
594,2026-08-25T18:00:00Z,AMB-01,temperature_c,28.0
594,2026-08-25T18:00:00Z,AMB-01,pressure_hpa,1004.1
594,2026-08-25T18:00:00Z,AMB-01,humidity_pct,88
595,2026-08-25T19:00:00Z,AMB-01,temperature_c,27.5
595,2026-08-25T19:00:00Z,AMB-01,pressure_hpa,1004.0
595,2026-08-25T19:00:00Z,AMB-01,humidity_pct,90
596,2026-08-25T20:00:00Z,AMB-01,temperature_c,27.3
596,2026-08-25T20:00:00Z,AMB-01,pressure_hpa,1004.0
596,2026-08-25T20:00:00Z,AMB-01,humidity_pct,90
597,2026-08-25T21:00:00Z,AMB-01,temperature_c,27.0
597,2026-08-25T21:00:00Z,AMB-01,pressure_hpa,1003.8
597,2026-08-25T21:00:00Z,AMB-01,humidity_pct,93
598,2026-08-25T22:00:00Z,AMB-01,temperature_c,26.8
598,2026-08-25T22:00:00Z,AMB-01,pressure_hpa,1003.6
598,2026-08-25T22:00:00Z,AMB-01,humidity_pct,94
599,2026-08-25T23:00:00Z,AMB-01,temperature_c,26.5
599,2026-08-25T23:00:00Z,AMB-01,pressure_hpa,1003.7
599,2026-08-25T23:00:00Z,AMB-01,humidity_pct,95
600,2026-08-26T00:00:00Z,AMB-01,temperature_c,27.4
600,2026-08-26T00:00:00Z,AMB-01,pressure_hpa,1003.7
600,2026-08-26T00:00:00Z,AMB-01,humidity_pct,92
601,2026-08-26T01:00:00Z,AMB-01,temperature_c,27.2
601,2026-08-26T01:00:00Z,AMB-01,pressure_hpa,1004.0
601,2026-08-26T01:00:00Z,AMB-01,humidity_pct,93
602,2026-08-26T02:00:00Z,AMB-01,temperature_c,27.9
602,2026-08-26T02:00:00Z,AMB-01,pressure_hpa,1004.4
602,2026-08-26T02:00:00Z,AMB-01,humidity_pct,90
603,2026-08-26T03:00:00Z,AMB-01,temperature_c,29.1
603,2026-08-26T03:00:00Z,AMB-01,pressure_hpa,1004.5
603,2026-08-26T03:00:00Z,AMB-01,humidity_pct,84
604,2026-08-26T04:00:00Z,AMB-01,temperature_c,30.2
604,2026-08-26T04:00:00Z,AMB-01,pressure_hpa,1004.4
604,2026-08-26T04:00:00Z,AMB-01,humidity_pct,80
605,2026-08-26T05:00:00Z,AMB-01,temperature_c,31.2
605,2026-08-26T05:00:00Z,AMB-01,pressure_hpa,1004.6
605,2026-08-26T05:00:00Z,AMB-01,humidity_pct,75
606,2026-08-26T06:00:00Z,AMB-01,temperature_c,32.0
606,2026-08-26T06:00:00Z,AMB-01,pressure_hpa,1004.0
606,2026-08-26T06:00:00Z,AMB-01,humidity_pct,69
607,2026-08-26T07:00:00Z,AMB-01,temperature_c,32.5
607,2026-08-26T07:00:00Z,AMB-01,pressure_hpa,1003.4
607,2026-08-26T07:00:00Z,AMB-01,humidity_pct,68
608,2026-08-26T08:00:00Z,AMB-01,temperature_c,32.9
608,2026-08-26T08:00:00Z,AMB-01,pressure_hpa,1002.4
608,2026-08-26T08:00:00Z,AMB-01,humidity_pct,68
609,2026-08-26T09:00:00Z,AMB-01,temperature_c,33.0
609,2026-08-26T09:00:00Z,AMB-01,pressure_hpa,1001.5
609,2026-08-26T09:00:00Z,AMB-01,humidity_pct,68
610,2026-08-26T10:00:00Z,AMB-01,temperature_c,33.0
610,2026-08-26T10:00:00Z,AMB-01,pressure_hpa,1000.8
610,2026-08-26T10:00:00Z,AMB-01,humidity_pct,67
611,2026-08-26T11:00:00Z,AMB-01,temperature_c,33.0
611,2026-08-26T11:00:00Z,AMB-01,pressure_hpa,1000.1
611,2026-08-26T11:00:00Z,AMB-01,humidity_pct,64
612,2026-08-26T12:00:00Z,AMB-01,temperature_c,29.7
612,2026-08-26T12:00:00Z,AMB-01,pressure_hpa,1000.5
612,2026-08-26T12:00:00Z,AMB-01,humidity_pct,86
613,2026-08-26T13:00:00Z,AMB-01,temperature_c,29.6
613,2026-08-26T13:00:00Z,AMB-01,pressure_hpa,1000.9
613,2026-08-26T13:00:00Z,AMB-01,humidity_pct,91
614,2026-08-26T14:00:00Z,AMB-01,temperature_c,29.2
614,2026-08-26T14:00:00Z,AMB-01,pressure_hpa,1001.2
614,2026-08-26T14:00:00Z,AMB-01,humidity_pct,87
615,2026-08-26T15:00:00Z,AMB-01,temperature_c,28.9
615,2026-08-26T15:00:00Z,AMB-01,pressure_hpa,1001.4
615,2026-08-26T15:00:00Z,AMB-01,humidity_pct,87
616,2026-08-26T16:00:00Z,AMB-01,temperature_c,28.8
616,2026-08-26T16:00:00Z,AMB-01,pressure_hpa,1001.7
616,2026-08-26T16:00:00Z,AMB-01,humidity_pct,86
617,2026-08-26T17:00:00Z,AMB-01,temperature_c,28.4
617,2026-08-26T17:00:00Z,AMB-01,pressure_hpa,1002.1
617,2026-08-26T17:00:00Z,AMB-01,humidity_pct,86
618,2026-08-26T18:00:00Z,AMB-01,temperature_c,29.1
618,2026-08-26T18:00:00Z,AMB-01,pressure_hpa,1002.1
618,2026-08-26T18:00:00Z,AMB-01,humidity_pct,86
619,2026-08-26T19:00:00Z,AMB-01,temperature_c,28.4
619,2026-08-26T19:00:00Z,AMB-01,pressure_hpa,1001.9
619,2026-08-26T19:00:00Z,AMB-01,humidity_pct,89
620,2026-08-26T20:00:00Z,AMB-01,temperature_c,27.9
620,2026-08-26T20:00:00Z,AMB-01,pressure_hpa,1001.6
620,2026-08-26T20:00:00Z,AMB-01,humidity_pct,90
621,2026-08-26T21:00:00Z,AMB-01,temperature_c,27.7
621,2026-08-26T21:00:00Z,AMB-01,pressure_hpa,1001.5
621,2026-08-26T21:00:00Z,AMB-01,humidity_pct,91
622,2026-08-26T22:00:00Z,AMB-01,temperature_c,27.2
622,2026-08-26T22:00:00Z,AMB-01,pressure_hpa,1001.5
622,2026-08-26T22:00:00Z,AMB-01,humidity_pct,93
623,2026-08-26T23:00:00Z,AMB-01,temperature_c,26.7
623,2026-08-26T23:00:00Z,AMB-01,pressure_hpa,1001.6
623,2026-08-26T23:00:00Z,AMB-01,humidity_pct,97
624,2026-08-27T00:00:00Z,AMB-01,temperature_c,27.5
624,2026-08-27T00:00:00Z,AMB-01,pressure_hpa,1001.4
624,2026-08-27T00:00:00Z,AMB-01,humidity_pct,89
625,2026-08-27T01:00:00Z,AMB-01,temperature_c,27.2
625,2026-08-27T01:00:00Z,AMB-01,pressure_hpa,1001.9
625,2026-08-27T01:00:00Z,AMB-01,humidity_pct,91
626,2026-08-27T02:00:00Z,AMB-01,temperature_c,28.3
626,2026-08-27T02:00:00Z,AMB-01,pressure_hpa,1002.2
626,2026-08-27T02:00:00Z,AMB-01,humidity_pct,89
627,2026-08-27T03:00:00Z,AMB-01,temperature_c,30.0
627,2026-08-27T03:00:00Z,AMB-01,pressure_hpa,1002.5
627,2026-08-27T03:00:00Z,AMB-01,humidity_pct,79
628,2026-08-27T04:00:00Z,AMB-01,temperature_c,31.4
628,2026-08-27T04:00:00Z,AMB-01,pressure_hpa,1002.8
628,2026-08-27T04:00:00Z,AMB-01,humidity_pct,71
629,2026-08-27T05:00:00Z,AMB-01,temperature_c,32.5
629,2026-08-27T05:00:00Z,AMB-01,pressure_hpa,1002.6
629,2026-08-27T05:00:00Z,AMB-01,humidity_pct,67
630,2026-08-27T06:00:00Z,AMB-01,temperature_c,31.8
630,2026-08-27T06:00:00Z,AMB-01,pressure_hpa,1002.4
630,2026-08-27T06:00:00Z,AMB-01,humidity_pct,68
631,2026-08-27T07:00:00Z,AMB-01,temperature_c,32.8
631,2026-08-27T07:00:00Z,AMB-01,pressure_hpa,1001.9
631,2026-08-27T07:00:00Z,AMB-01,humidity_pct,65
632,2026-08-27T08:00:00Z,AMB-01,temperature_c,33.7
632,2026-08-27T08:00:00Z,AMB-01,pressure_hpa,1000.9
632,2026-08-27T08:00:00Z,AMB-01,humidity_pct,59
633,2026-08-27T09:00:00Z,AMB-01,temperature_c,34.1
633,2026-08-27T09:00:00Z,AMB-01,pressure_hpa,1000.2
633,2026-08-27T09:00:00Z,AMB-01,humidity_pct,55
634,2026-08-27T10:00:00Z,AMB-01,temperature_c,33.7
634,2026-08-27T10:00:00Z,AMB-01,pressure_hpa,1000.0
634,2026-08-27T10:00:00Z,AMB-01,humidity_pct,56
635,2026-08-27T11:00:00Z,AMB-01,temperature_c,33.5
635,2026-08-27T11:00:00Z,AMB-01,pressure_hpa,999.6
635,2026-08-27T11:00:00Z,AMB-01,humidity_pct,60
636,2026-08-27T12:00:00Z,AMB-01,temperature_c,32.9
636,2026-08-27T12:00:00Z,AMB-01,pressure_hpa,999.7
636,2026-08-27T12:00:00Z,AMB-01,humidity_pct,66
637,2026-08-27T13:00:00Z,AMB-01,temperature_c,28.4
637,2026-08-27T13:00:00Z,AMB-01,pressure_hpa,1000.8
637,2026-08-27T13:00:00Z,AMB-01,humidity_pct,88
638,2026-08-27T14:00:00Z,AMB-01,temperature_c,27.7
638,2026-08-27T14:00:00Z,AMB-01,pressure_hpa,1001.0
638,2026-08-27T14:00:00Z,AMB-01,humidity_pct,96
639,2026-08-27T15:00:00Z,AMB-01,temperature_c,27.6
639,2026-08-27T15:00:00Z,AMB-01,pressure_hpa,1001.4
639,2026-08-27T15:00:00Z,AMB-01,humidity_pct,96
640,2026-08-27T16:00:00Z,AMB-01,temperature_c,27.2
640,2026-08-27T16:00:00Z,AMB-01,pressure_hpa,1001.8
640,2026-08-27T16:00:00Z,AMB-01,humidity_pct,96
641,2026-08-27T17:00:00Z,AMB-01,temperature_c,27.0
641,2026-08-27T17:00:00Z,AMB-01,pressure_hpa,1001.9
641,2026-08-27T17:00:00Z,AMB-01,humidity_pct,95
642,2026-08-27T18:00:00Z,AMB-01,temperature_c,26.9
642,2026-08-27T18:00:00Z,AMB-01,pressure_hpa,1001.9
642,2026-08-27T18:00:00Z,AMB-01,humidity_pct,95
643,2026-08-27T19:00:00Z,AMB-01,temperature_c,26.5
643,2026-08-27T19:00:00Z,AMB-01,pressure_hpa,1002.0
643,2026-08-27T19:00:00Z,AMB-01,humidity_pct,96
644,2026-08-27T20:00:00Z,AMB-01,temperature_c,26.2
644,2026-08-27T20:00:00Z,AMB-01,pressure_hpa,1001.9
644,2026-08-27T20:00:00Z,AMB-01,humidity_pct,96
645,2026-08-27T21:00:00Z,AMB-01,temperature_c,25.9
645,2026-08-27T21:00:00Z,AMB-01,pressure_hpa,1001.7
645,2026-08-27T21:00:00Z,AMB-01,humidity_pct,97
646,2026-08-27T22:00:00Z,AMB-01,temperature_c,25.9
646,2026-08-27T22:00:00Z,AMB-01,pressure_hpa,1001.5
646,2026-08-27T22:00:00Z,AMB-01,humidity_pct,97
647,2026-08-27T23:00:00Z,AMB-01,temperature_c,25.8
647,2026-08-27T23:00:00Z,AMB-01,pressure_hpa,1001.6
647,2026-08-27T23:00:00Z,AMB-01,humidity_pct,97
648,2026-08-28T00:00:00Z,AMB-01,temperature_c,26.7
648,2026-08-28T00:00:00Z,AMB-01,pressure_hpa,1002.1
648,2026-08-28T00:00:00Z,AMB-01,humidity_pct,97
649,2026-08-28T01:00:00Z,AMB-01,temperature_c,26.7
649,2026-08-28T01:00:00Z,AMB-01,pressure_hpa,1002.5
649,2026-08-28T01:00:00Z,AMB-01,humidity_pct,97
650,2026-08-28T02:00:00Z,AMB-01,temperature_c,28.0
650,2026-08-28T02:00:00Z,AMB-01,pressure_hpa,1002.7
650,2026-08-28T02:00:00Z,AMB-01,humidity_pct,92
651,2026-08-28T03:00:00Z,AMB-01,temperature_c,29.3
651,2026-08-28T03:00:00Z,AMB-01,pressure_hpa,1002.8
651,2026-08-28T03:00:00Z,AMB-01,humidity_pct,81
652,2026-08-28T04:00:00Z,AMB-01,temperature_c,29.7
652,2026-08-28T04:00:00Z,AMB-01,pressure_hpa,1002.8
652,2026-08-28T04:00:00Z,AMB-01,humidity_pct,80
653,2026-08-28T05:00:00Z,AMB-01,temperature_c,31.0
653,2026-08-28T05:00:00Z,AMB-01,pressure_hpa,1002.6
653,2026-08-28T05:00:00Z,AMB-01,humidity_pct,75
654,2026-08-28T06:00:00Z,AMB-01,temperature_c,32.2
654,2026-08-28T06:00:00Z,AMB-01,pressure_hpa,1002.5
654,2026-08-28T06:00:00Z,AMB-01,humidity_pct,64
655,2026-08-28T07:00:00Z,AMB-01,temperature_c,33.3
655,2026-08-28T07:00:00Z,AMB-01,pressure_hpa,1001.9
655,2026-08-28T07:00:00Z,AMB-01,humidity_pct,58
656,2026-08-28T08:00:00Z,AMB-01,temperature_c,33.9
656,2026-08-28T08:00:00Z,AMB-01,pressure_hpa,1001.0
656,2026-08-28T08:00:00Z,AMB-01,humidity_pct,56
657,2026-08-28T09:00:00Z,AMB-01,temperature_c,34.0
657,2026-08-28T09:00:00Z,AMB-01,pressure_hpa,1000.2
657,2026-08-28T09:00:00Z,AMB-01,humidity_pct,55
658,2026-08-28T10:00:00Z,AMB-01,temperature_c,33.9
658,2026-08-28T10:00:00Z,AMB-01,pressure_hpa,999.6
658,2026-08-28T10:00:00Z,AMB-01,humidity_pct,55
659,2026-08-28T11:00:00Z,AMB-01,temperature_c,33.5
659,2026-08-28T11:00:00Z,AMB-01,pressure_hpa,999.1
659,2026-08-28T11:00:00Z,AMB-01,humidity_pct,57
660,2026-08-28T12:00:00Z,AMB-01,temperature_c,32.8
660,2026-08-28T12:00:00Z,AMB-01,pressure_hpa,999.0
660,2026-08-28T12:00:00Z,AMB-01,humidity_pct,64
661,2026-08-28T13:00:00Z,AMB-01,temperature_c,31.8
661,2026-08-28T13:00:00Z,AMB-01,pressure_hpa,999.4
661,2026-08-28T13:00:00Z,AMB-01,humidity_pct,69
662,2026-08-28T14:00:00Z,AMB-01,temperature_c,31.2
662,2026-08-28T14:00:00Z,AMB-01,pressure_hpa,999.7
662,2026-08-28T14:00:00Z,AMB-01,humidity_pct,69
663,2026-08-28T15:00:00Z,AMB-01,temperature_c,30.8
663,2026-08-28T15:00:00Z,AMB-01,pressure_hpa,1000.5
663,2026-08-28T15:00:00Z,AMB-01,humidity_pct,71
664,2026-08-28T16:00:00Z,AMB-01,temperature_c,30.2
664,2026-08-28T16:00:00Z,AMB-01,pressure_hpa,1001.1
664,2026-08-28T16:00:00Z,AMB-01,humidity_pct,74
665,2026-08-28T17:00:00Z,AMB-01,temperature_c,29.3
665,2026-08-28T17:00:00Z,AMB-01,pressure_hpa,1001.7
665,2026-08-28T17:00:00Z,AMB-01,humidity_pct,80
666,2026-08-28T18:00:00Z,AMB-01,temperature_c,29.7
666,2026-08-28T18:00:00Z,AMB-01,pressure_hpa,1001.6
666,2026-08-28T18:00:00Z,AMB-01,humidity_pct,78
667,2026-08-28T19:00:00Z,AMB-01,temperature_c,28.9
667,2026-08-28T19:00:00Z,AMB-01,pressure_hpa,1001.3
667,2026-08-28T19:00:00Z,AMB-01,humidity_pct,82
668,2026-08-28T20:00:00Z,AMB-01,temperature_c,28.6
668,2026-08-28T20:00:00Z,AMB-01,pressure_hpa,1001.0
668,2026-08-28T20:00:00Z,AMB-01,humidity_pct,83
669,2026-08-28T21:00:00Z,AMB-01,temperature_c,28.1
669,2026-08-28T21:00:00Z,AMB-01,pressure_hpa,1000.6
669,2026-08-28T21:00:00Z,AMB-01,humidity_pct,85
670,2026-08-28T22:00:00Z,AMB-01,temperature_c,27.8
670,2026-08-28T22:00:00Z,AMB-01,pressure_hpa,1000.4
670,2026-08-28T22:00:00Z,AMB-01,humidity_pct,85
671,2026-08-28T23:00:00Z,AMB-01,temperature_c,27.5
671,2026-08-28T23:00:00Z,AMB-01,pressure_hpa,1000.6
671,2026-08-28T23:00:00Z,AMB-01,humidity_pct,87
0,2026-08-01T00:00:00Z,PTA-01,temperature_c,26.5
0,2026-08-01T00:00:00Z,PTA-01,pressure_hpa,1000.6
0,2026-08-01T00:00:00Z,PTA-01,humidity_pct,94
1,2026-08-01T01:00:00Z,PTA-01,temperature_c,26.5
1,2026-08-01T01:00:00Z,PTA-01,pressure_hpa,1000.8
1,2026-08-01T01:00:00Z,PTA-01,humidity_pct,93
2,2026-08-01T02:00:00Z,PTA-01,temperature_c,27.2
2,2026-08-01T02:00:00Z,PTA-01,pressure_hpa,1001.3
2,2026-08-01T02:00:00Z,PTA-01,humidity_pct,91
3,2026-08-01T03:00:00Z,PTA-01,temperature_c,28.2
3,2026-08-01T03:00:00Z,PTA-01,pressure_hpa,1001.7
3,2026-08-01T03:00:00Z,PTA-01,humidity_pct,85
4,2026-08-01T04:00:00Z,PTA-01,temperature_c,29.3
4,2026-08-01T04:00:00Z,PTA-01,pressure_hpa,1001.4
4,2026-08-01T04:00:00Z,PTA-01,humidity_pct,80
5,2026-08-01T05:00:00Z,PTA-01,temperature_c,30.4
5,2026-08-01T05:00:00Z,PTA-01,pressure_hpa,1001.2
5,2026-08-01T05:00:00Z,PTA-01,humidity_pct,75
6,2026-08-01T06:00:00Z,PTA-01,temperature_c,31.2
6,2026-08-01T06:00:00Z,PTA-01,pressure_hpa,1001.0
6,2026-08-01T06:00:00Z,PTA-01,humidity_pct,73
7,2026-08-01T07:00:00Z,PTA-01,temperature_c,31.6
7,2026-08-01T07:00:00Z,PTA-01,pressure_hpa,1000.0
7,2026-08-01T07:00:00Z,PTA-01,humidity_pct,71
8,2026-08-01T08:00:00Z,PTA-01,temperature_c,32.4
8,2026-08-01T08:00:00Z,PTA-01,pressure_hpa,999.4
8,2026-08-01T08:00:00Z,PTA-01,humidity_pct,67
9,2026-08-01T09:00:00Z,PTA-01,temperature_c,32.7
9,2026-08-01T09:00:00Z,PTA-01,pressure_hpa,998.5
9,2026-08-01T09:00:00Z,PTA-01,humidity_pct,66
10,2026-08-01T10:00:00Z,PTA-01,temperature_c,32.7
10,2026-08-01T10:00:00Z,PTA-01,pressure_hpa,997.9
10,2026-08-01T10:00:00Z,PTA-01,humidity_pct,64
11,2026-08-01T11:00:00Z,PTA-01,temperature_c,32.3
11,2026-08-01T11:00:00Z,PTA-01,pressure_hpa,997.4
11,2026-08-01T11:00:00Z,PTA-01,humidity_pct,66
12,2026-08-01T12:00:00Z,PTA-01,temperature_c,31.5
12,2026-08-01T12:00:00Z,PTA-01,pressure_hpa,997.6
12,2026-08-01T12:00:00Z,PTA-01,humidity_pct,75
13,2026-08-01T13:00:00Z,PTA-01,temperature_c,30.8
13,2026-08-01T13:00:00Z,PTA-01,pressure_hpa,998.3
13,2026-08-01T13:00:00Z,PTA-01,humidity_pct,81
14,2026-08-01T14:00:00Z,PTA-01,temperature_c,29.9
14,2026-08-01T14:00:00Z,PTA-01,pressure_hpa,998.6
14,2026-08-01T14:00:00Z,PTA-01,humidity_pct,85
15,2026-08-01T15:00:00Z,PTA-01,temperature_c,29.5
15,2026-08-01T15:00:00Z,PTA-01,pressure_hpa,999.0
15,2026-08-01T15:00:00Z,PTA-01,humidity_pct,83
16,2026-08-01T16:00:00Z,PTA-01,temperature_c,29.0
16,2026-08-01T16:00:00Z,PTA-01,pressure_hpa,999.9
16,2026-08-01T16:00:00Z,PTA-01,humidity_pct,83
17,2026-08-01T17:00:00Z,PTA-01,temperature_c,28.6
17,2026-08-01T17:00:00Z,PTA-01,pressure_hpa,1000.5
17,2026-08-01T17:00:00Z,PTA-01,humidity_pct,83
18,2026-08-01T18:00:00Z,PTA-01,temperature_c,29.1
18,2026-08-01T18:00:00Z,PTA-01,pressure_hpa,1000.2
18,2026-08-01T18:00:00Z,PTA-01,humidity_pct,82
19,2026-08-01T19:00:00Z,PTA-01,temperature_c,28.5
19,2026-08-01T19:00:00Z,PTA-01,pressure_hpa,999.9
19,2026-08-01T19:00:00Z,PTA-01,humidity_pct,84
20,2026-08-01T20:00:00Z,PTA-01,temperature_c,28.3
20,2026-08-01T20:00:00Z,PTA-01,pressure_hpa,1000.6
20,2026-08-01T20:00:00Z,PTA-01,humidity_pct,84
21,2026-08-01T21:00:00Z,PTA-01,temperature_c,28.2
21,2026-08-01T21:00:00Z,PTA-01,pressure_hpa,1000.7
21,2026-08-01T21:00:00Z,PTA-01,humidity_pct,84
22,2026-08-01T22:00:00Z,PTA-01,temperature_c,27.7
22,2026-08-01T22:00:00Z,PTA-01,pressure_hpa,1000.0
22,2026-08-01T22:00:00Z,PTA-01,humidity_pct,87
23,2026-08-01T23:00:00Z,PTA-01,temperature_c,27.5
23,2026-08-01T23:00:00Z,PTA-01,pressure_hpa,1000.6
23,2026-08-01T23:00:00Z,PTA-01,humidity_pct,89
24,2026-08-02T00:00:00Z,PTA-01,temperature_c,26.8
24,2026-08-02T00:00:00Z,PTA-01,pressure_hpa,1000.5
24,2026-08-02T00:00:00Z,PTA-01,humidity_pct,94
25,2026-08-02T01:00:00Z,PTA-01,temperature_c,27.0
25,2026-08-02T01:00:00Z,PTA-01,pressure_hpa,1001.1
25,2026-08-02T01:00:00Z,PTA-01,humidity_pct,95
26,2026-08-02T02:00:00Z,PTA-01,temperature_c,27.9
26,2026-08-02T02:00:00Z,PTA-01,pressure_hpa,1000.9
26,2026-08-02T02:00:00Z,PTA-01,humidity_pct,93
27,2026-08-02T03:00:00Z,PTA-01,temperature_c,29.3
27,2026-08-02T03:00:00Z,PTA-01,pressure_hpa,1001.5
27,2026-08-02T03:00:00Z,PTA-01,humidity_pct,86
28,2026-08-02T04:00:00Z,PTA-01,temperature_c,30.6
28,2026-08-02T04:00:00Z,PTA-01,pressure_hpa,1001.7
28,2026-08-02T04:00:00Z,PTA-01,humidity_pct,79
29,2026-08-02T05:00:00Z,PTA-01,temperature_c,31.3
29,2026-08-02T05:00:00Z,PTA-01,pressure_hpa,1001.5
29,2026-08-02T05:00:00Z,PTA-01,humidity_pct,78
30,2026-08-02T06:00:00Z,PTA-01,temperature_c,31.3
30,2026-08-02T06:00:00Z,PTA-01,pressure_hpa,1001.3
30,2026-08-02T06:00:00Z,PTA-01,humidity_pct,77
31,2026-08-02T07:00:00Z,PTA-01,temperature_c,31.9
31,2026-08-02T07:00:00Z,PTA-01,pressure_hpa,1000.7
31,2026-08-02T07:00:00Z,PTA-01,humidity_pct,70
32,2026-08-02T08:00:00Z,PTA-01,temperature_c,32.7
32,2026-08-02T08:00:00Z,PTA-01,pressure_hpa,1000.4
32,2026-08-02T08:00:00Z,PTA-01,humidity_pct,65
33,2026-08-02T09:00:00Z,PTA-01,temperature_c,33.0
33,2026-08-02T09:00:00Z,PTA-01,pressure_hpa,999.3
33,2026-08-02T09:00:00Z,PTA-01,humidity_pct,64
34,2026-08-02T10:00:00Z,PTA-01,temperature_c,33.1
34,2026-08-02T10:00:00Z,PTA-01,pressure_hpa,998.8
34,2026-08-02T10:00:00Z,PTA-01,humidity_pct,64
35,2026-08-02T11:00:00Z,PTA-01,temperature_c,32.8
35,2026-08-02T11:00:00Z,PTA-01,pressure_hpa,998.3
35,2026-08-02T11:00:00Z,PTA-01,humidity_pct,65
36,2026-08-02T12:00:00Z,PTA-01,temperature_c,33.1
36,2026-08-02T12:00:00Z,PTA-01,pressure_hpa,997.9
36,2026-08-02T12:00:00Z,PTA-01,humidity_pct,67
37,2026-08-02T13:00:00Z,PTA-01,temperature_c,31.3
37,2026-08-02T13:00:00Z,PTA-01,pressure_hpa,998.9
37,2026-08-02T13:00:00Z,PTA-01,humidity_pct,78
38,2026-08-02T14:00:00Z,PTA-01,temperature_c,29.8
38,2026-08-02T14:00:00Z,PTA-01,pressure_hpa,999.7
38,2026-08-02T14:00:00Z,PTA-01,humidity_pct,88
39,2026-08-02T15:00:00Z,PTA-01,temperature_c,28.9
39,2026-08-02T15:00:00Z,PTA-01,pressure_hpa,1000.6
39,2026-08-02T15:00:00Z,PTA-01,humidity_pct,89
40,2026-08-02T16:00:00Z,PTA-01,temperature_c,27.6
40,2026-08-02T16:00:00Z,PTA-01,pressure_hpa,1001.7
40,2026-08-02T16:00:00Z,PTA-01,humidity_pct,93
41,2026-08-02T17:00:00Z,PTA-01,temperature_c,27.1
41,2026-08-02T17:00:00Z,PTA-01,pressure_hpa,1002.1
41,2026-08-02T17:00:00Z,PTA-01,humidity_pct,94
42,2026-08-02T18:00:00Z,PTA-01,temperature_c,27.8
42,2026-08-02T18:00:00Z,PTA-01,pressure_hpa,1001.4
42,2026-08-02T18:00:00Z,PTA-01,humidity_pct,93
43,2026-08-02T19:00:00Z,PTA-01,temperature_c,27.6
43,2026-08-02T19:00:00Z,PTA-01,pressure_hpa,1001.0
43,2026-08-02T19:00:00Z,PTA-01,humidity_pct,95
44,2026-08-02T20:00:00Z,PTA-01,temperature_c,27.3
44,2026-08-02T20:00:00Z,PTA-01,pressure_hpa,1001.0
44,2026-08-02T20:00:00Z,PTA-01,humidity_pct,96
45,2026-08-02T21:00:00Z,PTA-01,temperature_c,27.2
45,2026-08-02T21:00:00Z,PTA-01,pressure_hpa,1000.8
45,2026-08-02T21:00:00Z,PTA-01,humidity_pct,95
46,2026-08-02T22:00:00Z,PTA-01,temperature_c,26.9
46,2026-08-02T22:00:00Z,PTA-01,pressure_hpa,1000.4
46,2026-08-02T22:00:00Z,PTA-01,humidity_pct,95
47,2026-08-02T23:00:00Z,PTA-01,temperature_c,26.5
47,2026-08-02T23:00:00Z,PTA-01,pressure_hpa,1000.5
47,2026-08-02T23:00:00Z,PTA-01,humidity_pct,96
48,2026-08-03T00:00:00Z,PTA-01,temperature_c,28.2
48,2026-08-03T00:00:00Z,PTA-01,pressure_hpa,1000.4
48,2026-08-03T00:00:00Z,PTA-01,humidity_pct,90
49,2026-08-03T01:00:00Z,PTA-01,temperature_c,27.9
49,2026-08-03T01:00:00Z,PTA-01,pressure_hpa,1000.4
49,2026-08-03T01:00:00Z,PTA-01,humidity_pct,93
50,2026-08-03T02:00:00Z,PTA-01,temperature_c,27.7
50,2026-08-03T02:00:00Z,PTA-01,pressure_hpa,1001.4
50,2026-08-03T02:00:00Z,PTA-01,humidity_pct,94
51,2026-08-03T03:00:00Z,PTA-01,temperature_c,26.8
51,2026-08-03T03:00:00Z,PTA-01,pressure_hpa,1002.1
51,2026-08-03T03:00:00Z,PTA-01,humidity_pct,95
52,2026-08-03T04:00:00Z,PTA-01,temperature_c,28.0
52,2026-08-03T04:00:00Z,PTA-01,pressure_hpa,1002.0
52,2026-08-03T04:00:00Z,PTA-01,humidity_pct,93
53,2026-08-03T05:00:00Z,PTA-01,temperature_c,29.8
53,2026-08-03T05:00:00Z,PTA-01,pressure_hpa,1002.1
53,2026-08-03T05:00:00Z,PTA-01,humidity_pct,84
54,2026-08-03T06:00:00Z,PTA-01,temperature_c,31.5
54,2026-08-03T06:00:00Z,PTA-01,pressure_hpa,1001.9
54,2026-08-03T06:00:00Z,PTA-01,humidity_pct,74
55,2026-08-03T07:00:00Z,PTA-01,temperature_c,32.3
55,2026-08-03T07:00:00Z,PTA-01,pressure_hpa,1001.4
55,2026-08-03T07:00:00Z,PTA-01,humidity_pct,71
56,2026-08-03T08:00:00Z,PTA-01,temperature_c,32.6
56,2026-08-03T08:00:00Z,PTA-01,pressure_hpa,1000.9
56,2026-08-03T08:00:00Z,PTA-01,humidity_pct,71
57,2026-08-03T09:00:00Z,PTA-01,temperature_c,32.8
57,2026-08-03T09:00:00Z,PTA-01,pressure_hpa,1000.4
57,2026-08-03T09:00:00Z,PTA-01,humidity_pct,70
58,2026-08-03T10:00:00Z,PTA-01,temperature_c,32.9
58,2026-08-03T10:00:00Z,PTA-01,pressure_hpa,999.7
58,2026-08-03T10:00:00Z,PTA-01,humidity_pct,70
59,2026-08-03T11:00:00Z,PTA-01,temperature_c,32.4
59,2026-08-03T11:00:00Z,PTA-01,pressure_hpa,999.1
59,2026-08-03T11:00:00Z,PTA-01,humidity_pct,72
60,2026-08-03T12:00:00Z,PTA-01,temperature_c,33.2
60,2026-08-03T12:00:00Z,PTA-01,pressure_hpa,998.5
60,2026-08-03T12:00:00Z,PTA-01,humidity_pct,63
61,2026-08-03T13:00:00Z,PTA-01,temperature_c,30.0
61,2026-08-03T13:00:00Z,PTA-01,pressure_hpa,999.8
61,2026-08-03T13:00:00Z,PTA-01,humidity_pct,81
62,2026-08-03T14:00:00Z,PTA-01,temperature_c,28.3
62,2026-08-03T14:00:00Z,PTA-01,pressure_hpa,1000.3
62,2026-08-03T14:00:00Z,PTA-01,humidity_pct,93
63,2026-08-03T15:00:00Z,PTA-01,temperature_c,28.2
63,2026-08-03T15:00:00Z,PTA-01,pressure_hpa,1001.0
63,2026-08-03T15:00:00Z,PTA-01,humidity_pct,93
64,2026-08-03T16:00:00Z,PTA-01,temperature_c,28.1
64,2026-08-03T16:00:00Z,PTA-01,pressure_hpa,1002.3
64,2026-08-03T16:00:00Z,PTA-01,humidity_pct,93
65,2026-08-03T17:00:00Z,PTA-01,temperature_c,27.6
65,2026-08-03T17:00:00Z,PTA-01,pressure_hpa,1001.4
65,2026-08-03T17:00:00Z,PTA-01,humidity_pct,92
66,2026-08-03T18:00:00Z,PTA-01,temperature_c,28.1
66,2026-08-03T18:00:00Z,PTA-01,pressure_hpa,1001.8
66,2026-08-03T18:00:00Z,PTA-01,humidity_pct,87
67,2026-08-03T19:00:00Z,PTA-01,temperature_c,27.9
67,2026-08-03T19:00:00Z,PTA-01,pressure_hpa,1001.4
67,2026-08-03T19:00:00Z,PTA-01,humidity_pct,93
68,2026-08-03T20:00:00Z,PTA-01,temperature_c,27.7
68,2026-08-03T20:00:00Z,PTA-01,pressure_hpa,1001.8
68,2026-08-03T20:00:00Z,PTA-01,humidity_pct,92
69,2026-08-03T21:00:00Z,PTA-01,temperature_c,27.4
69,2026-08-03T21:00:00Z,PTA-01,pressure_hpa,1001.7
69,2026-08-03T21:00:00Z,PTA-01,humidity_pct,95
70,2026-08-03T22:00:00Z,PTA-01,temperature_c,27.0
70,2026-08-03T22:00:00Z,PTA-01,pressure_hpa,1001.9
70,2026-08-03T22:00:00Z,PTA-01,humidity_pct,96
71,2026-08-03T23:00:00Z,PTA-01,temperature_c,26.7
71,2026-08-03T23:00:00Z,PTA-01,pressure_hpa,1002.0
71,2026-08-03T23:00:00Z,PTA-01,humidity_pct,95
72,2026-08-04T00:00:00Z,PTA-01,temperature_c,26.1
72,2026-08-04T00:00:00Z,PTA-01,pressure_hpa,1001.1
72,2026-08-04T00:00:00Z,PTA-01,humidity_pct,96
73,2026-08-04T01:00:00Z,PTA-01,temperature_c,26.4
73,2026-08-04T01:00:00Z,PTA-01,pressure_hpa,1002.1
73,2026-08-04T01:00:00Z,PTA-01,humidity_pct,96
74,2026-08-04T02:00:00Z,PTA-01,temperature_c,26.4
74,2026-08-04T02:00:00Z,PTA-01,pressure_hpa,1002.9
74,2026-08-04T02:00:00Z,PTA-01,humidity_pct,95
75,2026-08-04T03:00:00Z,PTA-01,temperature_c,25.9
75,2026-08-04T03:00:00Z,PTA-01,pressure_hpa,1003.1
75,2026-08-04T03:00:00Z,PTA-01,humidity_pct,95
76,2026-08-04T04:00:00Z,PTA-01,temperature_c,27.3
76,2026-08-04T04:00:00Z,PTA-01,pressure_hpa,1004.0
76,2026-08-04T04:00:00Z,PTA-01,humidity_pct,87
77,2026-08-04T05:00:00Z,PTA-01,temperature_c,28.6
77,2026-08-04T05:00:00Z,PTA-01,pressure_hpa,1004.0
77,2026-08-04T05:00:00Z,PTA-01,humidity_pct,82
78,2026-08-04T06:00:00Z,PTA-01,temperature_c,28.2
78,2026-08-04T06:00:00Z,PTA-01,pressure_hpa,1004.2
78,2026-08-04T06:00:00Z,PTA-01,humidity_pct,86
79,2026-08-04T07:00:00Z,PTA-01,temperature_c,28.0
79,2026-08-04T07:00:00Z,PTA-01,pressure_hpa,1004.1
79,2026-08-04T07:00:00Z,PTA-01,humidity_pct,89
80,2026-08-04T08:00:00Z,PTA-01,temperature_c,29.0
80,2026-08-04T08:00:00Z,PTA-01,pressure_hpa,1003.0
80,2026-08-04T08:00:00Z,PTA-01,humidity_pct,83
81,2026-08-04T09:00:00Z,PTA-01,temperature_c,29.9
81,2026-08-04T09:00:00Z,PTA-01,pressure_hpa,1002.0
81,2026-08-04T09:00:00Z,PTA-01,humidity_pct,79
82,2026-08-04T10:00:00Z,PTA-01,temperature_c,30.6
82,2026-08-04T10:00:00Z,PTA-01,pressure_hpa,1001.0
82,2026-08-04T10:00:00Z,PTA-01,humidity_pct,76
83,2026-08-04T11:00:00Z,PTA-01,temperature_c,30.8
83,2026-08-04T11:00:00Z,PTA-01,pressure_hpa,1000.2
83,2026-08-04T11:00:00Z,PTA-01,humidity_pct,74
84,2026-08-04T12:00:00Z,PTA-01,temperature_c,30.2
84,2026-08-04T12:00:00Z,PTA-01,pressure_hpa,1000.0
84,2026-08-04T12:00:00Z,PTA-01,humidity_pct,76
85,2026-08-04T13:00:00Z,PTA-01,temperature_c,29.8
85,2026-08-04T13:00:00Z,PTA-01,pressure_hpa,1000.6
85,2026-08-04T13:00:00Z,PTA-01,humidity_pct,78
86,2026-08-04T14:00:00Z,PTA-01,temperature_c,28.8
86,2026-08-04T14:00:00Z,PTA-01,pressure_hpa,1001.0
86,2026-08-04T14:00:00Z,PTA-01,humidity_pct,86
87,2026-08-04T15:00:00Z,PTA-01,temperature_c,28.0
87,2026-08-04T15:00:00Z,PTA-01,pressure_hpa,1001.5
87,2026-08-04T15:00:00Z,PTA-01,humidity_pct,91
88,2026-08-04T16:00:00Z,PTA-01,temperature_c,27.5
88,2026-08-04T16:00:00Z,PTA-01,pressure_hpa,1002.1
88,2026-08-04T16:00:00Z,PTA-01,humidity_pct,94
89,2026-08-04T17:00:00Z,PTA-01,temperature_c,27.2
89,2026-08-04T17:00:00Z,PTA-01,pressure_hpa,1002.2
89,2026-08-04T17:00:00Z,PTA-01,humidity_pct,95
90,2026-08-04T18:00:00Z,PTA-01,temperature_c,27.7
90,2026-08-04T18:00:00Z,PTA-01,pressure_hpa,1001.6
90,2026-08-04T18:00:00Z,PTA-01,humidity_pct,97
91,2026-08-04T19:00:00Z,PTA-01,temperature_c,26.8
91,2026-08-04T19:00:00Z,PTA-01,pressure_hpa,1001.1
91,2026-08-04T19:00:00Z,PTA-01,humidity_pct,97
92,2026-08-04T20:00:00Z,PTA-01,temperature_c,26.0
92,2026-08-04T20:00:00Z,PTA-01,pressure_hpa,1000.8
92,2026-08-04T20:00:00Z,PTA-01,humidity_pct,96
93,2026-08-04T21:00:00Z,PTA-01,temperature_c,25.8
93,2026-08-04T21:00:00Z,PTA-01,pressure_hpa,1000.6
93,2026-08-04T21:00:00Z,PTA-01,humidity_pct,96
94,2026-08-04T22:00:00Z,PTA-01,temperature_c,25.5
94,2026-08-04T22:00:00Z,PTA-01,pressure_hpa,1000.6
94,2026-08-04T22:00:00Z,PTA-01,humidity_pct,98
95,2026-08-04T23:00:00Z,PTA-01,temperature_c,25.4
95,2026-08-04T23:00:00Z,PTA-01,pressure_hpa,1000.6
95,2026-08-04T23:00:00Z,PTA-01,humidity_pct,97
96,2026-08-05T00:00:00Z,PTA-01,temperature_c,26.2
96,2026-08-05T00:00:00Z,PTA-01,pressure_hpa,1000.2
96,2026-08-05T00:00:00Z,PTA-01,humidity_pct,94
97,2026-08-05T01:00:00Z,PTA-01,temperature_c,26.2
97,2026-08-05T01:00:00Z,PTA-01,pressure_hpa,1000.2
97,2026-08-05T01:00:00Z,PTA-01,humidity_pct,97
98,2026-08-05T02:00:00Z,PTA-01,temperature_c,27.5
98,2026-08-05T02:00:00Z,PTA-01,pressure_hpa,1000.5
98,2026-08-05T02:00:00Z,PTA-01,humidity_pct,89
99,2026-08-05T03:00:00Z,PTA-01,temperature_c,28.7
99,2026-08-05T03:00:00Z,PTA-01,pressure_hpa,1000.5
99,2026-08-05T03:00:00Z,PTA-01,humidity_pct,82
100,2026-08-05T04:00:00Z,PTA-01,temperature_c,30.0
100,2026-08-05T04:00:00Z,PTA-01,pressure_hpa,1000.4
100,2026-08-05T04:00:00Z,PTA-01,humidity_pct,75
101,2026-08-05T05:00:00Z,PTA-01,temperature_c,30.9
101,2026-08-05T05:00:00Z,PTA-01,pressure_hpa,1000.3
101,2026-08-05T05:00:00Z,PTA-01,humidity_pct,72
102,2026-08-05T06:00:00Z,PTA-01,temperature_c,31.2
102,2026-08-05T06:00:00Z,PTA-01,pressure_hpa,1000.3
102,2026-08-05T06:00:00Z,PTA-01,humidity_pct,70
103,2026-08-05T07:00:00Z,PTA-01,temperature_c,31.3
103,2026-08-05T07:00:00Z,PTA-01,pressure_hpa,999.2
103,2026-08-05T07:00:00Z,PTA-01,humidity_pct,68
104,2026-08-05T08:00:00Z,PTA-01,temperature_c,32.2
104,2026-08-05T08:00:00Z,PTA-01,pressure_hpa,998.7
104,2026-08-05T08:00:00Z,PTA-01,humidity_pct,65
105,2026-08-05T09:00:00Z,PTA-01,temperature_c,32.5
105,2026-08-05T09:00:00Z,PTA-01,pressure_hpa,997.9
105,2026-08-05T09:00:00Z,PTA-01,humidity_pct,64
106,2026-08-05T10:00:00Z,PTA-01,temperature_c,32.5
106,2026-08-05T10:00:00Z,PTA-01,pressure_hpa,997.0
106,2026-08-05T10:00:00Z,PTA-01,humidity_pct,64
107,2026-08-05T11:00:00Z,PTA-01,temperature_c,32.3
107,2026-08-05T11:00:00Z,PTA-01,pressure_hpa,996.6
107,2026-08-05T11:00:00Z,PTA-01,humidity_pct,66
108,2026-08-05T12:00:00Z,PTA-01,temperature_c,32.6
108,2026-08-05T12:00:00Z,PTA-01,pressure_hpa,996.4
108,2026-08-05T12:00:00Z,PTA-01,humidity_pct,67
109,2026-08-05T13:00:00Z,PTA-01,temperature_c,31.6
109,2026-08-05T13:00:00Z,PTA-01,pressure_hpa,996.9
109,2026-08-05T13:00:00Z,PTA-01,humidity_pct,76
110,2026-08-05T14:00:00Z,PTA-01,temperature_c,30.7
110,2026-08-05T14:00:00Z,PTA-01,pressure_hpa,997.7
110,2026-08-05T14:00:00Z,PTA-01,humidity_pct,80
111,2026-08-05T15:00:00Z,PTA-01,temperature_c,30.0
111,2026-08-05T15:00:00Z,PTA-01,pressure_hpa,998.6
111,2026-08-05T15:00:00Z,PTA-01,humidity_pct,83
112,2026-08-05T16:00:00Z,PTA-01,temperature_c,29.5
112,2026-08-05T16:00:00Z,PTA-01,pressure_hpa,999.4
112,2026-08-05T16:00:00Z,PTA-01,humidity_pct,85
113,2026-08-05T17:00:00Z,PTA-01,temperature_c,28.9
113,2026-08-05T17:00:00Z,PTA-01,pressure_hpa,999.4
113,2026-08-05T17:00:00Z,PTA-01,humidity_pct,88
114,2026-08-05T18:00:00Z,PTA-01,temperature_c,29.3
114,2026-08-05T18:00:00Z,PTA-01,pressure_hpa,999.0
114,2026-08-05T18:00:00Z,PTA-01,humidity_pct,90
115,2026-08-05T19:00:00Z,PTA-01,temperature_c,28.6
115,2026-08-05T19:00:00Z,PTA-01,pressure_hpa,998.7
115,2026-08-05T19:00:00Z,PTA-01,humidity_pct,93
116,2026-08-05T20:00:00Z,PTA-01,temperature_c,28.3
116,2026-08-05T20:00:00Z,PTA-01,pressure_hpa,998.4
116,2026-08-05T20:00:00Z,PTA-01,humidity_pct,93
117,2026-08-05T21:00:00Z,PTA-01,temperature_c,28.1
117,2026-08-05T21:00:00Z,PTA-01,pressure_hpa,998.1
117,2026-08-05T21:00:00Z,PTA-01,humidity_pct,93
118,2026-08-05T22:00:00Z,PTA-01,temperature_c,27.9
118,2026-08-05T22:00:00Z,PTA-01,pressure_hpa,998.0
118,2026-08-05T22:00:00Z,PTA-01,humidity_pct,93
119,2026-08-05T23:00:00Z,PTA-01,temperature_c,27.4
119,2026-08-05T23:00:00Z,PTA-01,pressure_hpa,998.4
119,2026-08-05T23:00:00Z,PTA-01,humidity_pct,95
120,2026-08-06T00:00:00Z,PTA-01,temperature_c,27.6
120,2026-08-06T00:00:00Z,PTA-01,pressure_hpa,997.7
120,2026-08-06T00:00:00Z,PTA-01,humidity_pct,95
121,2026-08-06T01:00:00Z,PTA-01,temperature_c,26.3
121,2026-08-06T01:00:00Z,PTA-01,pressure_hpa,999.7
121,2026-08-06T01:00:00Z,PTA-01,humidity_pct,96
122,2026-08-06T02:00:00Z,PTA-01,temperature_c,26.3
122,2026-08-06T02:00:00Z,PTA-01,pressure_hpa,1000.1
122,2026-08-06T02:00:00Z,PTA-01,humidity_pct,95
123,2026-08-06T03:00:00Z,PTA-01,temperature_c,27.2
123,2026-08-06T03:00:00Z,PTA-01,pressure_hpa,1000.4
123,2026-08-06T03:00:00Z,PTA-01,humidity_pct,90
124,2026-08-06T04:00:00Z,PTA-01,temperature_c,28.5
124,2026-08-06T04:00:00Z,PTA-01,pressure_hpa,1000.8
124,2026-08-06T04:00:00Z,PTA-01,humidity_pct,84
125,2026-08-06T05:00:00Z,PTA-01,temperature_c,28.4
125,2026-08-06T05:00:00Z,PTA-01,pressure_hpa,1001.2
125,2026-08-06T05:00:00Z,PTA-01,humidity_pct,84
126,2026-08-06T06:00:00Z,PTA-01,temperature_c,28.4
126,2026-08-06T06:00:00Z,PTA-01,pressure_hpa,1001.3
126,2026-08-06T06:00:00Z,PTA-01,humidity_pct,83
127,2026-08-06T07:00:00Z,PTA-01,temperature_c,28.8
127,2026-08-06T07:00:00Z,PTA-01,pressure_hpa,1000.9
127,2026-08-06T07:00:00Z,PTA-01,humidity_pct,82
128,2026-08-06T08:00:00Z,PTA-01,temperature_c,28.8
128,2026-08-06T08:00:00Z,PTA-01,pressure_hpa,1000.7
128,2026-08-06T08:00:00Z,PTA-01,humidity_pct,81
129,2026-08-06T09:00:00Z,PTA-01,temperature_c,29.1
129,2026-08-06T09:00:00Z,PTA-01,pressure_hpa,1000.1
129,2026-08-06T09:00:00Z,PTA-01,humidity_pct,79
130,2026-08-06T10:00:00Z,PTA-01,temperature_c,28.8
130,2026-08-06T10:00:00Z,PTA-01,pressure_hpa,999.9
130,2026-08-06T10:00:00Z,PTA-01,humidity_pct,80
131,2026-08-06T11:00:00Z,PTA-01,temperature_c,28.7
131,2026-08-06T11:00:00Z,PTA-01,pressure_hpa,999.7
131,2026-08-06T11:00:00Z,PTA-01,humidity_pct,80
132,2026-08-06T12:00:00Z,PTA-01,temperature_c,28.7
132,2026-08-06T12:00:00Z,PTA-01,pressure_hpa,999.6
132,2026-08-06T12:00:00Z,PTA-01,humidity_pct,81
133,2026-08-06T13:00:00Z,PTA-01,temperature_c,27.8
133,2026-08-06T13:00:00Z,PTA-01,pressure_hpa,999.7
133,2026-08-06T13:00:00Z,PTA-01,humidity_pct,85
134,2026-08-06T14:00:00Z,PTA-01,temperature_c,27.0
134,2026-08-06T14:00:00Z,PTA-01,pressure_hpa,1000.4
134,2026-08-06T14:00:00Z,PTA-01,humidity_pct,88
135,2026-08-06T15:00:00Z,PTA-01,temperature_c,26.7
135,2026-08-06T15:00:00Z,PTA-01,pressure_hpa,1001.1
135,2026-08-06T15:00:00Z,PTA-01,humidity_pct,89
136,2026-08-06T16:00:00Z,PTA-01,temperature_c,26.7
136,2026-08-06T16:00:00Z,PTA-01,pressure_hpa,1001.6
136,2026-08-06T16:00:00Z,PTA-01,humidity_pct,89
137,2026-08-06T17:00:00Z,PTA-01,temperature_c,26.6
137,2026-08-06T17:00:00Z,PTA-01,pressure_hpa,1001.7
137,2026-08-06T17:00:00Z,PTA-01,humidity_pct,89
138,2026-08-06T18:00:00Z,PTA-01,temperature_c,27.3
138,2026-08-06T18:00:00Z,PTA-01,pressure_hpa,1001.5
138,2026-08-06T18:00:00Z,PTA-01,humidity_pct,90
139,2026-08-06T19:00:00Z,PTA-01,temperature_c,27.0
139,2026-08-06T19:00:00Z,PTA-01,pressure_hpa,1001.2
139,2026-08-06T19:00:00Z,PTA-01,humidity_pct,90
140,2026-08-06T20:00:00Z,PTA-01,temperature_c,26.9
140,2026-08-06T20:00:00Z,PTA-01,pressure_hpa,1000.7
140,2026-08-06T20:00:00Z,PTA-01,humidity_pct,89
141,2026-08-06T21:00:00Z,PTA-01,temperature_c,26.9
141,2026-08-06T21:00:00Z,PTA-01,pressure_hpa,1000.4
141,2026-08-06T21:00:00Z,PTA-01,humidity_pct,88
142,2026-08-06T22:00:00Z,PTA-01,temperature_c,26.9
142,2026-08-06T22:00:00Z,PTA-01,pressure_hpa,1000.5
142,2026-08-06T22:00:00Z,PTA-01,humidity_pct,88
143,2026-08-06T23:00:00Z,PTA-01,temperature_c,26.7
143,2026-08-06T23:00:00Z,PTA-01,pressure_hpa,1000.7
143,2026-08-06T23:00:00Z,PTA-01,humidity_pct,90
144,2026-08-07T00:00:00Z,PTA-01,temperature_c,26.9
144,2026-08-07T00:00:00Z,PTA-01,pressure_hpa,1000.5
144,2026-08-07T00:00:00Z,PTA-01,humidity_pct,92
145,2026-08-07T01:00:00Z,PTA-01,temperature_c,26.8
145,2026-08-07T01:00:00Z,PTA-01,pressure_hpa,1000.6
145,2026-08-07T01:00:00Z,PTA-01,humidity_pct,92
146,2026-08-07T02:00:00Z,PTA-01,temperature_c,27.5
146,2026-08-07T02:00:00Z,PTA-01,pressure_hpa,1000.7
146,2026-08-07T02:00:00Z,PTA-01,humidity_pct,90
147,2026-08-07T03:00:00Z,PTA-01,temperature_c,27.7
147,2026-08-07T03:00:00Z,PTA-01,pressure_hpa,1001.1
147,2026-08-07T03:00:00Z,PTA-01,humidity_pct,89
148,2026-08-07T04:00:00Z,PTA-01,temperature_c,27.9
148,2026-08-07T04:00:00Z,PTA-01,pressure_hpa,1001.6
148,2026-08-07T04:00:00Z,PTA-01,humidity_pct,87
149,2026-08-07T05:00:00Z,PTA-01,temperature_c,28.1
149,2026-08-07T05:00:00Z,PTA-01,pressure_hpa,1001.8
149,2026-08-07T05:00:00Z,PTA-01,humidity_pct,84
150,2026-08-07T06:00:00Z,PTA-01,temperature_c,29.4
150,2026-08-07T06:00:00Z,PTA-01,pressure_hpa,1002.0
150,2026-08-07T06:00:00Z,PTA-01,humidity_pct,78
151,2026-08-07T07:00:00Z,PTA-01,temperature_c,29.0
151,2026-08-07T07:00:00Z,PTA-01,pressure_hpa,1001.5
151,2026-08-07T07:00:00Z,PTA-01,humidity_pct,80
152,2026-08-07T08:00:00Z,PTA-01,temperature_c,29.2
152,2026-08-07T08:00:00Z,PTA-01,pressure_hpa,1000.9
152,2026-08-07T08:00:00Z,PTA-01,humidity_pct,79
153,2026-08-07T09:00:00Z,PTA-01,temperature_c,29.4
153,2026-08-07T09:00:00Z,PTA-01,pressure_hpa,1000.3
153,2026-08-07T09:00:00Z,PTA-01,humidity_pct,79
154,2026-08-07T10:00:00Z,PTA-01,temperature_c,29.0
154,2026-08-07T10:00:00Z,PTA-01,pressure_hpa,999.9
154,2026-08-07T10:00:00Z,PTA-01,humidity_pct,82
155,2026-08-07T11:00:00Z,PTA-01,temperature_c,28.5
155,2026-08-07T11:00:00Z,PTA-01,pressure_hpa,999.5
155,2026-08-07T11:00:00Z,PTA-01,humidity_pct,85
156,2026-08-07T12:00:00Z,PTA-01,temperature_c,29.6
156,2026-08-07T12:00:00Z,PTA-01,pressure_hpa,999.3
156,2026-08-07T12:00:00Z,PTA-01,humidity_pct,79
157,2026-08-07T13:00:00Z,PTA-01,temperature_c,29.0
157,2026-08-07T13:00:00Z,PTA-01,pressure_hpa,999.3
157,2026-08-07T13:00:00Z,PTA-01,humidity_pct,84
158,2026-08-07T14:00:00Z,PTA-01,temperature_c,28.3
158,2026-08-07T14:00:00Z,PTA-01,pressure_hpa,999.7
158,2026-08-07T14:00:00Z,PTA-01,humidity_pct,88
159,2026-08-07T15:00:00Z,PTA-01,temperature_c,28.0
159,2026-08-07T15:00:00Z,PTA-01,pressure_hpa,1000.4
159,2026-08-07T15:00:00Z,PTA-01,humidity_pct,90
160,2026-08-07T16:00:00Z,PTA-01,temperature_c,27.6
160,2026-08-07T16:00:00Z,PTA-01,pressure_hpa,1001.3
160,2026-08-07T16:00:00Z,PTA-01,humidity_pct,93
161,2026-08-07T17:00:00Z,PTA-01,temperature_c,27.4
161,2026-08-07T17:00:00Z,PTA-01,pressure_hpa,1001.8
161,2026-08-07T17:00:00Z,PTA-01,humidity_pct,94
162,2026-08-07T18:00:00Z,PTA-01,temperature_c,28.3
162,2026-08-07T18:00:00Z,PTA-01,pressure_hpa,1001.3
162,2026-08-07T18:00:00Z,PTA-01,humidity_pct,96
163,2026-08-07T19:00:00Z,PTA-01,temperature_c,28.0
163,2026-08-07T19:00:00Z,PTA-01,pressure_hpa,1001.3
163,2026-08-07T19:00:00Z,PTA-01,humidity_pct,96
164,2026-08-07T20:00:00Z,PTA-01,temperature_c,27.8
164,2026-08-07T20:00:00Z,PTA-01,pressure_hpa,1000.8
164,2026-08-07T20:00:00Z,PTA-01,humidity_pct,97
165,2026-08-07T21:00:00Z,PTA-01,temperature_c,27.5
165,2026-08-07T21:00:00Z,PTA-01,pressure_hpa,1000.6
165,2026-08-07T21:00:00Z,PTA-01,humidity_pct,95
166,2026-08-07T22:00:00Z,PTA-01,temperature_c,27.0
166,2026-08-07T22:00:00Z,PTA-01,pressure_hpa,1000.6
166,2026-08-07T22:00:00Z,PTA-01,humidity_pct,92
167,2026-08-07T23:00:00Z,PTA-01,temperature_c,26.8
167,2026-08-07T23:00:00Z,PTA-01,pressure_hpa,1000.5
167,2026-08-07T23:00:00Z,PTA-01,humidity_pct,91
168,2026-08-08T00:00:00Z,PTA-01,temperature_c,26.2
168,2026-08-08T00:00:00Z,PTA-01,pressure_hpa,1001.2
168,2026-08-08T00:00:00Z,PTA-01,humidity_pct,96
169,2026-08-08T01:00:00Z,PTA-01,temperature_c,26.2
169,2026-08-08T01:00:00Z,PTA-01,pressure_hpa,1001.5
169,2026-08-08T01:00:00Z,PTA-01,humidity_pct,94
170,2026-08-08T02:00:00Z,PTA-01,temperature_c,26.4
170,2026-08-08T02:00:00Z,PTA-01,pressure_hpa,1001.5
170,2026-08-08T02:00:00Z,PTA-01,humidity_pct,90
171,2026-08-08T03:00:00Z,PTA-01,temperature_c,26.5
171,2026-08-08T03:00:00Z,PTA-01,pressure_hpa,1003.0
171,2026-08-08T03:00:00Z,PTA-01,humidity_pct,90
172,2026-08-08T04:00:00Z,PTA-01,temperature_c,26.7
172,2026-08-08T04:00:00Z,PTA-01,pressure_hpa,1003.3
172,2026-08-08T04:00:00Z,PTA-01,humidity_pct,92
173,2026-08-08T05:00:00Z,PTA-01,temperature_c,27.2
173,2026-08-08T05:00:00Z,PTA-01,pressure_hpa,1002.9
173,2026-08-08T05:00:00Z,PTA-01,humidity_pct,93
174,2026-08-08T06:00:00Z,PTA-01,temperature_c,28.9
174,2026-08-08T06:00:00Z,PTA-01,pressure_hpa,1003.1
174,2026-08-08T06:00:00Z,PTA-01,humidity_pct,86
175,2026-08-08T07:00:00Z,PTA-01,temperature_c,29.8
175,2026-08-08T07:00:00Z,PTA-01,pressure_hpa,1003.0
175,2026-08-08T07:00:00Z,PTA-01,humidity_pct,82
176,2026-08-08T08:00:00Z,PTA-01,temperature_c,30.6
176,2026-08-08T08:00:00Z,PTA-01,pressure_hpa,1002.1
176,2026-08-08T08:00:00Z,PTA-01,humidity_pct,79
177,2026-08-08T09:00:00Z,PTA-01,temperature_c,31.2
177,2026-08-08T09:00:00Z,PTA-01,pressure_hpa,1001.3
177,2026-08-08T09:00:00Z,PTA-01,humidity_pct,77
178,2026-08-08T10:00:00Z,PTA-01,temperature_c,31.2
178,2026-08-08T10:00:00Z,PTA-01,pressure_hpa,1000.8
178,2026-08-08T10:00:00Z,PTA-01,humidity_pct,76
179,2026-08-08T11:00:00Z,PTA-01,temperature_c,30.0
179,2026-08-08T11:00:00Z,PTA-01,pressure_hpa,1000.1
179,2026-08-08T11:00:00Z,PTA-01,humidity_pct,79
180,2026-08-08T12:00:00Z,PTA-01,temperature_c,28.7
180,2026-08-08T12:00:00Z,PTA-01,pressure_hpa,1000.5
180,2026-08-08T12:00:00Z,PTA-01,humidity_pct,87
181,2026-08-08T13:00:00Z,PTA-01,temperature_c,28.5
181,2026-08-08T13:00:00Z,PTA-01,pressure_hpa,1000.9
181,2026-08-08T13:00:00Z,PTA-01,humidity_pct,88
182,2026-08-08T14:00:00Z,PTA-01,temperature_c,28.1
182,2026-08-08T14:00:00Z,PTA-01,pressure_hpa,1001.4
182,2026-08-08T14:00:00Z,PTA-01,humidity_pct,90
183,2026-08-08T15:00:00Z,PTA-01,temperature_c,28.0
183,2026-08-08T15:00:00Z,PTA-01,pressure_hpa,1002.2
183,2026-08-08T15:00:00Z,PTA-01,humidity_pct,91
184,2026-08-08T16:00:00Z,PTA-01,temperature_c,27.8
184,2026-08-08T16:00:00Z,PTA-01,pressure_hpa,1003.1
184,2026-08-08T16:00:00Z,PTA-01,humidity_pct,90
185,2026-08-08T17:00:00Z,PTA-01,temperature_c,27.6
185,2026-08-08T17:00:00Z,PTA-01,pressure_hpa,1003.6
185,2026-08-08T17:00:00Z,PTA-01,humidity_pct,90
186,2026-08-08T18:00:00Z,PTA-01,temperature_c,28.1
186,2026-08-08T18:00:00Z,PTA-01,pressure_hpa,1003.2
186,2026-08-08T18:00:00Z,PTA-01,humidity_pct,93
187,2026-08-08T19:00:00Z,PTA-01,temperature_c,27.4
187,2026-08-08T19:00:00Z,PTA-01,pressure_hpa,1003.3
187,2026-08-08T19:00:00Z,PTA-01,humidity_pct,92
188,2026-08-08T20:00:00Z,PTA-01,temperature_c,26.8
188,2026-08-08T20:00:00Z,PTA-01,pressure_hpa,1002.8
188,2026-08-08T20:00:00Z,PTA-01,humidity_pct,91
189,2026-08-08T21:00:00Z,PTA-01,temperature_c,26.6
189,2026-08-08T21:00:00Z,PTA-01,pressure_hpa,1002.8
189,2026-08-08T21:00:00Z,PTA-01,humidity_pct,91
190,2026-08-08T22:00:00Z,PTA-01,temperature_c,26.5
190,2026-08-08T22:00:00Z,PTA-01,pressure_hpa,1002.7
190,2026-08-08T22:00:00Z,PTA-01,humidity_pct,92
191,2026-08-08T23:00:00Z,PTA-01,temperature_c,26.5
191,2026-08-08T23:00:00Z,PTA-01,pressure_hpa,1002.9
191,2026-08-08T23:00:00Z,PTA-01,humidity_pct,93
192,2026-08-09T00:00:00Z,PTA-01,temperature_c,27.0
192,2026-08-09T00:00:00Z,PTA-01,pressure_hpa,1003.0
192,2026-08-09T00:00:00Z,PTA-01,humidity_pct,92
193,2026-08-09T01:00:00Z,PTA-01,temperature_c,27.0
193,2026-08-09T01:00:00Z,PTA-01,pressure_hpa,1002.9
193,2026-08-09T01:00:00Z,PTA-01,humidity_pct,93
194,2026-08-09T02:00:00Z,PTA-01,temperature_c,28.1
194,2026-08-09T02:00:00Z,PTA-01,pressure_hpa,1003.6
194,2026-08-09T02:00:00Z,PTA-01,humidity_pct,91
195,2026-08-09T03:00:00Z,PTA-01,temperature_c,29.0
195,2026-08-09T03:00:00Z,PTA-01,pressure_hpa,1003.8
195,2026-08-09T03:00:00Z,PTA-01,humidity_pct,85
196,2026-08-09T04:00:00Z,PTA-01,temperature_c,29.9
196,2026-08-09T04:00:00Z,PTA-01,pressure_hpa,1004.2
196,2026-08-09T04:00:00Z,PTA-01,humidity_pct,80
197,2026-08-09T05:00:00Z,PTA-01,temperature_c,30.6
197,2026-08-09T05:00:00Z,PTA-01,pressure_hpa,1004.1
197,2026-08-09T05:00:00Z,PTA-01,humidity_pct,78
198,2026-08-09T06:00:00Z,PTA-01,temperature_c,32.1
198,2026-08-09T06:00:00Z,PTA-01,pressure_hpa,1003.4
198,2026-08-09T06:00:00Z,PTA-01,humidity_pct,67
199,2026-08-09T07:00:00Z,PTA-01,temperature_c,32.7
199,2026-08-09T07:00:00Z,PTA-01,pressure_hpa,1002.8
199,2026-08-09T07:00:00Z,PTA-01,humidity_pct,63
200,2026-08-09T08:00:00Z,PTA-01,temperature_c,33.0
200,2026-08-09T08:00:00Z,PTA-01,pressure_hpa,1002.5
200,2026-08-09T08:00:00Z,PTA-01,humidity_pct,62
201,2026-08-09T09:00:00Z,PTA-01,temperature_c,33.0
201,2026-08-09T09:00:00Z,PTA-01,pressure_hpa,1001.3
201,2026-08-09T09:00:00Z,PTA-01,humidity_pct,63
202,2026-08-09T10:00:00Z,PTA-01,temperature_c,33.1
202,2026-08-09T10:00:00Z,PTA-01,pressure_hpa,1000.6
202,2026-08-09T10:00:00Z,PTA-01,humidity_pct,63
203,2026-08-09T11:00:00Z,PTA-01,temperature_c,32.8
203,2026-08-09T11:00:00Z,PTA-01,pressure_hpa,1000.2
203,2026-08-09T11:00:00Z,PTA-01,humidity_pct,65
204,2026-08-09T12:00:00Z,PTA-01,temperature_c,32.7
204,2026-08-09T12:00:00Z,PTA-01,pressure_hpa,999.6
204,2026-08-09T12:00:00Z,PTA-01,humidity_pct,66
205,2026-08-09T13:00:00Z,PTA-01,temperature_c,31.5
205,2026-08-09T13:00:00Z,PTA-01,pressure_hpa,999.7
205,2026-08-09T13:00:00Z,PTA-01,humidity_pct,77
206,2026-08-09T14:00:00Z,PTA-01,temperature_c,30.5
206,2026-08-09T14:00:00Z,PTA-01,pressure_hpa,1000.6
206,2026-08-09T14:00:00Z,PTA-01,humidity_pct,78
207,2026-08-09T15:00:00Z,PTA-01,temperature_c,30.0
207,2026-08-09T15:00:00Z,PTA-01,pressure_hpa,1001.2
207,2026-08-09T15:00:00Z,PTA-01,humidity_pct,79
208,2026-08-09T16:00:00Z,PTA-01,temperature_c,29.4
208,2026-08-09T16:00:00Z,PTA-01,pressure_hpa,1001.9
208,2026-08-09T16:00:00Z,PTA-01,humidity_pct,82
209,2026-08-09T17:00:00Z,PTA-01,temperature_c,28.9
209,2026-08-09T17:00:00Z,PTA-01,pressure_hpa,1002.2
209,2026-08-09T17:00:00Z,PTA-01,humidity_pct,87
210,2026-08-09T18:00:00Z,PTA-01,temperature_c,28.9
210,2026-08-09T18:00:00Z,PTA-01,pressure_hpa,1001.8
210,2026-08-09T18:00:00Z,PTA-01,humidity_pct,87
211,2026-08-09T19:00:00Z,PTA-01,temperature_c,28.2
211,2026-08-09T19:00:00Z,PTA-01,pressure_hpa,1001.7
211,2026-08-09T19:00:00Z,PTA-01,humidity_pct,91
212,2026-08-09T20:00:00Z,PTA-01,temperature_c,27.8
212,2026-08-09T20:00:00Z,PTA-01,pressure_hpa,1001.5
212,2026-08-09T20:00:00Z,PTA-01,humidity_pct,94
213,2026-08-09T21:00:00Z,PTA-01,temperature_c,27.8
213,2026-08-09T21:00:00Z,PTA-01,pressure_hpa,1001.5
213,2026-08-09T21:00:00Z,PTA-01,humidity_pct,93
214,2026-08-09T22:00:00Z,PTA-01,temperature_c,27.7
214,2026-08-09T22:00:00Z,PTA-01,pressure_hpa,1001.1
214,2026-08-09T22:00:00Z,PTA-01,humidity_pct,92
215,2026-08-09T23:00:00Z,PTA-01,temperature_c,27.5
215,2026-08-09T23:00:00Z,PTA-01,pressure_hpa,1001.3
215,2026-08-09T23:00:00Z,PTA-01,humidity_pct,92
216,2026-08-10T00:00:00Z,PTA-01,temperature_c,26.5
216,2026-08-10T00:00:00Z,PTA-01,pressure_hpa,1000.9
216,2026-08-10T00:00:00Z,PTA-01,humidity_pct,93
217,2026-08-10T01:00:00Z,PTA-01,temperature_c,26.7
217,2026-08-10T01:00:00Z,PTA-01,pressure_hpa,1001.6
217,2026-08-10T01:00:00Z,PTA-01,humidity_pct,93
218,2026-08-10T02:00:00Z,PTA-01,temperature_c,27.0
218,2026-08-10T02:00:00Z,PTA-01,pressure_hpa,1002.0
218,2026-08-10T02:00:00Z,PTA-01,humidity_pct,93
219,2026-08-10T03:00:00Z,PTA-01,temperature_c,27.7
219,2026-08-10T03:00:00Z,PTA-01,pressure_hpa,1002.2
219,2026-08-10T03:00:00Z,PTA-01,humidity_pct,89
220,2026-08-10T04:00:00Z,PTA-01,temperature_c,28.2
220,2026-08-10T04:00:00Z,PTA-01,pressure_hpa,1002.7
220,2026-08-10T04:00:00Z,PTA-01,humidity_pct,85
221,2026-08-10T05:00:00Z,PTA-01,temperature_c,29.1
221,2026-08-10T05:00:00Z,PTA-01,pressure_hpa,1002.6
221,2026-08-10T05:00:00Z,PTA-01,humidity_pct,80
222,2026-08-10T06:00:00Z,PTA-01,temperature_c,29.5
222,2026-08-10T06:00:00Z,PTA-01,pressure_hpa,1002.4
222,2026-08-10T06:00:00Z,PTA-01,humidity_pct,78
223,2026-08-10T07:00:00Z,PTA-01,temperature_c,29.5
223,2026-08-10T07:00:00Z,PTA-01,pressure_hpa,1002.2
223,2026-08-10T07:00:00Z,PTA-01,humidity_pct,80
224,2026-08-10T08:00:00Z,PTA-01,temperature_c,30.2
224,2026-08-10T08:00:00Z,PTA-01,pressure_hpa,1001.6
224,2026-08-10T08:00:00Z,PTA-01,humidity_pct,79
225,2026-08-10T09:00:00Z,PTA-01,temperature_c,30.4
225,2026-08-10T09:00:00Z,PTA-01,pressure_hpa,1000.7
225,2026-08-10T09:00:00Z,PTA-01,humidity_pct,77
226,2026-08-10T10:00:00Z,PTA-01,temperature_c,30.8
226,2026-08-10T10:00:00Z,PTA-01,pressure_hpa,1000.3
226,2026-08-10T10:00:00Z,PTA-01,humidity_pct,77
227,2026-08-10T11:00:00Z,PTA-01,temperature_c,29.6
227,2026-08-10T11:00:00Z,PTA-01,pressure_hpa,999.8
227,2026-08-10T11:00:00Z,PTA-01,humidity_pct,82
228,2026-08-10T12:00:00Z,PTA-01,temperature_c,29.0
228,2026-08-10T12:00:00Z,PTA-01,pressure_hpa,999.9
228,2026-08-10T12:00:00Z,PTA-01,humidity_pct,87
229,2026-08-10T13:00:00Z,PTA-01,temperature_c,28.6
229,2026-08-10T13:00:00Z,PTA-01,pressure_hpa,1000.1
229,2026-08-10T13:00:00Z,PTA-01,humidity_pct,89
230,2026-08-10T14:00:00Z,PTA-01,temperature_c,27.9
230,2026-08-10T14:00:00Z,PTA-01,pressure_hpa,1000.7
230,2026-08-10T14:00:00Z,PTA-01,humidity_pct,91
231,2026-08-10T15:00:00Z,PTA-01,temperature_c,27.5
231,2026-08-10T15:00:00Z,PTA-01,pressure_hpa,1001.3
231,2026-08-10T15:00:00Z,PTA-01,humidity_pct,92
232,2026-08-10T16:00:00Z,PTA-01,temperature_c,27.2
232,2026-08-10T16:00:00Z,PTA-01,pressure_hpa,1002.0
232,2026-08-10T16:00:00Z,PTA-01,humidity_pct,93
233,2026-08-10T17:00:00Z,PTA-01,temperature_c,27.0
233,2026-08-10T17:00:00Z,PTA-01,pressure_hpa,1002.2
233,2026-08-10T17:00:00Z,PTA-01,humidity_pct,94
234,2026-08-10T18:00:00Z,PTA-01,temperature_c,27.1
234,2026-08-10T18:00:00Z,PTA-01,pressure_hpa,1001.4
234,2026-08-10T18:00:00Z,PTA-01,humidity_pct,95
235,2026-08-10T19:00:00Z,PTA-01,temperature_c,26.8
235,2026-08-10T19:00:00Z,PTA-01,pressure_hpa,1001.1
235,2026-08-10T19:00:00Z,PTA-01,humidity_pct,96
236,2026-08-10T20:00:00Z,PTA-01,temperature_c,26.8
236,2026-08-10T20:00:00Z,PTA-01,pressure_hpa,1001.0
236,2026-08-10T20:00:00Z,PTA-01,humidity_pct,96
237,2026-08-10T21:00:00Z,PTA-01,temperature_c,26.7
237,2026-08-10T21:00:00Z,PTA-01,pressure_hpa,1001.0
237,2026-08-10T21:00:00Z,PTA-01,humidity_pct,96
238,2026-08-10T22:00:00Z,PTA-01,temperature_c,26.6
238,2026-08-10T22:00:00Z,PTA-01,pressure_hpa,1001.0
238,2026-08-10T22:00:00Z,PTA-01,humidity_pct,96
239,2026-08-10T23:00:00Z,PTA-01,temperature_c,26.4
239,2026-08-10T23:00:00Z,PTA-01,pressure_hpa,1000.7
239,2026-08-10T23:00:00Z,PTA-01,humidity_pct,96
240,2026-08-11T00:00:00Z,PTA-01,temperature_c,27.1
240,2026-08-11T00:00:00Z,PTA-01,pressure_hpa,1001.6
240,2026-08-11T00:00:00Z,PTA-01,humidity_pct,93
241,2026-08-11T01:00:00Z,PTA-01,temperature_c,26.9
241,2026-08-11T01:00:00Z,PTA-01,pressure_hpa,1001.8
241,2026-08-11T01:00:00Z,PTA-01,humidity_pct,92
242,2026-08-11T02:00:00Z,PTA-01,temperature_c,27.6
242,2026-08-11T02:00:00Z,PTA-01,pressure_hpa,1001.9
242,2026-08-11T02:00:00Z,PTA-01,humidity_pct,89
243,2026-08-11T03:00:00Z,PTA-01,temperature_c,28.7
243,2026-08-11T03:00:00Z,PTA-01,pressure_hpa,1002.6
243,2026-08-11T03:00:00Z,PTA-01,humidity_pct,84
244,2026-08-11T04:00:00Z,PTA-01,temperature_c,29.1
244,2026-08-11T04:00:00Z,PTA-01,pressure_hpa,1003.1
244,2026-08-11T04:00:00Z,PTA-01,humidity_pct,84
245,2026-08-11T05:00:00Z,PTA-01,temperature_c,28.9
245,2026-08-11T05:00:00Z,PTA-01,pressure_hpa,1003.0
245,2026-08-11T05:00:00Z,PTA-01,humidity_pct,85
246,2026-08-11T06:00:00Z,PTA-01,temperature_c,29.5
246,2026-08-11T06:00:00Z,PTA-01,pressure_hpa,1003.3
246,2026-08-11T06:00:00Z,PTA-01,humidity_pct,78
247,2026-08-11T07:00:00Z,PTA-01,temperature_c,30.1
247,2026-08-11T07:00:00Z,PTA-01,pressure_hpa,1003.0
247,2026-08-11T07:00:00Z,PTA-01,humidity_pct,79
248,2026-08-11T08:00:00Z,PTA-01,temperature_c,29.4
248,2026-08-11T08:00:00Z,PTA-01,pressure_hpa,1002.2
248,2026-08-11T08:00:00Z,PTA-01,humidity_pct,76
249,2026-08-11T09:00:00Z,PTA-01,temperature_c,28.7
249,2026-08-11T09:00:00Z,PTA-01,pressure_hpa,1001.8
249,2026-08-11T09:00:00Z,PTA-01,humidity_pct,82
250,2026-08-11T10:00:00Z,PTA-01,temperature_c,28.3
250,2026-08-11T10:00:00Z,PTA-01,pressure_hpa,1001.3
250,2026-08-11T10:00:00Z,PTA-01,humidity_pct,84
251,2026-08-11T11:00:00Z,PTA-01,temperature_c,27.8
251,2026-08-11T11:00:00Z,PTA-01,pressure_hpa,1000.1
251,2026-08-11T11:00:00Z,PTA-01,humidity_pct,87
252,2026-08-11T12:00:00Z,PTA-01,temperature_c,28.0
252,2026-08-11T12:00:00Z,PTA-01,pressure_hpa,1000.5
252,2026-08-11T12:00:00Z,PTA-01,humidity_pct,90
253,2026-08-11T13:00:00Z,PTA-01,temperature_c,27.8
253,2026-08-11T13:00:00Z,PTA-01,pressure_hpa,1000.6
253,2026-08-11T13:00:00Z,PTA-01,humidity_pct,92
254,2026-08-11T14:00:00Z,PTA-01,temperature_c,27.4
254,2026-08-11T14:00:00Z,PTA-01,pressure_hpa,1000.5
254,2026-08-11T14:00:00Z,PTA-01,humidity_pct,93
255,2026-08-11T15:00:00Z,PTA-01,temperature_c,27.2
255,2026-08-11T15:00:00Z,PTA-01,pressure_hpa,1001.5
255,2026-08-11T15:00:00Z,PTA-01,humidity_pct,94
256,2026-08-11T16:00:00Z,PTA-01,temperature_c,27.1
256,2026-08-11T16:00:00Z,PTA-01,pressure_hpa,1002.1
256,2026-08-11T16:00:00Z,PTA-01,humidity_pct,95
257,2026-08-11T17:00:00Z,PTA-01,temperature_c,27.0
257,2026-08-11T17:00:00Z,PTA-01,pressure_hpa,1002.5
257,2026-08-11T17:00:00Z,PTA-01,humidity_pct,95
258,2026-08-11T18:00:00Z,PTA-01,temperature_c,27.3
258,2026-08-11T18:00:00Z,PTA-01,pressure_hpa,1002.3
258,2026-08-11T18:00:00Z,PTA-01,humidity_pct,95
259,2026-08-11T19:00:00Z,PTA-01,temperature_c,27.0
259,2026-08-11T19:00:00Z,PTA-01,pressure_hpa,1002.6
259,2026-08-11T19:00:00Z,PTA-01,humidity_pct,97
260,2026-08-11T20:00:00Z,PTA-01,temperature_c,26.8
260,2026-08-11T20:00:00Z,PTA-01,pressure_hpa,1002.7
260,2026-08-11T20:00:00Z,PTA-01,humidity_pct,97
261,2026-08-11T21:00:00Z,PTA-01,temperature_c,26.5
261,2026-08-11T21:00:00Z,PTA-01,pressure_hpa,1002.6
261,2026-08-11T21:00:00Z,PTA-01,humidity_pct,98
262,2026-08-11T22:00:00Z,PTA-01,temperature_c,26.3
262,2026-08-11T22:00:00Z,PTA-01,pressure_hpa,1002.4
262,2026-08-11T22:00:00Z,PTA-01,humidity_pct,98
263,2026-08-11T23:00:00Z,PTA-01,temperature_c,26.1
263,2026-08-11T23:00:00Z,PTA-01,pressure_hpa,1002.5
263,2026-08-11T23:00:00Z,PTA-01,humidity_pct,99
264,2026-08-12T00:00:00Z,PTA-01,temperature_c,26.9
264,2026-08-12T00:00:00Z,PTA-01,pressure_hpa,1002.5
264,2026-08-12T00:00:00Z,PTA-01,humidity_pct,98
265,2026-08-12T01:00:00Z,PTA-01,temperature_c,26.9
265,2026-08-12T01:00:00Z,PTA-01,pressure_hpa,1002.9
265,2026-08-12T01:00:00Z,PTA-01,humidity_pct,99
266,2026-08-12T02:00:00Z,PTA-01,temperature_c,27.9
266,2026-08-12T02:00:00Z,PTA-01,pressure_hpa,1003.1
266,2026-08-12T02:00:00Z,PTA-01,humidity_pct,94
267,2026-08-12T03:00:00Z,PTA-01,temperature_c,29.1
267,2026-08-12T03:00:00Z,PTA-01,pressure_hpa,1003.5
267,2026-08-12T03:00:00Z,PTA-01,humidity_pct,86
268,2026-08-12T04:00:00Z,PTA-01,temperature_c,30.0
268,2026-08-12T04:00:00Z,PTA-01,pressure_hpa,1003.2
268,2026-08-12T04:00:00Z,PTA-01,humidity_pct,82
269,2026-08-12T05:00:00Z,PTA-01,temperature_c,31.2
269,2026-08-12T05:00:00Z,PTA-01,pressure_hpa,1003.0
269,2026-08-12T05:00:00Z,PTA-01,humidity_pct,75
270,2026-08-12T06:00:00Z,PTA-01,temperature_c,32.6
270,2026-08-12T06:00:00Z,PTA-01,pressure_hpa,1002.4
270,2026-08-12T06:00:00Z,PTA-01,humidity_pct,69
271,2026-08-12T07:00:00Z,PTA-01,temperature_c,33.2
271,2026-08-12T07:00:00Z,PTA-01,pressure_hpa,1001.8
271,2026-08-12T07:00:00Z,PTA-01,humidity_pct,67
272,2026-08-12T08:00:00Z,PTA-01,temperature_c,33.6
272,2026-08-12T08:00:00Z,PTA-01,pressure_hpa,1000.9
272,2026-08-12T08:00:00Z,PTA-01,humidity_pct,66
273,2026-08-12T09:00:00Z,PTA-01,temperature_c,33.7
273,2026-08-12T09:00:00Z,PTA-01,pressure_hpa,1000.5
273,2026-08-12T09:00:00Z,PTA-01,humidity_pct,66
274,2026-08-12T10:00:00Z,PTA-01,temperature_c,33.8
274,2026-08-12T10:00:00Z,PTA-01,pressure_hpa,1000.1
274,2026-08-12T10:00:00Z,PTA-01,humidity_pct,65
275,2026-08-12T11:00:00Z,PTA-01,temperature_c,33.5
275,2026-08-12T11:00:00Z,PTA-01,pressure_hpa,999.5
275,2026-08-12T11:00:00Z,PTA-01,humidity_pct,66
276,2026-08-12T12:00:00Z,PTA-01,temperature_c,33.4
276,2026-08-12T12:00:00Z,PTA-01,pressure_hpa,999.4
276,2026-08-12T12:00:00Z,PTA-01,humidity_pct,64
277,2026-08-12T13:00:00Z,PTA-01,temperature_c,32.3
277,2026-08-12T13:00:00Z,PTA-01,pressure_hpa,1000.0
277,2026-08-12T13:00:00Z,PTA-01,humidity_pct,75
278,2026-08-12T14:00:00Z,PTA-01,temperature_c,31.5
278,2026-08-12T14:00:00Z,PTA-01,pressure_hpa,1001.2
278,2026-08-12T14:00:00Z,PTA-01,humidity_pct,79
279,2026-08-12T15:00:00Z,PTA-01,temperature_c,30.7
279,2026-08-12T15:00:00Z,PTA-01,pressure_hpa,1002.0
279,2026-08-12T15:00:00Z,PTA-01,humidity_pct,83
280,2026-08-12T16:00:00Z,PTA-01,temperature_c,30.1
280,2026-08-12T16:00:00Z,PTA-01,pressure_hpa,1003.0
280,2026-08-12T16:00:00Z,PTA-01,humidity_pct,87
281,2026-08-12T17:00:00Z,PTA-01,temperature_c,29.7
281,2026-08-12T17:00:00Z,PTA-01,pressure_hpa,1003.5
281,2026-08-12T17:00:00Z,PTA-01,humidity_pct,88
282,2026-08-12T18:00:00Z,PTA-01,temperature_c,30.3
282,2026-08-12T18:00:00Z,PTA-01,pressure_hpa,1003.2
282,2026-08-12T18:00:00Z,PTA-01,humidity_pct,79
283,2026-08-12T19:00:00Z,PTA-01,temperature_c,29.8
283,2026-08-12T19:00:00Z,PTA-01,pressure_hpa,1003.6
283,2026-08-12T19:00:00Z,PTA-01,humidity_pct,81
284,2026-08-12T20:00:00Z,PTA-01,temperature_c,29.2
284,2026-08-12T20:00:00Z,PTA-01,pressure_hpa,1003.1
284,2026-08-12T20:00:00Z,PTA-01,humidity_pct,84
285,2026-08-12T21:00:00Z,PTA-01,temperature_c,28.6
285,2026-08-12T21:00:00Z,PTA-01,pressure_hpa,1002.7
285,2026-08-12T21:00:00Z,PTA-01,humidity_pct,88
286,2026-08-12T22:00:00Z,PTA-01,temperature_c,28.3
286,2026-08-12T22:00:00Z,PTA-01,pressure_hpa,1002.8
286,2026-08-12T22:00:00Z,PTA-01,humidity_pct,90
287,2026-08-12T23:00:00Z,PTA-01,temperature_c,28.2
287,2026-08-12T23:00:00Z,PTA-01,pressure_hpa,1002.4
287,2026-08-12T23:00:00Z,PTA-01,humidity_pct,91
288,2026-08-13T00:00:00Z,PTA-01,temperature_c,28.6
288,2026-08-13T00:00:00Z,PTA-01,pressure_hpa,1002.1
288,2026-08-13T00:00:00Z,PTA-01,humidity_pct,92
289,2026-08-13T01:00:00Z,PTA-01,temperature_c,28.7
289,2026-08-13T01:00:00Z,PTA-01,pressure_hpa,1002.5
289,2026-08-13T01:00:00Z,PTA-01,humidity_pct,92
290,2026-08-13T02:00:00Z,PTA-01,temperature_c,30.1
290,2026-08-13T02:00:00Z,PTA-01,pressure_hpa,1002.4
290,2026-08-13T02:00:00Z,PTA-01,humidity_pct,87
291,2026-08-13T03:00:00Z,PTA-01,temperature_c,31.5
291,2026-08-13T03:00:00Z,PTA-01,pressure_hpa,1002.4
291,2026-08-13T03:00:00Z,PTA-01,humidity_pct,74
292,2026-08-13T04:00:00Z,PTA-01,temperature_c,32.2
292,2026-08-13T04:00:00Z,PTA-01,pressure_hpa,1002.2
292,2026-08-13T04:00:00Z,PTA-01,humidity_pct,69
293,2026-08-13T05:00:00Z,PTA-01,temperature_c,32.9
293,2026-08-13T05:00:00Z,PTA-01,pressure_hpa,1002.3
293,2026-08-13T05:00:00Z,PTA-01,humidity_pct,66
294,2026-08-13T06:00:00Z,PTA-01,temperature_c,33.8
294,2026-08-13T06:00:00Z,PTA-01,pressure_hpa,1002.7
294,2026-08-13T06:00:00Z,PTA-01,humidity_pct,61
295,2026-08-13T07:00:00Z,PTA-01,temperature_c,34.2
295,2026-08-13T07:00:00Z,PTA-01,pressure_hpa,1002.0
295,2026-08-13T07:00:00Z,PTA-01,humidity_pct,60
296,2026-08-13T08:00:00Z,PTA-01,temperature_c,34.4
296,2026-08-13T08:00:00Z,PTA-01,pressure_hpa,1001.1
296,2026-08-13T08:00:00Z,PTA-01,humidity_pct,59
297,2026-08-13T09:00:00Z,PTA-01,temperature_c,34.6
297,2026-08-13T09:00:00Z,PTA-01,pressure_hpa,1000.5
297,2026-08-13T09:00:00Z,PTA-01,humidity_pct,59
298,2026-08-13T10:00:00Z,PTA-01,temperature_c,34.6
298,2026-08-13T10:00:00Z,PTA-01,pressure_hpa,999.8
298,2026-08-13T10:00:00Z,PTA-01,humidity_pct,58
299,2026-08-13T11:00:00Z,PTA-01,temperature_c,34.1
299,2026-08-13T11:00:00Z,PTA-01,pressure_hpa,999.3
299,2026-08-13T11:00:00Z,PTA-01,humidity_pct,61
300,2026-08-13T12:00:00Z,PTA-01,temperature_c,34.0
300,2026-08-13T12:00:00Z,PTA-01,pressure_hpa,999.1
300,2026-08-13T12:00:00Z,PTA-01,humidity_pct,65
301,2026-08-13T13:00:00Z,PTA-01,temperature_c,32.8
301,2026-08-13T13:00:00Z,PTA-01,pressure_hpa,999.6
301,2026-08-13T13:00:00Z,PTA-01,humidity_pct,75
302,2026-08-13T14:00:00Z,PTA-01,temperature_c,31.8
302,2026-08-13T14:00:00Z,PTA-01,pressure_hpa,1000.1
302,2026-08-13T14:00:00Z,PTA-01,humidity_pct,76
303,2026-08-13T15:00:00Z,PTA-01,temperature_c,31.1
303,2026-08-13T15:00:00Z,PTA-01,pressure_hpa,1000.8
303,2026-08-13T15:00:00Z,PTA-01,humidity_pct,80
304,2026-08-13T16:00:00Z,PTA-01,temperature_c,31.2
304,2026-08-13T16:00:00Z,PTA-01,pressure_hpa,1001.3
304,2026-08-13T16:00:00Z,PTA-01,humidity_pct,79
305,2026-08-13T17:00:00Z,PTA-01,temperature_c,30.2
305,2026-08-13T17:00:00Z,PTA-01,pressure_hpa,1001.6
305,2026-08-13T17:00:00Z,PTA-01,humidity_pct,83
306,2026-08-13T18:00:00Z,PTA-01,temperature_c,30.0
306,2026-08-13T18:00:00Z,PTA-01,pressure_hpa,1001.0
306,2026-08-13T18:00:00Z,PTA-01,humidity_pct,88
307,2026-08-13T19:00:00Z,PTA-01,temperature_c,29.7
307,2026-08-13T19:00:00Z,PTA-01,pressure_hpa,1000.8
307,2026-08-13T19:00:00Z,PTA-01,humidity_pct,90
308,2026-08-13T20:00:00Z,PTA-01,temperature_c,29.5
308,2026-08-13T20:00:00Z,PTA-01,pressure_hpa,1000.6
308,2026-08-13T20:00:00Z,PTA-01,humidity_pct,90
309,2026-08-13T21:00:00Z,PTA-01,temperature_c,29.2
309,2026-08-13T21:00:00Z,PTA-01,pressure_hpa,1000.7
309,2026-08-13T21:00:00Z,PTA-01,humidity_pct,91
310,2026-08-13T22:00:00Z,PTA-01,temperature_c,28.7
310,2026-08-13T22:00:00Z,PTA-01,pressure_hpa,1000.6
310,2026-08-13T22:00:00Z,PTA-01,humidity_pct,92
311,2026-08-13T23:00:00Z,PTA-01,temperature_c,27.8
311,2026-08-13T23:00:00Z,PTA-01,pressure_hpa,1001.0
311,2026-08-13T23:00:00Z,PTA-01,humidity_pct,94
312,2026-08-14T00:00:00Z,PTA-01,temperature_c,28.0
312,2026-08-14T00:00:00Z,PTA-01,pressure_hpa,1000.9
312,2026-08-14T00:00:00Z,PTA-01,humidity_pct,91
313,2026-08-14T01:00:00Z,PTA-01,temperature_c,27.7
313,2026-08-14T01:00:00Z,PTA-01,pressure_hpa,1000.9
313,2026-08-14T01:00:00Z,PTA-01,humidity_pct,91
314,2026-08-14T02:00:00Z,PTA-01,temperature_c,28.6
314,2026-08-14T02:00:00Z,PTA-01,pressure_hpa,1001.3
314,2026-08-14T02:00:00Z,PTA-01,humidity_pct,88
315,2026-08-14T03:00:00Z,PTA-01,temperature_c,29.8
315,2026-08-14T03:00:00Z,PTA-01,pressure_hpa,1001.9
315,2026-08-14T03:00:00Z,PTA-01,humidity_pct,83
316,2026-08-14T04:00:00Z,PTA-01,temperature_c,30.9
316,2026-08-14T04:00:00Z,PTA-01,pressure_hpa,1002.3
316,2026-08-14T04:00:00Z,PTA-01,humidity_pct,79
317,2026-08-14T05:00:00Z,PTA-01,temperature_c,32.2
317,2026-08-14T05:00:00Z,PTA-01,pressure_hpa,1002.7
317,2026-08-14T05:00:00Z,PTA-01,humidity_pct,75
318,2026-08-14T06:00:00Z,PTA-01,temperature_c,30.8
318,2026-08-14T06:00:00Z,PTA-01,pressure_hpa,1003.1
318,2026-08-14T06:00:00Z,PTA-01,humidity_pct,80
319,2026-08-14T07:00:00Z,PTA-01,temperature_c,32.5
319,2026-08-14T07:00:00Z,PTA-01,pressure_hpa,1003.0
319,2026-08-14T07:00:00Z,PTA-01,humidity_pct,73
320,2026-08-14T08:00:00Z,PTA-01,temperature_c,32.7
320,2026-08-14T08:00:00Z,PTA-01,pressure_hpa,1002.5
320,2026-08-14T08:00:00Z,PTA-01,humidity_pct,71
321,2026-08-14T09:00:00Z,PTA-01,temperature_c,32.6
321,2026-08-14T09:00:00Z,PTA-01,pressure_hpa,1002.2
321,2026-08-14T09:00:00Z,PTA-01,humidity_pct,71
322,2026-08-14T10:00:00Z,PTA-01,temperature_c,30.5
322,2026-08-14T10:00:00Z,PTA-01,pressure_hpa,1002.3
322,2026-08-14T10:00:00Z,PTA-01,humidity_pct,79
323,2026-08-14T11:00:00Z,PTA-01,temperature_c,29.8
323,2026-08-14T11:00:00Z,PTA-01,pressure_hpa,1001.7
323,2026-08-14T11:00:00Z,PTA-01,humidity_pct,84
324,2026-08-14T12:00:00Z,PTA-01,temperature_c,29.0
324,2026-08-14T12:00:00Z,PTA-01,pressure_hpa,1002.0
324,2026-08-14T12:00:00Z,PTA-01,humidity_pct,89
325,2026-08-14T13:00:00Z,PTA-01,temperature_c,27.3
325,2026-08-14T13:00:00Z,PTA-01,pressure_hpa,1001.9
325,2026-08-14T13:00:00Z,PTA-01,humidity_pct,97
326,2026-08-14T14:00:00Z,PTA-01,temperature_c,27.1
326,2026-08-14T14:00:00Z,PTA-01,pressure_hpa,1001.6
326,2026-08-14T14:00:00Z,PTA-01,humidity_pct,97
327,2026-08-14T15:00:00Z,PTA-01,temperature_c,27.0
327,2026-08-14T15:00:00Z,PTA-01,pressure_hpa,1002.1
327,2026-08-14T15:00:00Z,PTA-01,humidity_pct,97
328,2026-08-14T16:00:00Z,PTA-01,temperature_c,26.9
328,2026-08-14T16:00:00Z,PTA-01,pressure_hpa,1003.1
328,2026-08-14T16:00:00Z,PTA-01,humidity_pct,97
329,2026-08-14T17:00:00Z,PTA-01,temperature_c,26.7
329,2026-08-14T17:00:00Z,PTA-01,pressure_hpa,1003.3
329,2026-08-14T17:00:00Z,PTA-01,humidity_pct,97
330,2026-08-14T18:00:00Z,PTA-01,temperature_c,27.0
330,2026-08-14T18:00:00Z,PTA-01,pressure_hpa,1003.3
330,2026-08-14T18:00:00Z,PTA-01,humidity_pct,97
331,2026-08-14T19:00:00Z,PTA-01,temperature_c,26.1
331,2026-08-14T19:00:00Z,PTA-01,pressure_hpa,1003.3
331,2026-08-14T19:00:00Z,PTA-01,humidity_pct,100
332,2026-08-14T20:00:00Z,PTA-01,temperature_c,25.6
332,2026-08-14T20:00:00Z,PTA-01,pressure_hpa,1003.3
332,2026-08-14T20:00:00Z,PTA-01,humidity_pct,99
333,2026-08-14T21:00:00Z,PTA-01,temperature_c,25.5
333,2026-08-14T21:00:00Z,PTA-01,pressure_hpa,1002.8
333,2026-08-14T21:00:00Z,PTA-01,humidity_pct,96
334,2026-08-14T22:00:00Z,PTA-01,temperature_c,25.6
334,2026-08-14T22:00:00Z,PTA-01,pressure_hpa,1002.5
334,2026-08-14T22:00:00Z,PTA-01,humidity_pct,97
335,2026-08-14T23:00:00Z,PTA-01,temperature_c,25.7
335,2026-08-14T23:00:00Z,PTA-01,pressure_hpa,1002.6
335,2026-08-14T23:00:00Z,PTA-01,humidity_pct,98
336,2026-08-15T00:00:00Z,PTA-01,temperature_c,26.8
336,2026-08-15T00:00:00Z,PTA-01,pressure_hpa,1002.6
336,2026-08-15T00:00:00Z,PTA-01,humidity_pct,92
337,2026-08-15T01:00:00Z,PTA-01,temperature_c,25.4
337,2026-08-15T01:00:00Z,PTA-01,pressure_hpa,1003.2
337,2026-08-15T01:00:00Z,PTA-01,humidity_pct,99
338,2026-08-15T02:00:00Z,PTA-01,temperature_c,25.5
338,2026-08-15T02:00:00Z,PTA-01,pressure_hpa,1003.6
338,2026-08-15T02:00:00Z,PTA-01,humidity_pct,99
339,2026-08-15T03:00:00Z,PTA-01,temperature_c,25.4
339,2026-08-15T03:00:00Z,PTA-01,pressure_hpa,1004.5
339,2026-08-15T03:00:00Z,PTA-01,humidity_pct,96
340,2026-08-15T04:00:00Z,PTA-01,temperature_c,26.3
340,2026-08-15T04:00:00Z,PTA-01,pressure_hpa,1004.4
340,2026-08-15T04:00:00Z,PTA-01,humidity_pct,94
341,2026-08-15T05:00:00Z,PTA-01,temperature_c,28.9
341,2026-08-15T05:00:00Z,PTA-01,pressure_hpa,1004.4
341,2026-08-15T05:00:00Z,PTA-01,humidity_pct,84
342,2026-08-15T06:00:00Z,PTA-01,temperature_c,30.5
342,2026-08-15T06:00:00Z,PTA-01,pressure_hpa,1004.3
342,2026-08-15T06:00:00Z,PTA-01,humidity_pct,79
343,2026-08-15T07:00:00Z,PTA-01,temperature_c,31.3
343,2026-08-15T07:00:00Z,PTA-01,pressure_hpa,1003.5
343,2026-08-15T07:00:00Z,PTA-01,humidity_pct,75
344,2026-08-15T08:00:00Z,PTA-01,temperature_c,31.9
344,2026-08-15T08:00:00Z,PTA-01,pressure_hpa,1002.5
344,2026-08-15T08:00:00Z,PTA-01,humidity_pct,70
345,2026-08-15T09:00:00Z,PTA-01,temperature_c,32.1
345,2026-08-15T09:00:00Z,PTA-01,pressure_hpa,1001.4
345,2026-08-15T09:00:00Z,PTA-01,humidity_pct,68
346,2026-08-15T10:00:00Z,PTA-01,temperature_c,32.1
346,2026-08-15T10:00:00Z,PTA-01,pressure_hpa,1000.4
346,2026-08-15T10:00:00Z,PTA-01,humidity_pct,68
347,2026-08-15T11:00:00Z,PTA-01,temperature_c,31.9
347,2026-08-15T11:00:00Z,PTA-01,pressure_hpa,999.5
347,2026-08-15T11:00:00Z,PTA-01,humidity_pct,71
348,2026-08-15T12:00:00Z,PTA-01,temperature_c,31.9
348,2026-08-15T12:00:00Z,PTA-01,pressure_hpa,999.1
348,2026-08-15T12:00:00Z,PTA-01,humidity_pct,71
349,2026-08-15T13:00:00Z,PTA-01,temperature_c,30.9
349,2026-08-15T13:00:00Z,PTA-01,pressure_hpa,999.3
349,2026-08-15T13:00:00Z,PTA-01,humidity_pct,80
350,2026-08-15T14:00:00Z,PTA-01,temperature_c,30.0
350,2026-08-15T14:00:00Z,PTA-01,pressure_hpa,1000.0
350,2026-08-15T14:00:00Z,PTA-01,humidity_pct,84
351,2026-08-15T15:00:00Z,PTA-01,temperature_c,29.7
351,2026-08-15T15:00:00Z,PTA-01,pressure_hpa,1000.9
351,2026-08-15T15:00:00Z,PTA-01,humidity_pct,87
352,2026-08-15T16:00:00Z,PTA-01,temperature_c,29.3
352,2026-08-15T16:00:00Z,PTA-01,pressure_hpa,1001.5
352,2026-08-15T16:00:00Z,PTA-01,humidity_pct,89
353,2026-08-15T17:00:00Z,PTA-01,temperature_c,29.0
353,2026-08-15T17:00:00Z,PTA-01,pressure_hpa,1001.7
353,2026-08-15T17:00:00Z,PTA-01,humidity_pct,90
354,2026-08-15T18:00:00Z,PTA-01,temperature_c,28.9
354,2026-08-15T18:00:00Z,PTA-01,pressure_hpa,1001.3
354,2026-08-15T18:00:00Z,PTA-01,humidity_pct,88
355,2026-08-15T19:00:00Z,PTA-01,temperature_c,28.5
355,2026-08-15T19:00:00Z,PTA-01,pressure_hpa,1001.4
355,2026-08-15T19:00:00Z,PTA-01,humidity_pct,89
356,2026-08-15T20:00:00Z,PTA-01,temperature_c,28.2
356,2026-08-15T20:00:00Z,PTA-01,pressure_hpa,1000.7
356,2026-08-15T20:00:00Z,PTA-01,humidity_pct,91
357,2026-08-15T21:00:00Z,PTA-01,temperature_c,28.1
357,2026-08-15T21:00:00Z,PTA-01,pressure_hpa,999.8
357,2026-08-15T21:00:00Z,PTA-01,humidity_pct,91
358,2026-08-15T22:00:00Z,PTA-01,temperature_c,27.8
358,2026-08-15T22:00:00Z,PTA-01,pressure_hpa,999.6
358,2026-08-15T22:00:00Z,PTA-01,humidity_pct,91
359,2026-08-15T23:00:00Z,PTA-01,temperature_c,25.5
359,2026-08-15T23:00:00Z,PTA-01,pressure_hpa,1001.0
359,2026-08-15T23:00:00Z,PTA-01,humidity_pct,95
360,2026-08-16T00:00:00Z,PTA-01,temperature_c,28.0
360,2026-08-16T00:00:00Z,PTA-01,pressure_hpa,999.8
360,2026-08-16T00:00:00Z,PTA-01,humidity_pct,86
361,2026-08-16T01:00:00Z,PTA-01,temperature_c,27.4
361,2026-08-16T01:00:00Z,PTA-01,pressure_hpa,1000.3
361,2026-08-16T01:00:00Z,PTA-01,humidity_pct,90
362,2026-08-16T02:00:00Z,PTA-01,temperature_c,28.5
362,2026-08-16T02:00:00Z,PTA-01,pressure_hpa,1000.6
362,2026-08-16T02:00:00Z,PTA-01,humidity_pct,91
363,2026-08-16T03:00:00Z,PTA-01,temperature_c,29.7
363,2026-08-16T03:00:00Z,PTA-01,pressure_hpa,1001.1
363,2026-08-16T03:00:00Z,PTA-01,humidity_pct,83
364,2026-08-16T04:00:00Z,PTA-01,temperature_c,30.7
364,2026-08-16T04:00:00Z,PTA-01,pressure_hpa,1001.0
364,2026-08-16T04:00:00Z,PTA-01,humidity_pct,77
365,2026-08-16T05:00:00Z,PTA-01,temperature_c,31.9
365,2026-08-16T05:00:00Z,PTA-01,pressure_hpa,1000.9
365,2026-08-16T05:00:00Z,PTA-01,humidity_pct,73
366,2026-08-16T06:00:00Z,PTA-01,temperature_c,32.8
366,2026-08-16T06:00:00Z,PTA-01,pressure_hpa,1001.0
366,2026-08-16T06:00:00Z,PTA-01,humidity_pct,65
367,2026-08-16T07:00:00Z,PTA-01,temperature_c,33.4
367,2026-08-16T07:00:00Z,PTA-01,pressure_hpa,1000.4
367,2026-08-16T07:00:00Z,PTA-01,humidity_pct,62
368,2026-08-16T08:00:00Z,PTA-01,temperature_c,33.6
368,2026-08-16T08:00:00Z,PTA-01,pressure_hpa,1000.1
368,2026-08-16T08:00:00Z,PTA-01,humidity_pct,60
369,2026-08-16T09:00:00Z,PTA-01,temperature_c,33.6
369,2026-08-16T09:00:00Z,PTA-01,pressure_hpa,999.3
369,2026-08-16T09:00:00Z,PTA-01,humidity_pct,60
370,2026-08-16T10:00:00Z,PTA-01,temperature_c,33.5
370,2026-08-16T10:00:00Z,PTA-01,pressure_hpa,998.8
370,2026-08-16T10:00:00Z,PTA-01,humidity_pct,59
371,2026-08-16T11:00:00Z,PTA-01,temperature_c,32.3
371,2026-08-16T11:00:00Z,PTA-01,pressure_hpa,998.8
371,2026-08-16T11:00:00Z,PTA-01,humidity_pct,65
372,2026-08-16T12:00:00Z,PTA-01,temperature_c,31.5
372,2026-08-16T12:00:00Z,PTA-01,pressure_hpa,999.0
372,2026-08-16T12:00:00Z,PTA-01,humidity_pct,76
373,2026-08-16T13:00:00Z,PTA-01,temperature_c,30.5
373,2026-08-16T13:00:00Z,PTA-01,pressure_hpa,999.3
373,2026-08-16T13:00:00Z,PTA-01,humidity_pct,80
374,2026-08-16T14:00:00Z,PTA-01,temperature_c,29.7
374,2026-08-16T14:00:00Z,PTA-01,pressure_hpa,1000.1
374,2026-08-16T14:00:00Z,PTA-01,humidity_pct,82
375,2026-08-16T15:00:00Z,PTA-01,temperature_c,29.3
375,2026-08-16T15:00:00Z,PTA-01,pressure_hpa,1000.8
375,2026-08-16T15:00:00Z,PTA-01,humidity_pct,86
376,2026-08-16T16:00:00Z,PTA-01,temperature_c,29.0
376,2026-08-16T16:00:00Z,PTA-01,pressure_hpa,1001.2
376,2026-08-16T16:00:00Z,PTA-01,humidity_pct,90
377,2026-08-16T17:00:00Z,PTA-01,temperature_c,28.8
377,2026-08-16T17:00:00Z,PTA-01,pressure_hpa,1001.5
377,2026-08-16T17:00:00Z,PTA-01,humidity_pct,92
378,2026-08-16T18:00:00Z,PTA-01,temperature_c,29.4
378,2026-08-16T18:00:00Z,PTA-01,pressure_hpa,1000.9
378,2026-08-16T18:00:00Z,PTA-01,humidity_pct,90
379,2026-08-16T19:00:00Z,PTA-01,temperature_c,29.1
379,2026-08-16T19:00:00Z,PTA-01,pressure_hpa,1000.6
379,2026-08-16T19:00:00Z,PTA-01,humidity_pct,90
380,2026-08-16T20:00:00Z,PTA-01,temperature_c,28.7
380,2026-08-16T20:00:00Z,PTA-01,pressure_hpa,1000.3
380,2026-08-16T20:00:00Z,PTA-01,humidity_pct,90
381,2026-08-16T21:00:00Z,PTA-01,temperature_c,27.7
381,2026-08-16T21:00:00Z,PTA-01,pressure_hpa,1000.2
381,2026-08-16T21:00:00Z,PTA-01,humidity_pct,88
382,2026-08-16T22:00:00Z,PTA-01,temperature_c,25.9
382,2026-08-16T22:00:00Z,PTA-01,pressure_hpa,1000.9
382,2026-08-16T22:00:00Z,PTA-01,humidity_pct,87
383,2026-08-16T23:00:00Z,PTA-01,temperature_c,25.3
383,2026-08-16T23:00:00Z,PTA-01,pressure_hpa,1000.1
383,2026-08-16T23:00:00Z,PTA-01,humidity_pct,94
384,2026-08-17T00:00:00Z,PTA-01,temperature_c,26.4
384,2026-08-17T00:00:00Z,PTA-01,pressure_hpa,1000.7
384,2026-08-17T00:00:00Z,PTA-01,humidity_pct,92
385,2026-08-17T01:00:00Z,PTA-01,temperature_c,25.7
385,2026-08-17T01:00:00Z,PTA-01,pressure_hpa,1001.6
385,2026-08-17T01:00:00Z,PTA-01,humidity_pct,94
386,2026-08-17T02:00:00Z,PTA-01,temperature_c,25.9
386,2026-08-17T02:00:00Z,PTA-01,pressure_hpa,1001.9
386,2026-08-17T02:00:00Z,PTA-01,humidity_pct,94
387,2026-08-17T03:00:00Z,PTA-01,temperature_c,27.1
387,2026-08-17T03:00:00Z,PTA-01,pressure_hpa,1002.1
387,2026-08-17T03:00:00Z,PTA-01,humidity_pct,90
388,2026-08-17T04:00:00Z,PTA-01,temperature_c,28.7
388,2026-08-17T04:00:00Z,PTA-01,pressure_hpa,1002.1
388,2026-08-17T04:00:00Z,PTA-01,humidity_pct,83
389,2026-08-17T05:00:00Z,PTA-01,temperature_c,30.1
389,2026-08-17T05:00:00Z,PTA-01,pressure_hpa,1002.2
389,2026-08-17T05:00:00Z,PTA-01,humidity_pct,79
390,2026-08-17T06:00:00Z,PTA-01,temperature_c,31.6
390,2026-08-17T06:00:00Z,PTA-01,pressure_hpa,1002.0
390,2026-08-17T06:00:00Z,PTA-01,humidity_pct,71
391,2026-08-17T07:00:00Z,PTA-01,temperature_c,32.4
391,2026-08-17T07:00:00Z,PTA-01,pressure_hpa,1001.5
391,2026-08-17T07:00:00Z,PTA-01,humidity_pct,67
392,2026-08-17T08:00:00Z,PTA-01,temperature_c,32.9
392,2026-08-17T08:00:00Z,PTA-01,pressure_hpa,1000.9
392,2026-08-17T08:00:00Z,PTA-01,humidity_pct,64
393,2026-08-17T09:00:00Z,PTA-01,temperature_c,32.2
393,2026-08-17T09:00:00Z,PTA-01,pressure_hpa,1000.5
393,2026-08-17T09:00:00Z,PTA-01,humidity_pct,66
394,2026-08-17T10:00:00Z,PTA-01,temperature_c,32.5
394,2026-08-17T10:00:00Z,PTA-01,pressure_hpa,999.9
394,2026-08-17T10:00:00Z,PTA-01,humidity_pct,67
395,2026-08-17T11:00:00Z,PTA-01,temperature_c,32.2
395,2026-08-17T11:00:00Z,PTA-01,pressure_hpa,999.2
395,2026-08-17T11:00:00Z,PTA-01,humidity_pct,71
396,2026-08-17T12:00:00Z,PTA-01,temperature_c,32.7
396,2026-08-17T12:00:00Z,PTA-01,pressure_hpa,999.4
396,2026-08-17T12:00:00Z,PTA-01,humidity_pct,68
397,2026-08-17T13:00:00Z,PTA-01,temperature_c,31.2
397,2026-08-17T13:00:00Z,PTA-01,pressure_hpa,999.8
397,2026-08-17T13:00:00Z,PTA-01,humidity_pct,77
398,2026-08-17T14:00:00Z,PTA-01,temperature_c,30.4
398,2026-08-17T14:00:00Z,PTA-01,pressure_hpa,1000.5
398,2026-08-17T14:00:00Z,PTA-01,humidity_pct,80
399,2026-08-17T15:00:00Z,PTA-01,temperature_c,29.4
399,2026-08-17T15:00:00Z,PTA-01,pressure_hpa,1001.4
399,2026-08-17T15:00:00Z,PTA-01,humidity_pct,84
400,2026-08-17T16:00:00Z,PTA-01,temperature_c,28.6
400,2026-08-17T16:00:00Z,PTA-01,pressure_hpa,1002.1
400,2026-08-17T16:00:00Z,PTA-01,humidity_pct,88
401,2026-08-17T17:00:00Z,PTA-01,temperature_c,27.7
401,2026-08-17T17:00:00Z,PTA-01,pressure_hpa,1002.9
401,2026-08-17T17:00:00Z,PTA-01,humidity_pct,90
402,2026-08-17T18:00:00Z,PTA-01,temperature_c,27.3
402,2026-08-17T18:00:00Z,PTA-01,pressure_hpa,1002.6
402,2026-08-17T18:00:00Z,PTA-01,humidity_pct,91
403,2026-08-17T19:00:00Z,PTA-01,temperature_c,27.0
403,2026-08-17T19:00:00Z,PTA-01,pressure_hpa,1002.2
403,2026-08-17T19:00:00Z,PTA-01,humidity_pct,92
404,2026-08-17T20:00:00Z,PTA-01,temperature_c,26.7
404,2026-08-17T20:00:00Z,PTA-01,pressure_hpa,1002.1
404,2026-08-17T20:00:00Z,PTA-01,humidity_pct,93
405,2026-08-17T21:00:00Z,PTA-01,temperature_c,26.5
405,2026-08-17T21:00:00Z,PTA-01,pressure_hpa,1001.7
405,2026-08-17T21:00:00Z,PTA-01,humidity_pct,95
406,2026-08-17T22:00:00Z,PTA-01,temperature_c,26.6
406,2026-08-17T22:00:00Z,PTA-01,pressure_hpa,1001.7
406,2026-08-17T22:00:00Z,PTA-01,humidity_pct,93
407,2026-08-17T23:00:00Z,PTA-01,temperature_c,26.4
407,2026-08-17T23:00:00Z,PTA-01,pressure_hpa,1001.7
407,2026-08-17T23:00:00Z,PTA-01,humidity_pct,92
408,2026-08-18T00:00:00Z,PTA-01,temperature_c,27.1
408,2026-08-18T00:00:00Z,PTA-01,pressure_hpa,1001.6
408,2026-08-18T00:00:00Z,PTA-01,humidity_pct,87
409,2026-08-18T01:00:00Z,PTA-01,temperature_c,26.7
409,2026-08-18T01:00:00Z,PTA-01,pressure_hpa,1002.3
409,2026-08-18T01:00:00Z,PTA-01,humidity_pct,89
410,2026-08-18T02:00:00Z,PTA-01,temperature_c,27.5
410,2026-08-18T02:00:00Z,PTA-01,pressure_hpa,1002.6
410,2026-08-18T02:00:00Z,PTA-01,humidity_pct,87
411,2026-08-18T03:00:00Z,PTA-01,temperature_c,28.7
411,2026-08-18T03:00:00Z,PTA-01,pressure_hpa,1002.8
411,2026-08-18T03:00:00Z,PTA-01,humidity_pct,81
412,2026-08-18T04:00:00Z,PTA-01,temperature_c,30.2
412,2026-08-18T04:00:00Z,PTA-01,pressure_hpa,1003.0
412,2026-08-18T04:00:00Z,PTA-01,humidity_pct,75
413,2026-08-18T05:00:00Z,PTA-01,temperature_c,31.4
413,2026-08-18T05:00:00Z,PTA-01,pressure_hpa,1003.0
413,2026-08-18T05:00:00Z,PTA-01,humidity_pct,71
414,2026-08-18T06:00:00Z,PTA-01,temperature_c,32.6
414,2026-08-18T06:00:00Z,PTA-01,pressure_hpa,1003.4
414,2026-08-18T06:00:00Z,PTA-01,humidity_pct,64
415,2026-08-18T07:00:00Z,PTA-01,temperature_c,32.5
415,2026-08-18T07:00:00Z,PTA-01,pressure_hpa,1003.0
415,2026-08-18T07:00:00Z,PTA-01,humidity_pct,66
416,2026-08-18T08:00:00Z,PTA-01,temperature_c,33.0
416,2026-08-18T08:00:00Z,PTA-01,pressure_hpa,1002.5
416,2026-08-18T08:00:00Z,PTA-01,humidity_pct,69
417,2026-08-18T09:00:00Z,PTA-01,temperature_c,33.2
417,2026-08-18T09:00:00Z,PTA-01,pressure_hpa,1001.8
417,2026-08-18T09:00:00Z,PTA-01,humidity_pct,69
418,2026-08-18T10:00:00Z,PTA-01,temperature_c,30.3
418,2026-08-18T10:00:00Z,PTA-01,pressure_hpa,1001.4
418,2026-08-18T10:00:00Z,PTA-01,humidity_pct,73
419,2026-08-18T11:00:00Z,PTA-01,temperature_c,28.3
419,2026-08-18T11:00:00Z,PTA-01,pressure_hpa,1001.6
419,2026-08-18T11:00:00Z,PTA-01,humidity_pct,84
420,2026-08-18T12:00:00Z,PTA-01,temperature_c,31.3
420,2026-08-18T12:00:00Z,PTA-01,pressure_hpa,1001.4
420,2026-08-18T12:00:00Z,PTA-01,humidity_pct,73
421,2026-08-18T13:00:00Z,PTA-01,temperature_c,30.6
421,2026-08-18T13:00:00Z,PTA-01,pressure_hpa,1001.8
421,2026-08-18T13:00:00Z,PTA-01,humidity_pct,80
422,2026-08-18T14:00:00Z,PTA-01,temperature_c,29.0
422,2026-08-18T14:00:00Z,PTA-01,pressure_hpa,1002.7
422,2026-08-18T14:00:00Z,PTA-01,humidity_pct,86
423,2026-08-18T15:00:00Z,PTA-01,temperature_c,28.2
423,2026-08-18T15:00:00Z,PTA-01,pressure_hpa,1003.4
423,2026-08-18T15:00:00Z,PTA-01,humidity_pct,88
424,2026-08-18T16:00:00Z,PTA-01,temperature_c,27.6
424,2026-08-18T16:00:00Z,PTA-01,pressure_hpa,1004.0
424,2026-08-18T16:00:00Z,PTA-01,humidity_pct,92
425,2026-08-18T17:00:00Z,PTA-01,temperature_c,27.4
425,2026-08-18T17:00:00Z,PTA-01,pressure_hpa,1004.0
425,2026-08-18T17:00:00Z,PTA-01,humidity_pct,93
426,2026-08-18T18:00:00Z,PTA-01,temperature_c,27.1
426,2026-08-18T18:00:00Z,PTA-01,pressure_hpa,1004.0
426,2026-08-18T18:00:00Z,PTA-01,humidity_pct,97
427,2026-08-18T19:00:00Z,PTA-01,temperature_c,26.7
427,2026-08-18T19:00:00Z,PTA-01,pressure_hpa,1003.4
427,2026-08-18T19:00:00Z,PTA-01,humidity_pct,96
428,2026-08-18T20:00:00Z,PTA-01,temperature_c,26.6
428,2026-08-18T20:00:00Z,PTA-01,pressure_hpa,1003.4
428,2026-08-18T20:00:00Z,PTA-01,humidity_pct,96
429,2026-08-18T21:00:00Z,PTA-01,temperature_c,26.4
429,2026-08-18T21:00:00Z,PTA-01,pressure_hpa,1003.4
429,2026-08-18T21:00:00Z,PTA-01,humidity_pct,98
430,2026-08-18T22:00:00Z,PTA-01,temperature_c,26.3
430,2026-08-18T22:00:00Z,PTA-01,pressure_hpa,1003.1
430,2026-08-18T22:00:00Z,PTA-01,humidity_pct,99
431,2026-08-18T23:00:00Z,PTA-01,temperature_c,26.0
431,2026-08-18T23:00:00Z,PTA-01,pressure_hpa,1003.5
431,2026-08-18T23:00:00Z,PTA-01,humidity_pct,95
432,2026-08-19T00:00:00Z,PTA-01,temperature_c,26.9
432,2026-08-19T00:00:00Z,PTA-01,pressure_hpa,1002.7
432,2026-08-19T00:00:00Z,PTA-01,humidity_pct,99
433,2026-08-19T01:00:00Z,PTA-01,temperature_c,26.7
433,2026-08-19T01:00:00Z,PTA-01,pressure_hpa,1003.4
433,2026-08-19T01:00:00Z,PTA-01,humidity_pct,99
434,2026-08-19T02:00:00Z,PTA-01,temperature_c,26.9
434,2026-08-19T02:00:00Z,PTA-01,pressure_hpa,1004.1
434,2026-08-19T02:00:00Z,PTA-01,humidity_pct,97
435,2026-08-19T03:00:00Z,PTA-01,temperature_c,27.9
435,2026-08-19T03:00:00Z,PTA-01,pressure_hpa,1004.3
435,2026-08-19T03:00:00Z,PTA-01,humidity_pct,89
436,2026-08-19T04:00:00Z,PTA-01,temperature_c,29.5
436,2026-08-19T04:00:00Z,PTA-01,pressure_hpa,1004.5
436,2026-08-19T04:00:00Z,PTA-01,humidity_pct,81
437,2026-08-19T05:00:00Z,PTA-01,temperature_c,30.7
437,2026-08-19T05:00:00Z,PTA-01,pressure_hpa,1004.4
437,2026-08-19T05:00:00Z,PTA-01,humidity_pct,77
438,2026-08-19T06:00:00Z,PTA-01,temperature_c,30.8
438,2026-08-19T06:00:00Z,PTA-01,pressure_hpa,1004.7
438,2026-08-19T06:00:00Z,PTA-01,humidity_pct,78
439,2026-08-19T07:00:00Z,PTA-01,temperature_c,31.7
439,2026-08-19T07:00:00Z,PTA-01,pressure_hpa,1003.7
439,2026-08-19T07:00:00Z,PTA-01,humidity_pct,72
440,2026-08-19T08:00:00Z,PTA-01,temperature_c,32.6
440,2026-08-19T08:00:00Z,PTA-01,pressure_hpa,1003.2
440,2026-08-19T08:00:00Z,PTA-01,humidity_pct,66
441,2026-08-19T09:00:00Z,PTA-01,temperature_c,32.6
441,2026-08-19T09:00:00Z,PTA-01,pressure_hpa,1002.5
441,2026-08-19T09:00:00Z,PTA-01,humidity_pct,66
442,2026-08-19T10:00:00Z,PTA-01,temperature_c,32.7
442,2026-08-19T10:00:00Z,PTA-01,pressure_hpa,1002.0
442,2026-08-19T10:00:00Z,PTA-01,humidity_pct,67
443,2026-08-19T11:00:00Z,PTA-01,temperature_c,32.5
443,2026-08-19T11:00:00Z,PTA-01,pressure_hpa,1001.7
443,2026-08-19T11:00:00Z,PTA-01,humidity_pct,66
444,2026-08-19T12:00:00Z,PTA-01,temperature_c,32.2
444,2026-08-19T12:00:00Z,PTA-01,pressure_hpa,1002.3
444,2026-08-19T12:00:00Z,PTA-01,humidity_pct,66
445,2026-08-19T13:00:00Z,PTA-01,temperature_c,31.3
445,2026-08-19T13:00:00Z,PTA-01,pressure_hpa,1002.3
445,2026-08-19T13:00:00Z,PTA-01,humidity_pct,75
446,2026-08-19T14:00:00Z,PTA-01,temperature_c,30.1
446,2026-08-19T14:00:00Z,PTA-01,pressure_hpa,1003.0
446,2026-08-19T14:00:00Z,PTA-01,humidity_pct,80
447,2026-08-19T15:00:00Z,PTA-01,temperature_c,29.4
447,2026-08-19T15:00:00Z,PTA-01,pressure_hpa,1003.7
447,2026-08-19T15:00:00Z,PTA-01,humidity_pct,84
448,2026-08-19T16:00:00Z,PTA-01,temperature_c,29.0
448,2026-08-19T16:00:00Z,PTA-01,pressure_hpa,1004.3
448,2026-08-19T16:00:00Z,PTA-01,humidity_pct,86
449,2026-08-19T17:00:00Z,PTA-01,temperature_c,28.8
449,2026-08-19T17:00:00Z,PTA-01,pressure_hpa,1004.3
449,2026-08-19T17:00:00Z,PTA-01,humidity_pct,88
450,2026-08-19T18:00:00Z,PTA-01,temperature_c,29.3
450,2026-08-19T18:00:00Z,PTA-01,pressure_hpa,1004.3
450,2026-08-19T18:00:00Z,PTA-01,humidity_pct,91
451,2026-08-19T19:00:00Z,PTA-01,temperature_c,27.2
451,2026-08-19T19:00:00Z,PTA-01,pressure_hpa,1004.3
451,2026-08-19T19:00:00Z,PTA-01,humidity_pct,93
452,2026-08-19T20:00:00Z,PTA-01,temperature_c,26.2
452,2026-08-19T20:00:00Z,PTA-01,pressure_hpa,1004.4
452,2026-08-19T20:00:00Z,PTA-01,humidity_pct,94
453,2026-08-19T21:00:00Z,PTA-01,temperature_c,26.3
453,2026-08-19T21:00:00Z,PTA-01,pressure_hpa,1004.0
453,2026-08-19T21:00:00Z,PTA-01,humidity_pct,92
454,2026-08-19T22:00:00Z,PTA-01,temperature_c,26.2
454,2026-08-19T22:00:00Z,PTA-01,pressure_hpa,1003.7
454,2026-08-19T22:00:00Z,PTA-01,humidity_pct,94
455,2026-08-19T23:00:00Z,PTA-01,temperature_c,26.0
455,2026-08-19T23:00:00Z,PTA-01,pressure_hpa,1003.8
455,2026-08-19T23:00:00Z,PTA-01,humidity_pct,95
456,2026-08-20T00:00:00Z,PTA-01,temperature_c,26.3
456,2026-08-20T00:00:00Z,PTA-01,pressure_hpa,1003.8
456,2026-08-20T00:00:00Z,PTA-01,humidity_pct,97
457,2026-08-20T01:00:00Z,PTA-01,temperature_c,26.4
457,2026-08-20T01:00:00Z,PTA-01,pressure_hpa,1004.3
457,2026-08-20T01:00:00Z,PTA-01,humidity_pct,95
458,2026-08-20T02:00:00Z,PTA-01,temperature_c,27.2
458,2026-08-20T02:00:00Z,PTA-01,pressure_hpa,1004.9
458,2026-08-20T02:00:00Z,PTA-01,humidity_pct,92
459,2026-08-20T03:00:00Z,PTA-01,temperature_c,28.0
459,2026-08-20T03:00:00Z,PTA-01,pressure_hpa,1005.1
459,2026-08-20T03:00:00Z,PTA-01,humidity_pct,87
460,2026-08-20T04:00:00Z,PTA-01,temperature_c,29.6
460,2026-08-20T04:00:00Z,PTA-01,pressure_hpa,1005.1
460,2026-08-20T04:00:00Z,PTA-01,humidity_pct,81
461,2026-08-20T05:00:00Z,PTA-01,temperature_c,31.0
461,2026-08-20T05:00:00Z,PTA-01,pressure_hpa,1005.3
461,2026-08-20T05:00:00Z,PTA-01,humidity_pct,77
462,2026-08-20T06:00:00Z,PTA-01,temperature_c,32.5
462,2026-08-20T06:00:00Z,PTA-01,pressure_hpa,1004.9
462,2026-08-20T06:00:00Z,PTA-01,humidity_pct,67
463,2026-08-20T07:00:00Z,PTA-01,temperature_c,33.1
463,2026-08-20T07:00:00Z,PTA-01,pressure_hpa,1004.2
463,2026-08-20T07:00:00Z,PTA-01,humidity_pct,66
464,2026-08-20T08:00:00Z,PTA-01,temperature_c,33.2
464,2026-08-20T08:00:00Z,PTA-01,pressure_hpa,1003.9
464,2026-08-20T08:00:00Z,PTA-01,humidity_pct,66
465,2026-08-20T09:00:00Z,PTA-01,temperature_c,33.5
465,2026-08-20T09:00:00Z,PTA-01,pressure_hpa,1002.7
465,2026-08-20T09:00:00Z,PTA-01,humidity_pct,64
466,2026-08-20T10:00:00Z,PTA-01,temperature_c,33.4
466,2026-08-20T10:00:00Z,PTA-01,pressure_hpa,1001.8
466,2026-08-20T10:00:00Z,PTA-01,humidity_pct,61
467,2026-08-20T11:00:00Z,PTA-01,temperature_c,32.9
467,2026-08-20T11:00:00Z,PTA-01,pressure_hpa,1001.4
467,2026-08-20T11:00:00Z,PTA-01,humidity_pct,63
468,2026-08-20T12:00:00Z,PTA-01,temperature_c,31.7
468,2026-08-20T12:00:00Z,PTA-01,pressure_hpa,1001.8
468,2026-08-20T12:00:00Z,PTA-01,humidity_pct,73
469,2026-08-20T13:00:00Z,PTA-01,temperature_c,30.2
469,2026-08-20T13:00:00Z,PTA-01,pressure_hpa,1002.3
469,2026-08-20T13:00:00Z,PTA-01,humidity_pct,79
470,2026-08-20T14:00:00Z,PTA-01,temperature_c,29.2
470,2026-08-20T14:00:00Z,PTA-01,pressure_hpa,1002.3
470,2026-08-20T14:00:00Z,PTA-01,humidity_pct,82
471,2026-08-20T15:00:00Z,PTA-01,temperature_c,28.8
471,2026-08-20T15:00:00Z,PTA-01,pressure_hpa,1002.9
471,2026-08-20T15:00:00Z,PTA-01,humidity_pct,85
472,2026-08-20T16:00:00Z,PTA-01,temperature_c,28.5
472,2026-08-20T16:00:00Z,PTA-01,pressure_hpa,1003.5
472,2026-08-20T16:00:00Z,PTA-01,humidity_pct,88
473,2026-08-20T17:00:00Z,PTA-01,temperature_c,28.2
473,2026-08-20T17:00:00Z,PTA-01,pressure_hpa,1003.6
473,2026-08-20T17:00:00Z,PTA-01,humidity_pct,92
474,2026-08-20T18:00:00Z,PTA-01,temperature_c,28.8
474,2026-08-20T18:00:00Z,PTA-01,pressure_hpa,1003.1
474,2026-08-20T18:00:00Z,PTA-01,humidity_pct,93
475,2026-08-20T19:00:00Z,PTA-01,temperature_c,28.3
475,2026-08-20T19:00:00Z,PTA-01,pressure_hpa,1003.2
475,2026-08-20T19:00:00Z,PTA-01,humidity_pct,91
476,2026-08-20T20:00:00Z,PTA-01,temperature_c,27.5
476,2026-08-20T20:00:00Z,PTA-01,pressure_hpa,1002.9
476,2026-08-20T20:00:00Z,PTA-01,humidity_pct,90
477,2026-08-20T21:00:00Z,PTA-01,temperature_c,27.1
477,2026-08-20T21:00:00Z,PTA-01,pressure_hpa,1002.5
477,2026-08-20T21:00:00Z,PTA-01,humidity_pct,90
478,2026-08-20T22:00:00Z,PTA-01,temperature_c,27.1
478,2026-08-20T22:00:00Z,PTA-01,pressure_hpa,1002.3
478,2026-08-20T22:00:00Z,PTA-01,humidity_pct,92
479,2026-08-20T23:00:00Z,PTA-01,temperature_c,26.3
479,2026-08-20T23:00:00Z,PTA-01,pressure_hpa,1002.6
479,2026-08-20T23:00:00Z,PTA-01,humidity_pct,95
480,2026-08-21T00:00:00Z,PTA-01,temperature_c,27.7
480,2026-08-21T00:00:00Z,PTA-01,pressure_hpa,1002.2
480,2026-08-21T00:00:00Z,PTA-01,humidity_pct,96
481,2026-08-21T01:00:00Z,PTA-01,temperature_c,27.4
481,2026-08-21T01:00:00Z,PTA-01,pressure_hpa,1002.6
481,2026-08-21T01:00:00Z,PTA-01,humidity_pct,98
482,2026-08-21T02:00:00Z,PTA-01,temperature_c,28.4
482,2026-08-21T02:00:00Z,PTA-01,pressure_hpa,1003.3
482,2026-08-21T02:00:00Z,PTA-01,humidity_pct,93
483,2026-08-21T03:00:00Z,PTA-01,temperature_c,27.7
483,2026-08-21T03:00:00Z,PTA-01,pressure_hpa,1004.1
483,2026-08-21T03:00:00Z,PTA-01,humidity_pct,91
484,2026-08-21T04:00:00Z,PTA-01,temperature_c,28.7
484,2026-08-21T04:00:00Z,PTA-01,pressure_hpa,1004.1
484,2026-08-21T04:00:00Z,PTA-01,humidity_pct,85
485,2026-08-21T05:00:00Z,PTA-01,temperature_c,30.2
485,2026-08-21T05:00:00Z,PTA-01,pressure_hpa,1004.1
485,2026-08-21T05:00:00Z,PTA-01,humidity_pct,78
486,2026-08-21T06:00:00Z,PTA-01,temperature_c,29.9
486,2026-08-21T06:00:00Z,PTA-01,pressure_hpa,1004.6
486,2026-08-21T06:00:00Z,PTA-01,humidity_pct,78
487,2026-08-21T07:00:00Z,PTA-01,temperature_c,31.2
487,2026-08-21T07:00:00Z,PTA-01,pressure_hpa,1003.7
487,2026-08-21T07:00:00Z,PTA-01,humidity_pct,73
488,2026-08-21T08:00:00Z,PTA-01,temperature_c,32.0
488,2026-08-21T08:00:00Z,PTA-01,pressure_hpa,1002.6
488,2026-08-21T08:00:00Z,PTA-01,humidity_pct,70
489,2026-08-21T09:00:00Z,PTA-01,temperature_c,31.9
489,2026-08-21T09:00:00Z,PTA-01,pressure_hpa,1001.8
489,2026-08-21T09:00:00Z,PTA-01,humidity_pct,73
490,2026-08-21T10:00:00Z,PTA-01,temperature_c,32.0
490,2026-08-21T10:00:00Z,PTA-01,pressure_hpa,1000.8
490,2026-08-21T10:00:00Z,PTA-01,humidity_pct,73
491,2026-08-21T11:00:00Z,PTA-01,temperature_c,30.9
491,2026-08-21T11:00:00Z,PTA-01,pressure_hpa,1000.1
491,2026-08-21T11:00:00Z,PTA-01,humidity_pct,75
492,2026-08-21T12:00:00Z,PTA-01,temperature_c,30.7
492,2026-08-21T12:00:00Z,PTA-01,pressure_hpa,1000.2
492,2026-08-21T12:00:00Z,PTA-01,humidity_pct,77
493,2026-08-21T13:00:00Z,PTA-01,temperature_c,29.9
493,2026-08-21T13:00:00Z,PTA-01,pressure_hpa,1000.5
493,2026-08-21T13:00:00Z,PTA-01,humidity_pct,84
494,2026-08-21T14:00:00Z,PTA-01,temperature_c,29.3
494,2026-08-21T14:00:00Z,PTA-01,pressure_hpa,1000.8
494,2026-08-21T14:00:00Z,PTA-01,humidity_pct,87
495,2026-08-21T15:00:00Z,PTA-01,temperature_c,29.1
495,2026-08-21T15:00:00Z,PTA-01,pressure_hpa,1001.5
495,2026-08-21T15:00:00Z,PTA-01,humidity_pct,89
496,2026-08-21T16:00:00Z,PTA-01,temperature_c,28.9
496,2026-08-21T16:00:00Z,PTA-01,pressure_hpa,1001.9
496,2026-08-21T16:00:00Z,PTA-01,humidity_pct,90
497,2026-08-21T17:00:00Z,PTA-01,temperature_c,28.6
497,2026-08-21T17:00:00Z,PTA-01,pressure_hpa,1002.0
497,2026-08-21T17:00:00Z,PTA-01,humidity_pct,90
498,2026-08-21T18:00:00Z,PTA-01,temperature_c,28.6
498,2026-08-21T18:00:00Z,PTA-01,pressure_hpa,1001.6
498,2026-08-21T18:00:00Z,PTA-01,humidity_pct,93
499,2026-08-21T19:00:00Z,PTA-01,temperature_c,28.2
499,2026-08-21T19:00:00Z,PTA-01,pressure_hpa,1001.7
499,2026-08-21T19:00:00Z,PTA-01,humidity_pct,92
500,2026-08-21T20:00:00Z,PTA-01,temperature_c,27.7
500,2026-08-21T20:00:00Z,PTA-01,pressure_hpa,1001.3
500,2026-08-21T20:00:00Z,PTA-01,humidity_pct,92
501,2026-08-21T21:00:00Z,PTA-01,temperature_c,27.5
501,2026-08-21T21:00:00Z,PTA-01,pressure_hpa,1001.3
501,2026-08-21T21:00:00Z,PTA-01,humidity_pct,93
502,2026-08-21T22:00:00Z,PTA-01,temperature_c,27.4
502,2026-08-21T22:00:00Z,PTA-01,pressure_hpa,1001.1
502,2026-08-21T22:00:00Z,PTA-01,humidity_pct,94
503,2026-08-21T23:00:00Z,PTA-01,temperature_c,26.9
503,2026-08-21T23:00:00Z,PTA-01,pressure_hpa,1001.4
503,2026-08-21T23:00:00Z,PTA-01,humidity_pct,97
504,2026-08-22T00:00:00Z,PTA-01,temperature_c,26.4
504,2026-08-22T00:00:00Z,PTA-01,pressure_hpa,1002.2
504,2026-08-22T00:00:00Z,PTA-01,humidity_pct,90
505,2026-08-22T01:00:00Z,PTA-01,temperature_c,25.4
505,2026-08-22T01:00:00Z,PTA-01,pressure_hpa,1003.1
505,2026-08-22T01:00:00Z,PTA-01,humidity_pct,88
506,2026-08-22T02:00:00Z,PTA-01,temperature_c,26.4
506,2026-08-22T02:00:00Z,PTA-01,pressure_hpa,1003.1
506,2026-08-22T02:00:00Z,PTA-01,humidity_pct,85
507,2026-08-22T03:00:00Z,PTA-01,temperature_c,28.4
507,2026-08-22T03:00:00Z,PTA-01,pressure_hpa,1003.1
507,2026-08-22T03:00:00Z,PTA-01,humidity_pct,78
508,2026-08-22T04:00:00Z,PTA-01,temperature_c,30.3
508,2026-08-22T04:00:00Z,PTA-01,pressure_hpa,1003.1
508,2026-08-22T04:00:00Z,PTA-01,humidity_pct,73
509,2026-08-22T05:00:00Z,PTA-01,temperature_c,32.0
509,2026-08-22T05:00:00Z,PTA-01,pressure_hpa,1003.2
509,2026-08-22T05:00:00Z,PTA-01,humidity_pct,66
510,2026-08-22T06:00:00Z,PTA-01,temperature_c,32.8
510,2026-08-22T06:00:00Z,PTA-01,pressure_hpa,1003.4
510,2026-08-22T06:00:00Z,PTA-01,humidity_pct,63
511,2026-08-22T07:00:00Z,PTA-01,temperature_c,32.8
511,2026-08-22T07:00:00Z,PTA-01,pressure_hpa,1002.7
511,2026-08-22T07:00:00Z,PTA-01,humidity_pct,65
512,2026-08-22T08:00:00Z,PTA-01,temperature_c,33.1
512,2026-08-22T08:00:00Z,PTA-01,pressure_hpa,1002.2
512,2026-08-22T08:00:00Z,PTA-01,humidity_pct,64
513,2026-08-22T09:00:00Z,PTA-01,temperature_c,33.3
513,2026-08-22T09:00:00Z,PTA-01,pressure_hpa,1001.1
513,2026-08-22T09:00:00Z,PTA-01,humidity_pct,64
514,2026-08-22T10:00:00Z,PTA-01,temperature_c,33.1
514,2026-08-22T10:00:00Z,PTA-01,pressure_hpa,1000.4
514,2026-08-22T10:00:00Z,PTA-01,humidity_pct,62
515,2026-08-22T11:00:00Z,PTA-01,temperature_c,31.1
515,2026-08-22T11:00:00Z,PTA-01,pressure_hpa,1000.1
515,2026-08-22T11:00:00Z,PTA-01,humidity_pct,72
516,2026-08-22T12:00:00Z,PTA-01,temperature_c,32.3
516,2026-08-22T12:00:00Z,PTA-01,pressure_hpa,999.7
516,2026-08-22T12:00:00Z,PTA-01,humidity_pct,66
517,2026-08-22T13:00:00Z,PTA-01,temperature_c,31.2
517,2026-08-22T13:00:00Z,PTA-01,pressure_hpa,1000.3
517,2026-08-22T13:00:00Z,PTA-01,humidity_pct,75
518,2026-08-22T14:00:00Z,PTA-01,temperature_c,30.3
518,2026-08-22T14:00:00Z,PTA-01,pressure_hpa,1001.0
518,2026-08-22T14:00:00Z,PTA-01,humidity_pct,82
519,2026-08-22T15:00:00Z,PTA-01,temperature_c,29.5
519,2026-08-22T15:00:00Z,PTA-01,pressure_hpa,1001.5
519,2026-08-22T15:00:00Z,PTA-01,humidity_pct,84
520,2026-08-22T16:00:00Z,PTA-01,temperature_c,28.9
520,2026-08-22T16:00:00Z,PTA-01,pressure_hpa,1002.3
520,2026-08-22T16:00:00Z,PTA-01,humidity_pct,81
521,2026-08-22T17:00:00Z,PTA-01,temperature_c,28.4
521,2026-08-22T17:00:00Z,PTA-01,pressure_hpa,1002.7
521,2026-08-22T17:00:00Z,PTA-01,humidity_pct,82
522,2026-08-22T18:00:00Z,PTA-01,temperature_c,28.9
522,2026-08-22T18:00:00Z,PTA-01,pressure_hpa,1002.7
522,2026-08-22T18:00:00Z,PTA-01,humidity_pct,87
523,2026-08-22T19:00:00Z,PTA-01,temperature_c,28.2
523,2026-08-22T19:00:00Z,PTA-01,pressure_hpa,1002.4
523,2026-08-22T19:00:00Z,PTA-01,humidity_pct,88
524,2026-08-22T20:00:00Z,PTA-01,temperature_c,27.0
524,2026-08-22T20:00:00Z,PTA-01,pressure_hpa,1002.3
524,2026-08-22T20:00:00Z,PTA-01,humidity_pct,90
525,2026-08-22T21:00:00Z,PTA-01,temperature_c,25.8
525,2026-08-22T21:00:00Z,PTA-01,pressure_hpa,1002.3
525,2026-08-22T21:00:00Z,PTA-01,humidity_pct,95
526,2026-08-22T22:00:00Z,PTA-01,temperature_c,25.6
526,2026-08-22T22:00:00Z,PTA-01,pressure_hpa,1002.9
526,2026-08-22T22:00:00Z,PTA-01,humidity_pct,96
527,2026-08-22T23:00:00Z,PTA-01,temperature_c,25.3
527,2026-08-22T23:00:00Z,PTA-01,pressure_hpa,1003.3
527,2026-08-22T23:00:00Z,PTA-01,humidity_pct,96
528,2026-08-23T00:00:00Z,PTA-01,temperature_c,25.8
528,2026-08-23T00:00:00Z,PTA-01,pressure_hpa,1002.9
528,2026-08-23T00:00:00Z,PTA-01,humidity_pct,93
529,2026-08-23T01:00:00Z,PTA-01,temperature_c,25.7
529,2026-08-23T01:00:00Z,PTA-01,pressure_hpa,1003.2
529,2026-08-23T01:00:00Z,PTA-01,humidity_pct,94
530,2026-08-23T02:00:00Z,PTA-01,temperature_c,26.4
530,2026-08-23T02:00:00Z,PTA-01,pressure_hpa,1004.1
530,2026-08-23T02:00:00Z,PTA-01,humidity_pct,92
531,2026-08-23T03:00:00Z,PTA-01,temperature_c,27.7
531,2026-08-23T03:00:00Z,PTA-01,pressure_hpa,1004.9
531,2026-08-23T03:00:00Z,PTA-01,humidity_pct,87
532,2026-08-23T04:00:00Z,PTA-01,temperature_c,29.2
532,2026-08-23T04:00:00Z,PTA-01,pressure_hpa,1005.0
532,2026-08-23T04:00:00Z,PTA-01,humidity_pct,80
533,2026-08-23T05:00:00Z,PTA-01,temperature_c,30.5
533,2026-08-23T05:00:00Z,PTA-01,pressure_hpa,1005.0
533,2026-08-23T05:00:00Z,PTA-01,humidity_pct,75
534,2026-08-23T06:00:00Z,PTA-01,temperature_c,31.4
534,2026-08-23T06:00:00Z,PTA-01,pressure_hpa,1005.8
534,2026-08-23T06:00:00Z,PTA-01,humidity_pct,69
535,2026-08-23T07:00:00Z,PTA-01,temperature_c,32.4
535,2026-08-23T07:00:00Z,PTA-01,pressure_hpa,1004.5
535,2026-08-23T07:00:00Z,PTA-01,humidity_pct,67
536,2026-08-23T08:00:00Z,PTA-01,temperature_c,32.9
536,2026-08-23T08:00:00Z,PTA-01,pressure_hpa,1003.5
536,2026-08-23T08:00:00Z,PTA-01,humidity_pct,64
537,2026-08-23T09:00:00Z,PTA-01,temperature_c,33.3
537,2026-08-23T09:00:00Z,PTA-01,pressure_hpa,1002.4
537,2026-08-23T09:00:00Z,PTA-01,humidity_pct,61
538,2026-08-23T10:00:00Z,PTA-01,temperature_c,33.5
538,2026-08-23T10:00:00Z,PTA-01,pressure_hpa,1001.8
538,2026-08-23T10:00:00Z,PTA-01,humidity_pct,59
539,2026-08-23T11:00:00Z,PTA-01,temperature_c,33.1
539,2026-08-23T11:00:00Z,PTA-01,pressure_hpa,1001.4
539,2026-08-23T11:00:00Z,PTA-01,humidity_pct,60
540,2026-08-23T12:00:00Z,PTA-01,temperature_c,32.3
540,2026-08-23T12:00:00Z,PTA-01,pressure_hpa,1001.0
540,2026-08-23T12:00:00Z,PTA-01,humidity_pct,67
541,2026-08-23T13:00:00Z,PTA-01,temperature_c,31.0
541,2026-08-23T13:00:00Z,PTA-01,pressure_hpa,1001.6
541,2026-08-23T13:00:00Z,PTA-01,humidity_pct,75
542,2026-08-23T14:00:00Z,PTA-01,temperature_c,30.0
542,2026-08-23T14:00:00Z,PTA-01,pressure_hpa,1002.2
542,2026-08-23T14:00:00Z,PTA-01,humidity_pct,82
543,2026-08-23T15:00:00Z,PTA-01,temperature_c,29.6
543,2026-08-23T15:00:00Z,PTA-01,pressure_hpa,1003.2
543,2026-08-23T15:00:00Z,PTA-01,humidity_pct,84
544,2026-08-23T16:00:00Z,PTA-01,temperature_c,29.2
544,2026-08-23T16:00:00Z,PTA-01,pressure_hpa,1003.9
544,2026-08-23T16:00:00Z,PTA-01,humidity_pct,86
545,2026-08-23T17:00:00Z,PTA-01,temperature_c,28.6
545,2026-08-23T17:00:00Z,PTA-01,pressure_hpa,1003.9
545,2026-08-23T17:00:00Z,PTA-01,humidity_pct,89
546,2026-08-23T18:00:00Z,PTA-01,temperature_c,29.1
546,2026-08-23T18:00:00Z,PTA-01,pressure_hpa,1004.0
546,2026-08-23T18:00:00Z,PTA-01,humidity_pct,84
547,2026-08-23T19:00:00Z,PTA-01,temperature_c,28.6
547,2026-08-23T19:00:00Z,PTA-01,pressure_hpa,1003.9
547,2026-08-23T19:00:00Z,PTA-01,humidity_pct,85
548,2026-08-23T20:00:00Z,PTA-01,temperature_c,28.1
548,2026-08-23T20:00:00Z,PTA-01,pressure_hpa,1003.3
548,2026-08-23T20:00:00Z,PTA-01,humidity_pct,86
549,2026-08-23T21:00:00Z,PTA-01,temperature_c,27.6
549,2026-08-23T21:00:00Z,PTA-01,pressure_hpa,1003.1
549,2026-08-23T21:00:00Z,PTA-01,humidity_pct,88
550,2026-08-23T22:00:00Z,PTA-01,temperature_c,27.4
550,2026-08-23T22:00:00Z,PTA-01,pressure_hpa,1002.8
550,2026-08-23T22:00:00Z,PTA-01,humidity_pct,88
551,2026-08-23T23:00:00Z,PTA-01,temperature_c,27.1
551,2026-08-23T23:00:00Z,PTA-01,pressure_hpa,1002.9
551,2026-08-23T23:00:00Z,PTA-01,humidity_pct,90
552,2026-08-24T00:00:00Z,PTA-01,temperature_c,28.6
552,2026-08-24T00:00:00Z,PTA-01,pressure_hpa,1003.1
552,2026-08-24T00:00:00Z,PTA-01,humidity_pct,83
553,2026-08-24T01:00:00Z,PTA-01,temperature_c,27.8
553,2026-08-24T01:00:00Z,PTA-01,pressure_hpa,1003.9
553,2026-08-24T01:00:00Z,PTA-01,humidity_pct,88
554,2026-08-24T02:00:00Z,PTA-01,temperature_c,28.9
554,2026-08-24T02:00:00Z,PTA-01,pressure_hpa,1003.7
554,2026-08-24T02:00:00Z,PTA-01,humidity_pct,86
555,2026-08-24T03:00:00Z,PTA-01,temperature_c,30.6
555,2026-08-24T03:00:00Z,PTA-01,pressure_hpa,1004.0
555,2026-08-24T03:00:00Z,PTA-01,humidity_pct,78
556,2026-08-24T04:00:00Z,PTA-01,temperature_c,31.7
556,2026-08-24T04:00:00Z,PTA-01,pressure_hpa,1004.1
556,2026-08-24T04:00:00Z,PTA-01,humidity_pct,70
557,2026-08-24T05:00:00Z,PTA-01,temperature_c,32.7
557,2026-08-24T05:00:00Z,PTA-01,pressure_hpa,1004.3
557,2026-08-24T05:00:00Z,PTA-01,humidity_pct,64
558,2026-08-24T06:00:00Z,PTA-01,temperature_c,33.5
558,2026-08-24T06:00:00Z,PTA-01,pressure_hpa,1004.2
558,2026-08-24T06:00:00Z,PTA-01,humidity_pct,57
559,2026-08-24T07:00:00Z,PTA-01,temperature_c,34.1
559,2026-08-24T07:00:00Z,PTA-01,pressure_hpa,1003.7
559,2026-08-24T07:00:00Z,PTA-01,humidity_pct,54
560,2026-08-24T08:00:00Z,PTA-01,temperature_c,34.3
560,2026-08-24T08:00:00Z,PTA-01,pressure_hpa,1002.9
560,2026-08-24T08:00:00Z,PTA-01,humidity_pct,53
561,2026-08-24T09:00:00Z,PTA-01,temperature_c,34.3
561,2026-08-24T09:00:00Z,PTA-01,pressure_hpa,1002.2
561,2026-08-24T09:00:00Z,PTA-01,humidity_pct,53
562,2026-08-24T10:00:00Z,PTA-01,temperature_c,34.0
562,2026-08-24T10:00:00Z,PTA-01,pressure_hpa,1001.7
562,2026-08-24T10:00:00Z,PTA-01,humidity_pct,55
563,2026-08-24T11:00:00Z,PTA-01,temperature_c,33.7
563,2026-08-24T11:00:00Z,PTA-01,pressure_hpa,1001.0
563,2026-08-24T11:00:00Z,PTA-01,humidity_pct,56
564,2026-08-24T12:00:00Z,PTA-01,temperature_c,32.8
564,2026-08-24T12:00:00Z,PTA-01,pressure_hpa,1000.9
564,2026-08-24T12:00:00Z,PTA-01,humidity_pct,64
565,2026-08-24T13:00:00Z,PTA-01,temperature_c,31.6
565,2026-08-24T13:00:00Z,PTA-01,pressure_hpa,1001.3
565,2026-08-24T13:00:00Z,PTA-01,humidity_pct,72
566,2026-08-24T14:00:00Z,PTA-01,temperature_c,30.7
566,2026-08-24T14:00:00Z,PTA-01,pressure_hpa,1001.8
566,2026-08-24T14:00:00Z,PTA-01,humidity_pct,79
567,2026-08-24T15:00:00Z,PTA-01,temperature_c,30.3
567,2026-08-24T15:00:00Z,PTA-01,pressure_hpa,1002.8
567,2026-08-24T15:00:00Z,PTA-01,humidity_pct,80
568,2026-08-24T16:00:00Z,PTA-01,temperature_c,29.7
568,2026-08-24T16:00:00Z,PTA-01,pressure_hpa,1003.7
568,2026-08-24T16:00:00Z,PTA-01,humidity_pct,83
569,2026-08-24T17:00:00Z,PTA-01,temperature_c,29.1
569,2026-08-24T17:00:00Z,PTA-01,pressure_hpa,1003.7
569,2026-08-24T17:00:00Z,PTA-01,humidity_pct,86
570,2026-08-24T18:00:00Z,PTA-01,temperature_c,29.4
570,2026-08-24T18:00:00Z,PTA-01,pressure_hpa,1003.5
570,2026-08-24T18:00:00Z,PTA-01,humidity_pct,86
571,2026-08-24T19:00:00Z,PTA-01,temperature_c,28.8
571,2026-08-24T19:00:00Z,PTA-01,pressure_hpa,1003.6
571,2026-08-24T19:00:00Z,PTA-01,humidity_pct,88
572,2026-08-24T20:00:00Z,PTA-01,temperature_c,28.0
572,2026-08-24T20:00:00Z,PTA-01,pressure_hpa,1003.2
572,2026-08-24T20:00:00Z,PTA-01,humidity_pct,91
573,2026-08-24T21:00:00Z,PTA-01,temperature_c,27.4
573,2026-08-24T21:00:00Z,PTA-01,pressure_hpa,1003.1
573,2026-08-24T21:00:00Z,PTA-01,humidity_pct,90
574,2026-08-24T22:00:00Z,PTA-01,temperature_c,27.0
574,2026-08-24T22:00:00Z,PTA-01,pressure_hpa,1003.1
574,2026-08-24T22:00:00Z,PTA-01,humidity_pct,93
575,2026-08-24T23:00:00Z,PTA-01,temperature_c,26.6
575,2026-08-24T23:00:00Z,PTA-01,pressure_hpa,1003.3
575,2026-08-24T23:00:00Z,PTA-01,humidity_pct,96
576,2026-08-25T00:00:00Z,PTA-01,temperature_c,27.2
576,2026-08-25T00:00:00Z,PTA-01,pressure_hpa,1003.7
576,2026-08-25T00:00:00Z,PTA-01,humidity_pct,87
577,2026-08-25T01:00:00Z,PTA-01,temperature_c,26.8
577,2026-08-25T01:00:00Z,PTA-01,pressure_hpa,1004.0
577,2026-08-25T01:00:00Z,PTA-01,humidity_pct,89
578,2026-08-25T02:00:00Z,PTA-01,temperature_c,28.0
578,2026-08-25T02:00:00Z,PTA-01,pressure_hpa,1004.4
578,2026-08-25T02:00:00Z,PTA-01,humidity_pct,85
579,2026-08-25T03:00:00Z,PTA-01,temperature_c,29.3
579,2026-08-25T03:00:00Z,PTA-01,pressure_hpa,1004.7
579,2026-08-25T03:00:00Z,PTA-01,humidity_pct,80
580,2026-08-25T04:00:00Z,PTA-01,temperature_c,30.4
580,2026-08-25T04:00:00Z,PTA-01,pressure_hpa,1004.9
580,2026-08-25T04:00:00Z,PTA-01,humidity_pct,74
581,2026-08-25T05:00:00Z,PTA-01,temperature_c,31.4
581,2026-08-25T05:00:00Z,PTA-01,pressure_hpa,1005.0
581,2026-08-25T05:00:00Z,PTA-01,humidity_pct,69
582,2026-08-25T06:00:00Z,PTA-01,temperature_c,32.3
582,2026-08-25T06:00:00Z,PTA-01,pressure_hpa,1004.9
582,2026-08-25T06:00:00Z,PTA-01,humidity_pct,67
583,2026-08-25T07:00:00Z,PTA-01,temperature_c,33.2
583,2026-08-25T07:00:00Z,PTA-01,pressure_hpa,1004.5
583,2026-08-25T07:00:00Z,PTA-01,humidity_pct,62
584,2026-08-25T08:00:00Z,PTA-01,temperature_c,33.6
584,2026-08-25T08:00:00Z,PTA-01,pressure_hpa,1003.8
584,2026-08-25T08:00:00Z,PTA-01,humidity_pct,60
585,2026-08-25T09:00:00Z,PTA-01,temperature_c,33.5
585,2026-08-25T09:00:00Z,PTA-01,pressure_hpa,1003.0
585,2026-08-25T09:00:00Z,PTA-01,humidity_pct,61
586,2026-08-25T10:00:00Z,PTA-01,temperature_c,33.4
586,2026-08-25T10:00:00Z,PTA-01,pressure_hpa,1002.3
586,2026-08-25T10:00:00Z,PTA-01,humidity_pct,61
587,2026-08-25T11:00:00Z,PTA-01,temperature_c,33.1
587,2026-08-25T11:00:00Z,PTA-01,pressure_hpa,1002.0
587,2026-08-25T11:00:00Z,PTA-01,humidity_pct,62
588,2026-08-25T12:00:00Z,PTA-01,temperature_c,32.7
588,2026-08-25T12:00:00Z,PTA-01,pressure_hpa,1002.1
588,2026-08-25T12:00:00Z,PTA-01,humidity_pct,63
589,2026-08-25T13:00:00Z,PTA-01,temperature_c,31.4
589,2026-08-25T13:00:00Z,PTA-01,pressure_hpa,1002.5
589,2026-08-25T13:00:00Z,PTA-01,humidity_pct,74
590,2026-08-25T14:00:00Z,PTA-01,temperature_c,30.6
590,2026-08-25T14:00:00Z,PTA-01,pressure_hpa,1003.0
590,2026-08-25T14:00:00Z,PTA-01,humidity_pct,80
591,2026-08-25T15:00:00Z,PTA-01,temperature_c,29.8
591,2026-08-25T15:00:00Z,PTA-01,pressure_hpa,1003.7
591,2026-08-25T15:00:00Z,PTA-01,humidity_pct,83
592,2026-08-25T16:00:00Z,PTA-01,temperature_c,28.9
592,2026-08-25T16:00:00Z,PTA-01,pressure_hpa,1004.0
592,2026-08-25T16:00:00Z,PTA-01,humidity_pct,89
593,2026-08-25T17:00:00Z,PTA-01,temperature_c,28.2
593,2026-08-25T17:00:00Z,PTA-01,pressure_hpa,1003.8
593,2026-08-25T17:00:00Z,PTA-01,humidity_pct,92
594,2026-08-25T18:00:00Z,PTA-01,temperature_c,28.3
594,2026-08-25T18:00:00Z,PTA-01,pressure_hpa,1003.9
594,2026-08-25T18:00:00Z,PTA-01,humidity_pct,91
595,2026-08-25T19:00:00Z,PTA-01,temperature_c,27.6
595,2026-08-25T19:00:00Z,PTA-01,pressure_hpa,1003.9
595,2026-08-25T19:00:00Z,PTA-01,humidity_pct,94
596,2026-08-25T20:00:00Z,PTA-01,temperature_c,27.4
596,2026-08-25T20:00:00Z,PTA-01,pressure_hpa,1003.9
596,2026-08-25T20:00:00Z,PTA-01,humidity_pct,94
597,2026-08-25T21:00:00Z,PTA-01,temperature_c,27.2
597,2026-08-25T21:00:00Z,PTA-01,pressure_hpa,1003.6
597,2026-08-25T21:00:00Z,PTA-01,humidity_pct,95
598,2026-08-25T22:00:00Z,PTA-01,temperature_c,27.0
598,2026-08-25T22:00:00Z,PTA-01,pressure_hpa,1003.2
598,2026-08-25T22:00:00Z,PTA-01,humidity_pct,96
599,2026-08-25T23:00:00Z,PTA-01,temperature_c,26.8
599,2026-08-25T23:00:00Z,PTA-01,pressure_hpa,1003.3
599,2026-08-25T23:00:00Z,PTA-01,humidity_pct,96
600,2026-08-26T00:00:00Z,PTA-01,temperature_c,27.0
600,2026-08-26T00:00:00Z,PTA-01,pressure_hpa,1003.7
600,2026-08-26T00:00:00Z,PTA-01,humidity_pct,97
601,2026-08-26T01:00:00Z,PTA-01,temperature_c,26.8
601,2026-08-26T01:00:00Z,PTA-01,pressure_hpa,1003.8
601,2026-08-26T01:00:00Z,PTA-01,humidity_pct,98
602,2026-08-26T02:00:00Z,PTA-01,temperature_c,28.1
602,2026-08-26T02:00:00Z,PTA-01,pressure_hpa,1004.1
602,2026-08-26T02:00:00Z,PTA-01,humidity_pct,93
603,2026-08-26T03:00:00Z,PTA-01,temperature_c,29.8
603,2026-08-26T03:00:00Z,PTA-01,pressure_hpa,1004.2
603,2026-08-26T03:00:00Z,PTA-01,humidity_pct,84
604,2026-08-26T04:00:00Z,PTA-01,temperature_c,31.2
604,2026-08-26T04:00:00Z,PTA-01,pressure_hpa,1004.2
604,2026-08-26T04:00:00Z,PTA-01,humidity_pct,75
605,2026-08-26T05:00:00Z,PTA-01,temperature_c,32.1
605,2026-08-26T05:00:00Z,PTA-01,pressure_hpa,1004.3
605,2026-08-26T05:00:00Z,PTA-01,humidity_pct,69
606,2026-08-26T06:00:00Z,PTA-01,temperature_c,33.0
606,2026-08-26T06:00:00Z,PTA-01,pressure_hpa,1004.0
606,2026-08-26T06:00:00Z,PTA-01,humidity_pct,60
607,2026-08-26T07:00:00Z,PTA-01,temperature_c,33.5
607,2026-08-26T07:00:00Z,PTA-01,pressure_hpa,1003.3
607,2026-08-26T07:00:00Z,PTA-01,humidity_pct,57
608,2026-08-26T08:00:00Z,PTA-01,temperature_c,33.7
608,2026-08-26T08:00:00Z,PTA-01,pressure_hpa,1002.4
608,2026-08-26T08:00:00Z,PTA-01,humidity_pct,56
609,2026-08-26T09:00:00Z,PTA-01,temperature_c,34.1
609,2026-08-26T09:00:00Z,PTA-01,pressure_hpa,1001.5
609,2026-08-26T09:00:00Z,PTA-01,humidity_pct,56
610,2026-08-26T10:00:00Z,PTA-01,temperature_c,34.0
610,2026-08-26T10:00:00Z,PTA-01,pressure_hpa,1000.7
610,2026-08-26T10:00:00Z,PTA-01,humidity_pct,56
611,2026-08-26T11:00:00Z,PTA-01,temperature_c,33.9
611,2026-08-26T11:00:00Z,PTA-01,pressure_hpa,1000.0
611,2026-08-26T11:00:00Z,PTA-01,humidity_pct,56
612,2026-08-26T12:00:00Z,PTA-01,temperature_c,33.3
612,2026-08-26T12:00:00Z,PTA-01,pressure_hpa,1000.0
612,2026-08-26T12:00:00Z,PTA-01,humidity_pct,62
613,2026-08-26T13:00:00Z,PTA-01,temperature_c,32.0
613,2026-08-26T13:00:00Z,PTA-01,pressure_hpa,1000.5
613,2026-08-26T13:00:00Z,PTA-01,humidity_pct,69
614,2026-08-26T14:00:00Z,PTA-01,temperature_c,31.0
614,2026-08-26T14:00:00Z,PTA-01,pressure_hpa,1000.9
614,2026-08-26T14:00:00Z,PTA-01,humidity_pct,72
615,2026-08-26T15:00:00Z,PTA-01,temperature_c,30.4
615,2026-08-26T15:00:00Z,PTA-01,pressure_hpa,1001.2
615,2026-08-26T15:00:00Z,PTA-01,humidity_pct,75
616,2026-08-26T16:00:00Z,PTA-01,temperature_c,29.6
616,2026-08-26T16:00:00Z,PTA-01,pressure_hpa,1001.6
616,2026-08-26T16:00:00Z,PTA-01,humidity_pct,82
617,2026-08-26T17:00:00Z,PTA-01,temperature_c,29.0
617,2026-08-26T17:00:00Z,PTA-01,pressure_hpa,1002.0
617,2026-08-26T17:00:00Z,PTA-01,humidity_pct,84
618,2026-08-26T18:00:00Z,PTA-01,temperature_c,29.6
618,2026-08-26T18:00:00Z,PTA-01,pressure_hpa,1001.9
618,2026-08-26T18:00:00Z,PTA-01,humidity_pct,87
619,2026-08-26T19:00:00Z,PTA-01,temperature_c,28.9
619,2026-08-26T19:00:00Z,PTA-01,pressure_hpa,1001.8
619,2026-08-26T19:00:00Z,PTA-01,humidity_pct,90
620,2026-08-26T20:00:00Z,PTA-01,temperature_c,28.6
620,2026-08-26T20:00:00Z,PTA-01,pressure_hpa,1001.5
620,2026-08-26T20:00:00Z,PTA-01,humidity_pct,91
621,2026-08-26T21:00:00Z,PTA-01,temperature_c,28.4
621,2026-08-26T21:00:00Z,PTA-01,pressure_hpa,1001.4
621,2026-08-26T21:00:00Z,PTA-01,humidity_pct,92
622,2026-08-26T22:00:00Z,PTA-01,temperature_c,28.2
622,2026-08-26T22:00:00Z,PTA-01,pressure_hpa,1001.3
622,2026-08-26T22:00:00Z,PTA-01,humidity_pct,92
623,2026-08-26T23:00:00Z,PTA-01,temperature_c,28.0
623,2026-08-26T23:00:00Z,PTA-01,pressure_hpa,1001.3
623,2026-08-26T23:00:00Z,PTA-01,humidity_pct,93
624,2026-08-27T00:00:00Z,PTA-01,temperature_c,28.4
624,2026-08-27T00:00:00Z,PTA-01,pressure_hpa,1001.4
624,2026-08-27T00:00:00Z,PTA-01,humidity_pct,90
625,2026-08-27T01:00:00Z,PTA-01,temperature_c,27.9
625,2026-08-27T01:00:00Z,PTA-01,pressure_hpa,1001.7
625,2026-08-27T01:00:00Z,PTA-01,humidity_pct,92
626,2026-08-27T02:00:00Z,PTA-01,temperature_c,29.3
626,2026-08-27T02:00:00Z,PTA-01,pressure_hpa,1001.9
626,2026-08-27T02:00:00Z,PTA-01,humidity_pct,87
627,2026-08-27T03:00:00Z,PTA-01,temperature_c,30.8
627,2026-08-27T03:00:00Z,PTA-01,pressure_hpa,1002.4
627,2026-08-27T03:00:00Z,PTA-01,humidity_pct,77
628,2026-08-27T04:00:00Z,PTA-01,temperature_c,30.9
628,2026-08-27T04:00:00Z,PTA-01,pressure_hpa,1002.9
628,2026-08-27T04:00:00Z,PTA-01,humidity_pct,76
629,2026-08-27T05:00:00Z,PTA-01,temperature_c,32.3
629,2026-08-27T05:00:00Z,PTA-01,pressure_hpa,1002.7
629,2026-08-27T05:00:00Z,PTA-01,humidity_pct,70
630,2026-08-27T06:00:00Z,PTA-01,temperature_c,33.1
630,2026-08-27T06:00:00Z,PTA-01,pressure_hpa,1002.2
630,2026-08-27T06:00:00Z,PTA-01,humidity_pct,65
631,2026-08-27T07:00:00Z,PTA-01,temperature_c,34.2
631,2026-08-27T07:00:00Z,PTA-01,pressure_hpa,1001.7
631,2026-08-27T07:00:00Z,PTA-01,humidity_pct,56
632,2026-08-27T08:00:00Z,PTA-01,temperature_c,34.5
632,2026-08-27T08:00:00Z,PTA-01,pressure_hpa,1000.8
632,2026-08-27T08:00:00Z,PTA-01,humidity_pct,56
633,2026-08-27T09:00:00Z,PTA-01,temperature_c,35.2
633,2026-08-27T09:00:00Z,PTA-01,pressure_hpa,1000.1
633,2026-08-27T09:00:00Z,PTA-01,humidity_pct,51
634,2026-08-27T10:00:00Z,PTA-01,temperature_c,35.0
634,2026-08-27T10:00:00Z,PTA-01,pressure_hpa,999.7
634,2026-08-27T10:00:00Z,PTA-01,humidity_pct,50
635,2026-08-27T11:00:00Z,PTA-01,temperature_c,34.6
635,2026-08-27T11:00:00Z,PTA-01,pressure_hpa,999.4
635,2026-08-27T11:00:00Z,PTA-01,humidity_pct,51
636,2026-08-27T12:00:00Z,PTA-01,temperature_c,34.1
636,2026-08-27T12:00:00Z,PTA-01,pressure_hpa,999.4
636,2026-08-27T12:00:00Z,PTA-01,humidity_pct,58
637,2026-08-27T13:00:00Z,PTA-01,temperature_c,32.5
637,2026-08-27T13:00:00Z,PTA-01,pressure_hpa,999.7
637,2026-08-27T13:00:00Z,PTA-01,humidity_pct,66
638,2026-08-27T14:00:00Z,PTA-01,temperature_c,31.2
638,2026-08-27T14:00:00Z,PTA-01,pressure_hpa,1000.3
638,2026-08-27T14:00:00Z,PTA-01,humidity_pct,74
639,2026-08-27T15:00:00Z,PTA-01,temperature_c,29.8
639,2026-08-27T15:00:00Z,PTA-01,pressure_hpa,1000.9
639,2026-08-27T15:00:00Z,PTA-01,humidity_pct,80
640,2026-08-27T16:00:00Z,PTA-01,temperature_c,28.5
640,2026-08-27T16:00:00Z,PTA-01,pressure_hpa,1001.2
640,2026-08-27T16:00:00Z,PTA-01,humidity_pct,86
641,2026-08-27T17:00:00Z,PTA-01,temperature_c,27.8
641,2026-08-27T17:00:00Z,PTA-01,pressure_hpa,1001.5
641,2026-08-27T17:00:00Z,PTA-01,humidity_pct,90
642,2026-08-27T18:00:00Z,PTA-01,temperature_c,27.6
642,2026-08-27T18:00:00Z,PTA-01,pressure_hpa,1001.5
642,2026-08-27T18:00:00Z,PTA-01,humidity_pct,93
643,2026-08-27T19:00:00Z,PTA-01,temperature_c,27.4
643,2026-08-27T19:00:00Z,PTA-01,pressure_hpa,1001.5
643,2026-08-27T19:00:00Z,PTA-01,humidity_pct,93
644,2026-08-27T20:00:00Z,PTA-01,temperature_c,27.3
644,2026-08-27T20:00:00Z,PTA-01,pressure_hpa,1001.3
644,2026-08-27T20:00:00Z,PTA-01,humidity_pct,94
645,2026-08-27T21:00:00Z,PTA-01,temperature_c,27.0
645,2026-08-27T21:00:00Z,PTA-01,pressure_hpa,1001.2
645,2026-08-27T21:00:00Z,PTA-01,humidity_pct,96
646,2026-08-27T22:00:00Z,PTA-01,temperature_c,26.6
646,2026-08-27T22:00:00Z,PTA-01,pressure_hpa,1001.2
646,2026-08-27T22:00:00Z,PTA-01,humidity_pct,97
647,2026-08-27T23:00:00Z,PTA-01,temperature_c,26.3
647,2026-08-27T23:00:00Z,PTA-01,pressure_hpa,1001.3
647,2026-08-27T23:00:00Z,PTA-01,humidity_pct,98
648,2026-08-28T00:00:00Z,PTA-01,temperature_c,27.1
648,2026-08-28T00:00:00Z,PTA-01,pressure_hpa,1001.7
648,2026-08-28T00:00:00Z,PTA-01,humidity_pct,99
649,2026-08-28T01:00:00Z,PTA-01,temperature_c,26.9
649,2026-08-28T01:00:00Z,PTA-01,pressure_hpa,1002.2
649,2026-08-28T01:00:00Z,PTA-01,humidity_pct,99
650,2026-08-28T02:00:00Z,PTA-01,temperature_c,28.3
650,2026-08-28T02:00:00Z,PTA-01,pressure_hpa,1002.7
650,2026-08-28T02:00:00Z,PTA-01,humidity_pct,93
651,2026-08-28T03:00:00Z,PTA-01,temperature_c,27.1
651,2026-08-28T03:00:00Z,PTA-01,pressure_hpa,1003.4
651,2026-08-28T03:00:00Z,PTA-01,humidity_pct,86
652,2026-08-28T04:00:00Z,PTA-01,temperature_c,27.6
652,2026-08-28T04:00:00Z,PTA-01,pressure_hpa,1002.8
652,2026-08-28T04:00:00Z,PTA-01,humidity_pct,87
653,2026-08-28T05:00:00Z,PTA-01,temperature_c,31.2
653,2026-08-28T05:00:00Z,PTA-01,pressure_hpa,1002.6
653,2026-08-28T05:00:00Z,PTA-01,humidity_pct,71
654,2026-08-28T06:00:00Z,PTA-01,temperature_c,33.1
654,2026-08-28T06:00:00Z,PTA-01,pressure_hpa,1002.5
654,2026-08-28T06:00:00Z,PTA-01,humidity_pct,59
655,2026-08-28T07:00:00Z,PTA-01,temperature_c,33.9
655,2026-08-28T07:00:00Z,PTA-01,pressure_hpa,1001.9
655,2026-08-28T07:00:00Z,PTA-01,humidity_pct,54
656,2026-08-28T08:00:00Z,PTA-01,temperature_c,34.4
656,2026-08-28T08:00:00Z,PTA-01,pressure_hpa,1001.1
656,2026-08-28T08:00:00Z,PTA-01,humidity_pct,52
657,2026-08-28T09:00:00Z,PTA-01,temperature_c,34.5
657,2026-08-28T09:00:00Z,PTA-01,pressure_hpa,1000.4
657,2026-08-28T09:00:00Z,PTA-01,humidity_pct,52
658,2026-08-28T10:00:00Z,PTA-01,temperature_c,34.3
658,2026-08-28T10:00:00Z,PTA-01,pressure_hpa,999.7
658,2026-08-28T10:00:00Z,PTA-01,humidity_pct,53
659,2026-08-28T11:00:00Z,PTA-01,temperature_c,34.1
659,2026-08-28T11:00:00Z,PTA-01,pressure_hpa,999.2
659,2026-08-28T11:00:00Z,PTA-01,humidity_pct,54
660,2026-08-28T12:00:00Z,PTA-01,temperature_c,33.8
660,2026-08-28T12:00:00Z,PTA-01,pressure_hpa,999.0
660,2026-08-28T12:00:00Z,PTA-01,humidity_pct,57
661,2026-08-28T13:00:00Z,PTA-01,temperature_c,32.4
661,2026-08-28T13:00:00Z,PTA-01,pressure_hpa,999.3
661,2026-08-28T13:00:00Z,PTA-01,humidity_pct,64
662,2026-08-28T14:00:00Z,PTA-01,temperature_c,31.4
662,2026-08-28T14:00:00Z,PTA-01,pressure_hpa,999.6
662,2026-08-28T14:00:00Z,PTA-01,humidity_pct,68
663,2026-08-28T15:00:00Z,PTA-01,temperature_c,30.8
663,2026-08-28T15:00:00Z,PTA-01,pressure_hpa,1000.5
663,2026-08-28T15:00:00Z,PTA-01,humidity_pct,70
664,2026-08-28T16:00:00Z,PTA-01,temperature_c,30.2
664,2026-08-28T16:00:00Z,PTA-01,pressure_hpa,1001.1
664,2026-08-28T16:00:00Z,PTA-01,humidity_pct,72
665,2026-08-28T17:00:00Z,PTA-01,temperature_c,29.6
665,2026-08-28T17:00:00Z,PTA-01,pressure_hpa,1001.5
665,2026-08-28T17:00:00Z,PTA-01,humidity_pct,75
666,2026-08-28T18:00:00Z,PTA-01,temperature_c,29.9
666,2026-08-28T18:00:00Z,PTA-01,pressure_hpa,1001.3
666,2026-08-28T18:00:00Z,PTA-01,humidity_pct,76
667,2026-08-28T19:00:00Z,PTA-01,temperature_c,29.2
667,2026-08-28T19:00:00Z,PTA-01,pressure_hpa,1001.1
667,2026-08-28T19:00:00Z,PTA-01,humidity_pct,79
668,2026-08-28T20:00:00Z,PTA-01,temperature_c,28.7
668,2026-08-28T20:00:00Z,PTA-01,pressure_hpa,1000.8
668,2026-08-28T20:00:00Z,PTA-01,humidity_pct,79
669,2026-08-28T21:00:00Z,PTA-01,temperature_c,28.3
669,2026-08-28T21:00:00Z,PTA-01,pressure_hpa,1000.4
669,2026-08-28T21:00:00Z,PTA-01,humidity_pct,81
670,2026-08-28T22:00:00Z,PTA-01,temperature_c,28.0
670,2026-08-28T22:00:00Z,PTA-01,pressure_hpa,1000.2
670,2026-08-28T22:00:00Z,PTA-01,humidity_pct,84
671,2026-08-28T23:00:00Z,PTA-01,temperature_c,27.7
671,2026-08-28T23:00:00Z,PTA-01,pressure_hpa,1000.6
671,2026-08-28T23:00:00Z,PTA-01,humidity_pct,85
